x,y,z,boundary_left,boundary_right,velocity_long_ref,kappa,yaw_angle,yaw_angle_error,lat_deviation,arc_progress,time,yaw_angle_dot,velocity_lat,acceleration_long,acceleration_lat,force_long_fl,force_long_fr,force_long_rl,force_long_rr,steering_angle,steering_angle_dot
0,0.0,0,0.86,-0.86,3,0,0,0,0,0,0,0,0,0,0,0,0,0,0,0,0
0.0998627916,0.0,0,0.86,-0.86,3,0,0,0,0,0.0998627889,0,0,0,0,0,0,0,0,0,0,0
0.199725583,0.0,0,0.86,-0.86,3,0,0,0,0,0.199725578,0,0,0,0,0,0,0,0,0,0,0
0.299588352,0.0,0,0.86,-0.86,3,0,0,0,0,0.299588367,0,0,0,0,0,0,0,0,0,0,0
0.399451166,0.0,0,0.86,-0.86,3,0,0,0,0,0.399451156,0,0,0,0,0,0,0,0,0,0,0
0.499313951,0.0,0,0.86,-0.86,3,0,0,0,0,0.499313945,0,0,0,0,0,0,0,0,0,0,0
0.599176705,0.0,0,0.86,-0.86,3,0,0,0,0,0.599176734,0,0,0,0,0,0,0,0,0,0,0
0.699039519,0.0,0,0.86,-0.86,3,0,0,0,0,0.699039522,0,0,0,0,0,0,0,0,0,0,0
0.798902333,0.0,0,0.86,-0.86,3,0,0,0,0,0.798902311,0,0,0,0,0,0,0,0,0,0,0
0.898765087,0.0,0,0.86,-0.86,3,0,0,0,0,0.8987651,0,0,0,0,0,0,0,0,0,0,0
0.998627901,0.0,0,0.86,-0.86,3,0,0,0,0,0.998627889,0,0,0,0,0,0,0,0,0,0,0
1.09849072,0.0,0,0.86,-0.86,3,0,0,0,0,1.09849068,0,0,0,0,0,0,0,0,0,0,0
1.19835341,0.0,0,0.86,-0.86,3,0,0,0,0,1.19835347,0,0,0,0,0,0,0,0,0,0,0
1.29821622,0.0,0,0.86,-0.86,3,0,0,0,0,1.29821626,0,0,0,0,0,0,0,0,0,0,0
1.39807904,0.0,0,0.86,-0.86,3,0,0,0,0,1.39807904,0,0,0,0,0,0,0,0,0,0,0
1.49794185,0.0,0,0.86,-0.86,3,0,0,0,0,1.49794183,0,0,0,0,0,0,0,0,0,0,0
1.59780467,0.0,0,0.86,-0.86,3,0,0,0,0,1.59780462,0,0,0,0,0,0,0,0,0,0,0
1.69766736,0.0,0,0.86,-0.86,3,0,0,0,0,1.69766741,0,0,0,0,0,0,0,0,0,0,0
1.79753017,0.0,0,0.86,-0.86,3,0,0,0,0,1.7975302,0,0,0,0,0,0,0,0,0,0,0
1.89739299,0.0,0,0.86,-0.86,3,0,0,0,0,1.89739299,0,0,0,0,0,0,0,0,0,0,0
1.9972558,0.0,0,0.86,-0.86,3,0,0,0,0,1.99725578,0,0,0,0,0,0,0,0,0,0,0
2.09711862,0.0,0,0.86,-0.86,3,0,0,0,0,2.09711857,0,0,0,0,0,0,0,0,0,0,0
2.19698143,0.0,0,0.86,-0.86,3,0,0,0,0,2.19698136,0,0,0,0,0,0,0,0,0,0,0
2.29684424,0.0,0,0.86,-0.86,3,0,0,0,0,2.29684415,0,0,0,0,0,0,0,0,0,0,0
2.39670682,0.0,0,0.86,-0.86,3,0,0,0,0,2.39670693,0,0,0,0,0,0,0,0,0,0,0
2.49656963,0.0,0,0.86,-0.86,3,0,0,0,0,2.49656972,0,0,0,0,0,0,0,0,0,0,0
2.59643245,0.0,0,0.86,-0.86,3,0,0,0,0,2.59643251,0,0,0,0,0,0,0,0,0,0,0
2.69629526,0.0,0,0.86,-0.86,3,0,0,0,0,2.6962953,0,0,0,0,0,0,0,0,0,0,0
2.79615808,0.0,0,0.86,-0.86,3,0,0,0,0,2.79615809,0,0,0,0,0,0,0,0,0,0,0
2.89602089,0.0,0,0.86,-0.86,3,0,0,0,0,2.89602088,0,0,0,0,0,0,0,0,0,0,0
2.9958837,0.0,0,0.86,-0.86,3,0,0,0,0,2.99588367,0,0,0,0,0,0,0,0,0,0,0
3.09574652,0.0,0,0.86,-0.86,3,0,0,0,0,3.09574646,0,0,0,0,0,0,0,0,0,0,0
3.19560933,0.0,0,0.86,-0.86,3,0,0,0,0,3.19560925,0,0,0,0,0,0,0,0,0,0,0
3.29547215,0.0,0,0.86,-0.86,3,0,0,0,0,3.29547203,0,0,0,0,0,0,0,0,0,0,0
3.39533472,0.0,0,0.86,-0.86,3,0,0,0,0,3.39533482,0,0,0,0,0,0,0,0,0,0,0
3.49519753,0.0,0,0.86,-0.86,3,0,0,0,0,3.49519761,0,0,0,0,0,0,0,0,0,0,0
3.59506035,0.0,0,0.86,-0.86,3,0,0,0,0,3.5950604,0,0,0,0,0,0,0,0,0,0,0
3.69492316,0.0,0,0.86,-0.86,3,0,0,0,0,3.69492319,0,0,0,0,0,0,0,0,0,0,0
3.79478598,0.0,0,0.86,-0.86,3,0,0,0,0,3.79478598,0,0,0,0,0,0,0,0,0,0,0
3.89464879,0.0,0,0.86,-0.86,3,0,0,0,0,3.89464877,0,0,0,0,0,0,0,0,0,0,0
3.9945116,0.0,0,0.86,-0.86,3,0,0,0,0,3.99451156,0,0,0,0,0,0,0,0,0,0,0
4.09437418,0.0,0,0.86,-0.86,3,0,0,0,0,4.09437435,0,0,0,0,0,0,0,0,0,0,0
4.19423723,0.0,0,0.86,-0.86,3,0,0,0,0,4.19423713,0,0,0,0,0,0,0,0,0,0,0
4.29409981,0.0,0,0.86,-0.86,3,0,0,0,0,4.29409992,0,0,0,0,0,0,0,0,0,0,0
4.39396286,0.0,0,0.86,-0.86,3,0,0,0,0,4.39396271,0,0,0,0,0,0,0,0,0,0,0
4.49382544,0.0,0,0.86,-0.86,3,0,0,0,0,4.4938255,0,0,0,0,0,0,0,0,0,0,0
4.59368849,0.0,0,0.86,-0.86,3,0,0,0,0,4.59368829,0,0,0,0,0,0,0,0,0,0,0
4.69355106,0.0,0,0.86,-0.86,3,0,0,0,0,4.69355108,0,0,0,0,0,0,0,0,0,0,0
4.79341364,0.0,0,0.86,-0.86,3,0,0,0,0,4.79341387,0,0,0,0,0,0,0,0,0,0,0
4.89327669,0.0,0,0.86,-0.86,3,0,0,0,0,4.89327666,0,0,0,0,0,0,0,0,0,0,0
4.99313927,0.0,0,0.86,-0.86,3,0,0,0,0,4.99313945,0,0,0,0,0,0,0,0,0,0,0
5.09300232,0.0,0,0.86,-0.86,3,0,0,0,0,5.09300223,0,0,0,0,0,0,0,0,0,0,0
5.19286489,0.0,0,0.86,-0.86,3,0,0,0,0,5.19286502,0,0,0,0,0,0,0,0,0,0,0
5.29272795,0.0,0,0.86,-0.86,3,0,0,0,0,5.29272781,0,0,0,0,0,0,0,0,0,0,0
5.39259052,0.0,0,0.86,-0.86,3,0,0,0,0,5.3925906,0,0,0,0,0,0,0,0,0,0,0
5.49245358,0.0,0,0.86,-0.86,3,0,0,0,0,5.49245339,0,0,0,0,0,0,0,0,0,0,0
5.59231615,0.0,0,0.86,-0.86,3,0,0,0,0,5.59231618,0,0,0,0,0,0,0,0,0,0,0
5.6921792,0.0,0,0.86,-0.86,3,0,0,0,0,5.69217897,0,0,0,0,0,0,0,0,0,0,0
5.79204178,0.0,0,0.86,-0.86,3,0,0,0,0,5.79204176,0,0,0,0,0,0,0,0,0,0,0
5.89190435,0.0,0,0.86,-0.86,3,0,0,0,0,5.89190455,0,0,0,0,0,0,0,0,0,0,0
5.99176741,0.0,0,0.86,-0.86,3,0,0,0,0,5.99176734,0,0,0,0,0,0,0,0,0,0,0
6.09162998,0.0,0,0.86,-0.86,3,0,0,0,0,6.09163012,0,0,0,0,0,0,0,0,0,0,0
6.19149303,0.0,0,0.86,-0.86,3,0,0,0,0,6.19149291,0,0,0,0,0,0,0,0,0,0,0
6.29135561,0.0,0,0.86,-0.86,3,0,0,0,0,6.2913557,0,0,0,0,0,0,0,0,0,0,0
6.39121866,0.0,0,0.86,-0.86,3,0,0,0,0,6.39121849,0,0,0,0,0,0,0,0,0,0,0
6.49108124,0.0,0,0.86,-0.86,3,0,0,0,0,6.49108128,0,0,0,0,0,0,0,0,0,0,0
6.59094429,0.0,0,0.86,-0.86,3,0,0,0,0,6.59094407,0,0,0,0,0,0,0,0,0,0,0
6.69080687,0.0,0,0.86,-0.86,3,0,0,0,0,6.69080686,0,0,0,0,0,0,0,0,0,0,0
6.79066944,0.0,0,0.86,-0.86,3,0,0,0,0,6.79066965,0,0,0,0,0,0,0,0,0,0,0
6.89053249,0.0,0,0.86,-0.86,3,0,0,0,0,6.89053244,0,0,0,0,0,0,0,0,0,0,0
6.99039507,0.0,0,0.86,-0.86,3,0,0,0,0,6.99039522,0,0,0,0,0,0,0,0,0,0,0
7.09025812,0.0,0,0.86,-0.86,3,0,0,0,0,7.09025801,0,0,0,0,0,0,0,0,0,0,0
7.1901207,0.0,0,0.86,-0.86,3,0,0,0,0,7.1901208,0,0,0,0,0,0,0,0,0,0,0
7.28998375,0.0,0,0.86,-0.86,3,0,0,0,0,7.28998359,0,0,0,0,0,0,0,0,0,0,0
7.38984632,0.0,0,0.86,-0.86,3,0,0,0,0,7.38984638,0,0,0,0,0,0,0,0,0,0,0
7.48970938,0.0,0,0.86,-0.86,3,0,0,0,0,7.48970917,0,0,0,0,0,0,0,0,0,0,0
7.58957195,0.0,0,0.86,-0.86,3,0,0,0,0,7.58957196,0,0,0,0,0,0,0,0,0,0,0
7.68943453,0.0,0,0.86,-0.86,3,0,0,0,0,7.68943475,0,0,0,0,0,0,0,0,0,0,0
7.78929758,0.0,0,0.86,-0.86,3,0,0,0,0,7.78929754,0,0,0,0,0,0,0,0,0,0,0
7.88916016,0.0,0,0.86,-0.86,3,0,0,0,0,7.88916032,0,0,0,0,0,0,0,0,0,0,0
7.98902321,0.0,0,0.86,-0.86,3,-0,0,0,0,7.98902311,0,-0,0,0,0,0,0,0,0,0,0
8.08888626,0.0,0,0.86,-0.86,3,0,0,0,0,8.0888859,0,0,0,0,0,0,0,0,0,0,0
8.18874836,0.0,0,0.86,-0.86,3,0,0,0,0,8.18874869,0,0,0,0,0,0,0,0,0,0,0
8.28861141,0.0,0,0.86,-0.86,3,-0,0,0,0,8.28861148,0,-0,0,0,0,0,0,0,0,0,0
8.38847446,0.0,0,0.86,-0.86,3,0,0,0,0,8.38847427,0,0,0,0,0,0,0,0,0,0,0
8.48833752,0.0,0,0.86,-0.86,3,0,0,0,0,8.48833706,0,0,0,0,0,0,0,0,0,0,0
8.58819962,0.0,0,0.86,-0.86,3,0,0,0,0,8.58819985,0,0,0,0,0,0,0,0,0,0,0
8.68806267,0.0,0,0.86,-0.86,3,-0,0,0,0,8.68806264,0,-0,0,0,0,0,0,0,0,0,0
8.78792572,0.0,0,0.86,-0.86,3,0,0,0,0,8.78792542,0,0,0,0,0,0,0,0,0,0,0
8.88778782,0.0,0,0.86,-0.86,3,-0,0,0,0,8.88778821,0,-0,0,0,0,0,0,0,0,0,0
8.98765087,0.0,0,0.86,-0.86,3,0,0,0,0,8.987651,0,0,0,0,0,0,0,0,0,0,0
9.08751392,0.0,0,0.86,-0.86,3,0,0,0,0,9.08751379,0,0,0,0,0,0,0,0,0,0,0
9.18737698,0.0,0,0.86,-0.86,3,-0,0,0,0,9.18737658,0,-0,0,0,0,0,0,0,0,0,0
9.28723907,0.0,0,0.86,-0.86,3,0,0,0,0,9.28723937,0,0,0,0,0,0,0,0,0,0,0
9.38710213,0.0,0,0.86,-0.86,3,0,0,0,0,9.38710216,0,0,0,0,0,0,0,0,0,0,0
9.48696518,0.0,0,0.86,-0.86,3,-0,0,0,0,9.48696495,0,-0,0,0,0,0,0,0,0,0,0
9.58682728,0.0,0,0.86,-0.86,3,-0.00012104585,-6.05841588e-06,0,0,9.58682774,0,-0.000363137549,0,0,0,0,0,0,0,0,0
9.68692875,1.211464e-06,0,0.86,-0.86,3,-0.000725411849,-4.84096501e-05,0,0,9.68692877,0,-0.00217623555,0,0,0,0,0,0,0,0,0
9.78703022,9.69171197e-06,0,0.86,-0.86,3,-0.0014508237,-0.000157331363,0,0,9.7870298,0,-0.00435247111,0,0,0,0,0,0,0,0,0
9.88713074,3.27095258e-05,0,0.86,-0.86,3,-0.00217623557,-0.000338867551,0,0,9.88713083,0,-0.00652870671,0,0,0,0,0,0,0,0,0
9.98723221,7.75336957e-05,0,0.86,-0.86,3,-0.00290164745,-0.000593018214,0,0,9.98723187,0,-0.00870494236,0,0,0,0,0,0,0,0,0
10.0873327,0.000151432992,0,0.86,-0.86,3,-0.00362705936,-0.000919783352,0,0,10.0873329,0,-0.0108811781,0,0,0,0,0,0,0,0,0
10.1874342,0.000261676178,0,0.86,-0.86,3,-0.00435247129,-0.00131916297,0,0,10.1874339,0,-0.0130574139,0,0,0,0,0,0,0,0,0
10.2875347,0.000415532064,0,0.86,-0.86,3,-0.00507788326,-0.00179115705,0,0,10.287535,0,-0.0152336498,0,0,0,0,0,0,0,0,0
10.3876352,0.000620269333,0,0.86,-0.86,3,-0.00580329527,-0.00233576562,0,0,10.387636,0,-0.0174098858,0,0,0,0,0,0,0,0,0
10.4877367,0.000883156725,0,0.86,-0.86,3,-0.00652870733,-0.00295298866,0,0,10.487737,0,-0.019586122,0,0,0,0,0,0,0,0,0
10.5878372,0.00121146289,0,0.86,-0.86,3,-0.00725411943,-0.00364282617,0,0,10.5878381,0,-0.0217623583,0,0,0,0,0,0,0,0,0
10.6879368,0.0016124564,0,0.86,-0.86,3,-0.0079795316,-0.00440527816,0,0,10.6879391,0,-0.0239385948,0,0,0,0,0,0,0,0,0
10.7880373,0.0020934057,0,0.86,-0.86,3,-0.00870494383,-0.00524034462,0,0,10.7880401,0,-0.0261148315,0,0,0,0,0,0,0,0,0
10.8881359,0.00266157929,0,0.86,-0.86,3,-0.00943035612,-0.00614802556,0,0,10.8881411,0,-0.0282910684,0,0,0,0,0,0,0,0,0
10.9882355,0.0033242451,0,0.86,-0.86,3,-0.0101557685,-0.00712832098,0,0,10.9882422,0,-0.0304673055,0,0,0,0,0,0,0,0,0
11.0883331,0.00408867141,0,0.86,-0.86,3,-0.0108811809,-0.00818123087,0,0,11.0883432,0,-0.0326435428,0,0,0,0,0,0,0,0,0
11.1884308,0.00496212579,0,0.86,-0.86,3,-0.0116065935,-0.00930675523,0,0,11.1884442,0,-0.0348197804,0,0,0,0,0,0,0,0,0
11.2885265,0.00595187582,0,0.86,-0.86,3,-0.0123320061,-0.0105048941,0,0,11.2885453,0,-0.0369960183,0,0,0,0,0,0,0,0,0
11.3886213,0.00706518814,0,0.86,-0.86,3,-0.0130574188,-0.0117756474,0,0,11.3886463,0,-0.0391722565,0,0,0,0,0,0,0,0,0
11.4887142,0.00830932986,0,0.86,-0.86,3,-0.0137828317,-0.0131190152,0,0,11.4887473,0,-0.041348495,0,0,0,0,0,0,0,0,0
11.5888062,0.00969156623,0,0.86,-0.86,3,-0.0145082446,-0.0145349974,0,0,11.5888483,0,-0.0435247338,0,0,0,0,0,0,0,0,0
11.6888952,0.0112191625,0,0.86,-0.86,3,-0.0152336577,-0.0160235942,0,0,11.6889494,0,-0.045700973,0,0,0,0,0,0,0,0,0
11.7889824,0.0128993839,0,0.86,-0.86,3,-0.0159590708,-0.0175848054,0,0,11.7890504,0,-0.0478772125,0,0,0,0,0,0,0,0,0
11.8890667,0.0147394938,0,0.86,-0.86,3,-0.0166844841,-0.0192186311,0,0,11.8891514,0,-0.0500534524,0,0,0,0,0,0,0,0,0
11.9891472,0.0167467557,0,0.86,-0.86,3,-0.0174098976,-0.0209250713,0,0,11.9892524,0,-0.0522296927,0,0,0,0,0,0,0,0,0
12.0892248,0.0189284291,0,0.86,-0.86,3,-0.0181353111,-0.0227041259,0,0,12.0893534,0,-0.0544059334,0,0,0,0,0,0,0,0,0
12.1892977,0.0212917756,0,0.86,-0.86,3,-0.0188607248,-0.024555795,0,0,12.1894545,0,-0.0565821745,0,0,0,0,0,0,0,0,0
12.2893667,0.0238440521,0,0.86,-0.86,3,-0.0195861387,-0.0264800786,0,0,12.2895555,0,-0.0587584161,0,0,0,0,0,0,0,0,0
12.3894291,0.0265925191,0,0.86,-0.86,3,-0.0203115527,-0.0284769767,0,0,12.3896565,0,-0.0609346582,0,0,0,0,0,0,0,0,0
12.4894867,0.029544428,0,0.86,-0.86,3,-0.0210369669,-0.0305464892,0,0,12.4897575,0,-0.0631109007,0,0,0,0,0,0,0,0,0
12.5895376,0.0327070318,0,0.86,-0.86,3,-0.0217623812,-0.0326886162,0,0,12.5898585,0,-0.0652871437,0,0,0,0,0,0,0,0,0
12.6895819,0.0360875838,0,0.86,-0.86,3,-0.0224877958,-0.0349033577,0,0,12.6899595,0,-0.0674633873,0,0,0,0,0,0,0,0,0
12.7896185,0.0396933332,0,0.86,-0.86,3,-0.0232132105,-0.0371907137,0,0,12.7900605,0,-0.0696396314,0,0,0,0,0,0,0,0,0
12.8896456,0.0435315222,0,0.86,-0.86,3,-0.0239386253,-0.0395506841,0,0,12.8901616,0,-0.071815876,0,0,0,0,0,0,0,0,0
12.9896631,0.0476093888,0,0.86,-0.86,3,-0.0246640404,-0.041983269,0,0,12.9902626,0,-0.0739921212,0,0,0,0,0,0,0,0,0
13.0896711,0.0519341789,0,0.86,-0.86,3,-0.0253894557,-0.0444884684,0,0,13.0903636,0,-0.076168367,0,0,0,0,0,0,0,0,0
13.1896667,0.0565131269,0,0.86,-0.86,3,-0.0261148711,-0.0470662823,0,0,13.1904646,0,-0.0783446134,0,0,0,0,0,0,0,0,0
13.2896509,0.0613534562,0,0.86,-0.86,3,-0.0268402868,-0.0497167106,0,0,13.2905656,0,-0.0805208604,0,0,0,0,0,0,0,0,0
13.3896217,0.066462405,0,0.86,-0.86,3,-0.0275657027,-0.0524397535,0,0,13.3906666,0,-0.082697108,0,0,0,0,0,0,0,0,0
13.4895773,0.071847178,0,0.86,-0.86,3,-0.0282911188,-0.0552354108,0,0,13.4907676,0,-0.0848733563,0,0,0,0,0,0,0,0,0
13.5895176,0.0775150061,0,0.86,-0.86,3,-0.0290165351,-0.0581036825,0,0,13.5908686,0,-0.0870496053,0,0,0,0,0,0,0,0,0
13.6894417,0.0834730938,0,0.86,-0.86,3,-0.0297419517,-0.0610445688,0,0,13.6909696,0,-0.089225855,0,0,0,0,0,0,0,0,0
13.7893467,0.0897286534,0,0.86,-0.86,3,-0.0304673684,-0.0640580695,0,0,13.7910706,0,-0.0914021053,0,0,0,0,0,0,0,0,0
13.8892326,0.0962888673,0,0.86,-0.86,3,-0.0311927855,-0.0671441847,0,0,13.8911716,0,-0.0935783564,0,0,0,0,0,0,0,0,0
13.9890976,0.103160933,0,0.86,-0.86,3,-0.0319182027,-0.0703029143,0,0,13.9912726,0,-0.0957546082,0,0,0,0,0,0,0,0,0
14.0889397,0.110352039,0,0.86,-0.86,3,-0.0326436203,-0.0735342585,0,0,14.0913735,0,-0.0979308608,0,0,0,0,0,0,0,0,0
14.1887579,0.117869355,0,0.86,-0.86,3,-0.0333690381,-0.0768382171,0,0,14.1914745,0,-0.100107114,0,0,0,0,0,0,0,0,0
14.2885513,0.125720054,0,0.86,-0.86,3,-0.0340944561,-0.0802147902,0,0,14.2915755,0,-0.102283368,0,0,0,0,0,0,0,0,0
14.3883162,0.133911267,0,0.86,-0.86,3,-0.0348198744,-0.0836639778,0,0,14.3916765,0,-0.104459623,0,0,0,0,0,0,0,0,0
14.4880524,0.142450184,0,0.86,-0.86,3,-0.035545293,-0.0871857798,0,0,14.4917775,0,-0.106635879,0,0,0,0,0,0,0,0,0
14.5877571,0.151343912,0,0.86,-0.86,3,-0.0362707119,-0.0907801963,0,0,14.5918785,0,-0.108812136,0,0,0,0,0,0,0,0,0
14.6874294,0.160599574,0,0.86,-0.86,3,-0.0369961311,-0.0944472273,0,0,14.6919794,0,-0.110988393,0,0,0,0,0,0,0,0,0
14.7870665,0.170224294,0,0.86,-0.86,3,-0.0377215505,-0.0981868728,0,0,14.7920804,0,-0.113164652,0,0,0,0,0,0,0,0,0
14.8866673,0.180225164,0,0.86,-0.86,3,-0.0384469703,-0.101999133,0,0,14.8921814,0,-0.115340911,0,0,0,0,0,0,0,0,0
14.986228,0.190609291,0,0.86,-0.86,3,-0.0391723903,-0.105884007,0,0,14.9922824,0,-0.117517171,0,0,0,0,0,0,0,0,0
15.0857468,0.201383725,0,0.86,-0.86,3,-0.0398978107,-0.109841496,0,0,15.0923833,0,-0.119693432,0,0,0,0,0,0,0,0,0
15.1852226,0.212555528,0,0.86,-0.86,3,-0.0406232314,-0.113871599,0,0,15.1924843,0,-0.121869694,0,0,0,0,0,0,0,0,0
15.2846518,0.224131763,0,0.86,-0.86,3,-0.0413486524,-0.117974317,0,0,15.2925852,0,-0.124045957,0,0,0,0,0,0,0,0,0
15.3840322,0.236119419,0,0.86,-0.86,3,-0.0420740737,-0.12214965,0,0,15.3926862,0,-0.126222221,0,0,0,0,0,0,0,0,0
15.4833622,0.24852553,0,0.86,-0.86,3,-0.0427994954,-0.126397596,0,0,15.4927872,0,-0.128398486,0,0,0,0,0,0,0,0,0
15.5826368,0.261357069,0,0.86,-0.86,3,-0.0435249174,-0.130718158,0,0,15.5928881,0,-0.130574752,0,0,0,0,0,0,0,0,0
15.6818552,0.27462104,0,0.86,-0.86,3,-0.0442503397,-0.135111333,0,0,15.6929891,0,-0.132751019,0,0,0,0,0,0,0,0,0
15.7810135,0.288324326,0,0.86,-0.86,3,-0.0449757624,-0.139577124,0,0,15.79309,0,-0.134927287,0,0,0,0,0,0,0,0,0
15.8801098,0.302473903,0,0.86,-0.86,3,-0.0457011855,-0.144115528,0,0,15.893191,0,-0.137103556,0,0,0,0,0,0,0,0,0
15.9791393,0.317076683,0,0.86,-0.86,3,-0.0464266089,-0.148726547,0,0,15.9932919,0,-0.139279827,0,0,0,0,0,0,0,0,0
16.0781002,0.332139522,0,0.86,-0.86,3,-0.0471520326,-0.153410181,0,0,16.0933929,0,-0.141456098,0,0,0,0,0,0,0,0,0
16.1769905,0.347669274,0,0.86,-0.86,3,-0.0478774568,-0.158166429,0,0,16.1934938,0,-0.14363237,0,0,0,0,0,0,0,0,0
16.2758026,0.363672793,0,0.86,-0.86,3,-0.0486028813,-0.162995292,0,0,16.2935947,0,-0.145808644,0,0,0,0,0,0,0,0,0
16.3745384,0.380156845,0,0.86,-0.86,3,-0.0493283062,-0.167896769,0,0,16.3936957,0,-0.147984919,0,0,0,0,0,0,0,0,0
16.4731903,0.397128224,0,0.86,-0.86,3,-0.0500537315,-0.17287086,0,0,16.4937966,0,-0.150161195,0,0,0,0,0,0,0,0,0
16.5717545,0.414593697,0,0.86,-0.86,3,-0.0507791572,-0.177917566,0,0,16.5938975,0,-0.152337472,0,0,0,0,0,0,0,0,0
16.6702309,0.432559907,0,0.86,-0.86,3,-0.0515045833,-0.183036887,0,0,16.6939984,0,-0.15451375,0,0,0,0,0,0,0,0,0
16.7686119,0.451033622,0,0.86,-0.86,3,-0.0522300098,-0.188228822,0,0,16.7940994,0,-0.15669003,0,0,0,0,0,0,0,0,0
16.8668957,0.470021427,0,0.86,-0.86,3,-0.0529554368,-0.193493371,0,0,16.8942003,0,-0.15886631,0,0,0,0,0,0,0,0,0
16.9650764,0.489529938,0,0.86,-0.86,3,-0.0536808641,-0.198830535,0,0,16.9943012,0,-0.161042592,0,0,0,0,0,0,0,0,0
17.0631523,0.509565771,0,0.86,-0.86,3,-0.0544062919,-0.204240314,0,0,17.0944021,0,-0.163218876,0,0,0,0,0,0,0,0,0
17.1611176,0.530135393,0,0.86,-0.86,3,-0.0551317201,-0.209722706,0,0,17.194503,0,-0.16539516,0,0,0,0,0,0,0,0,0
17.2589664,0.551245332,0,0.86,-0.86,3,-0.0558571487,-0.215277714,0,0,17.2946039,0,-0.167571446,0,0,0,0,0,0,0,0,0
17.3566971,0.572902083,0,0.86,-0.86,3,-0.0565825778,-0.220905336,0,0,17.3947048,0,-0.169747733,0,0,0,0,0,0,0,0,0
17.4543018,0.595111966,0,0.86,-0.86,3,-0.0573080073,-0.226605572,0,0,17.4948057,0,-0.171924022,0,0,0,0,0,0,0,0,0
17.5517788,0.617881477,0,0.86,-0.86,3,-0.0580334372,-0.232378423,0,0,17.5949066,0,-0.174100312,0,0,0,0,0,0,0,0,0
17.6491222,0.641216815,0,0.86,-0.86,3,-0.0587588677,-0.238223888,0,0,17.6950075,0,-0.176276603,0,0,0,0,0,0,0,0,0
17.7463264,0.665124297,0,0.86,-0.86,3,-0.0594842986,-0.244141967,0,0,17.7951084,0,-0.178452896,0,0,0,0,0,0,0,0,0
17.8433857,0.689610124,0,0.86,-0.86,3,-0.0602097299,-0.250132662,0,0,17.8952093,0,-0.18062919,0,0,0,0,0,0,0,0,0
17.9402962,0.714680493,0,0.86,-0.86,3,-0.0609351617,-0.25619597,0,0,17.9953101,0,-0.182805485,0,0,0,0,0,0,0,0,0
18.0370522,0.740341544,0,0.86,-0.86,3,-0.0616605941,-0.262331893,0,0,18.095411,0,-0.184981782,0,0,0,0,0,0,0,0,0
18.1336479,0.766599238,0,0.86,-0.86,3,-0.0623860269,-0.268540431,0,0,18.1955119,0,-0.187158081,0,0,0,0,0,0,0,0,0
18.2300777,0.793459654,0,0.86,-0.86,3,-0.0631114602,-0.274821583,0,0,18.2956128,0,-0.18933438,0,0,0,0,0,0,0,0,0
18.3263359,0.820928752,0,0.86,-0.86,3,-0.063836894,-0.28117535,0,0,18.3957136,0,-0.191510682,0,0,0,0,0,0,0,0,0
18.4224167,0.849012375,0,0.86,-0.86,3,-0.0645623283,-0.287601731,0,0,18.4958145,0,-0.193686985,0,0,0,0,0,0,0,0,0
18.5183144,0.877716362,0,0.86,-0.86,3,-0.0652877631,-0.294100726,0,0,18.5959153,0,-0.195863289,0,0,0,0,0,0,0,0,0
18.6140213,0.907046378,0,0.86,-0.86,3,-0.0660131984,-0.300672336,0,0,18.6960162,0,-0.198039595,0,0,0,0,0,0,0,0,0
18.7095337,0.937008262,0,0.86,-0.86,3,-0.0667386342,-0.30731656,0,0,18.796117,0,-0.200215903,0,0,0,0,0,0,0,0,0
18.804842,0.967607498,0,0.86,-0.86,3,-0.0674640706,-0.314033399,0,0,18.8962179,0,-0.202392212,0,0,0,0,0,0,0,0,0
18.8999424,0.99884963,0,0.86,-0.86,3,-0.0681895075,-0.320822853,0,0,18.9963187,0,-0.204568523,0,0,0,0,0,0,0,0,0
18.9948273,1.03074026,0,0.86,-0.86,3,-0.068914945,-0.327684921,0,0,19.0964196,0,-0.206744835,0,0,0,0,0,0,0,0,0
19.0894909,1.06328452,0,0.86,-0.86,3,-0.069640383,-0.334619603,0,0,19.1965204,0,-0.208921149,0,0,0,0,0,0,0,0,0
19.1839237,1.096488,0,0.86,-0.86,3,-0.0703658215,-0.3416269,0,0,19.2966212,0,-0.211097464,0,0,0,0,0,0,0,0,0
19.2781219,1.13035583,0,0.86,-0.86,3,-0.0710912606,-0.348706811,0,0,19.396722,0,-0.213273782,0,0,0,0,0,0,0,0,0
19.372076,1.16489303,0,0.86,-0.86,3,-0.0718167002,-0.355859337,0,0,19.4968229,0,-0.215450101,0,0,0,0,0,0,0,0,0
19.4657784,1.20010483,0,0.86,-0.86,3,-0.0725421405,-0.363084477,0,0,19.5969237,0,-0.217626421,0,0,0,0,0,0,0,0,0
19.5592251,1.23599601,0,0.86,-0.86,3,-0.0732675813,-0.370382232,0,0,19.6970245,0,-0.219802744,0,0,0,0,0,0,0,0,0
19.6524029,1.27257168,0,0.86,-0.86,3,-0.0739930226,-0.377752601,0,0,19.7971253,0,-0.221979068,0,0,0,0,0,0,0,0,0
19.7453098,1.30983639,0,0.86,-0.86,3,-0.0747184646,-0.385195584,0,0,19.8972261,0,-0.224155394,0,0,0,0,0,0,0,0,0
19.8379345,1.34779489,0,0.86,-0.86,3,-0.0754439071,-0.392711182,0,0,19.9973269,0,-0.226331721,0,0,0,0,0,0,0,0,0
19.9302692,1.38645196,0,0.86,-0.86,3,-0.0761693503,-0.400299395,0,0,20.0974277,0,-0.228508051,0,0,0,0,0,0,0,0,0
20.0223064,1.42581177,0,0.86,-0.86,3,-0.076894794,-0.407960222,0,0,20.1975285,0,-0.230684382,0,0,0,0,0,0,0,0,0
20.1140404,1.46587884,0,0.86,-0.86,3,-0.0776202384,-0.415693664,0,0,20.2976293,0,-0.232860715,0,0,0,0,0,0,0,0,0
20.2054577,1.50665748,0,0.86,-0.86,3,-0.0783456833,-0.423499719,0,0,20.39773,0,-0.23503705,0,0,0,0,0,0,0,0,0
20.2965527,1.54815173,0,0.86,-0.86,3,-0.0790711289,-0.43137839,0,0,20.4978308,0,-0.237213387,0,0,0,0,0,0,0,0,0
20.3873177,1.59036577,0,0.86,-0.86,3,-0.0797965751,-0.439329675,0,0,20.5979316,0,-0.239389725,0,0,0,0,0,0,0,0,0
20.4777412,1.6333034,0,0.86,-0.86,3,-0.0805220219,-0.447353574,0,0,20.6980323,0,-0.241566066,0,0,0,0,0,0,0,0,0
20.5678158,1.67696846,0,0.86,-0.86,3,-0.0812474694,-0.455450088,0,0,20.7981331,0,-0.243742408,0,0,0,0,0,0,0,0,0
20.6575336,1.72136462,0,0.86,-0.86,3,-0.0819729175,-0.463619216,0,0,20.8982339,0,-0.245918753,0,0,0,0,0,0,0,0,0
20.7468834,1.76649547,0,0.86,-0.86,3,-0.0826983663,-0.471860959,0,0,20.9983346,0,-0.248095099,0,0,0,0,0,0,0,0,0
20.8358555,1.81236434,0,0.86,-0.86,3,-0.0834238157,-0.480175316,0,0,21.0984353,0,-0.250271447,0,0,0,0,0,0,0,0,0
20.9244423,1.85897458,0,0.86,-0.86,3,-0.0841492657,-0.488562288,0,0,21.1985361,0,-0.252447797,0,0,0,0,0,0,0,0,0
21.0126343,1.90632939,0,0.86,-0.86,3,-0.0848747165,-0.497021874,0,0,21.2986368,0,-0.254624149,0,0,0,0,0,0,0,0,0
21.10042,1.95443177,0,0.86,-0.86,3,-0.0856001679,-0.505554075,0,0,21.3987376,0,-0.256800504,0,0,0,0,0,0,0,0,0
21.1877899,2.00328445,0,0.86,-0.86,3,-0.0863256199,-0.51415889,0,0,21.4988383,0,-0.25897686,0,0,0,0,0,0,0,0,0
21.2747345,2.05289054,0,0.86,-0.86,3,-0.0870510727,-0.52283632,0,0,21.598939,0,-0.261153218,0,0,0,0,0,0,0,0,0
21.3612442,2.10325217,0,0.86,-0.86,3,-0.0877765261,-0.531586364,0,0,21.6990397,0,-0.263329578,0,0,0,0,0,0,0,0,0
21.4473076,2.15437198,0,0.86,-0.86,3,-0.0885019803,-0.540409022,0,0,21.7991404,0,-0.265505941,0,0,0,0,0,0,0,0,0
21.5329151,2.2062521,0,0.86,-0.86,3,-0.0892274351,-0.549304295,0,0,21.8992411,0,-0.267682305,0,0,0,0,0,0,0,0,0
21.6180553,2.25889468,0,0.86,-0.86,3,-0.0899528906,-0.558272183,0,0,21.9993418,0,-0.269858672,0,0,0,0,0,0,0,0,0
21.7027187,2.31230187,0,0.86,-0.86,3,-0.0906783469,-0.567312685,0,0,22.0994425,0,-0.272035041,0,0,0,0,0,0,0,0,0
21.7868938,2.36647534,0,0.86,-0.86,3,-0.0914038038,-0.576425801,0,0,22.1995432,0,-0.274211412,0,0,0,0,0,0,0,0,0
21.8705692,2.42141676,0,0.86,-0.86,3,-0.0921292615,-0.585611532,0,0,22.2996439,0,-0.276387785,0,0,0,0,0,0,0,0,0
21.9537334,2.47712731,0,0.86,-0.86,3,-0.0928547199,-0.594869877,0,0,22.3997445,0,-0.27856416,0,0,0,0,0,0,0,0,0
22.0363789,2.53360844,0,0.86,-0.86,3,-0.0935801791,-0.604200837,0,0,22.4998452,0,-0.280740537,0,0,0,0,0,0,0,0,0
22.1184902,2.59086132,0,0.86,-0.86,3,-0.0943056389,-0.613604411,0,0,22.5999459,0,-0.282916917,0,0,0,0,0,0,0,0,0
22.2000561,2.64888692,0,0.86,-0.86,3,-0.0950310995,-0.6230806,0,0,22.7000465,0,-0.285093299,0,0,0,0,0,0,0,0,0
22.2810688,2.70768547,0,0.86,-0.86,3,-0.0957565609,-0.632629403,0,0,22.8001472,0,-0.287269683,0,0,0,0,0,0,0,0,0
22.3615112,2.76725793,0,0.86,-0.86,3,-0.096482023,-0.642250821,0,0,22.9002478,0,-0.289446069,0,0,0,0,0,0,0,0,0
22.4413776,2.82760453,0,0.86,-0.86,3,-0.0972074859,-0.651944853,0,0,23.0003485,0,-0.291622458,0,0,0,0,0,0,0,0,0
22.5206509,2.88872528,0,0.86,-0.86,3,-0.0979329496,-0.6617115,0,0,23.1004491,0,-0.293798849,0,0,0,0,0,0,0,0,0
22.5993214,2.95062041,0,0.86,-0.86,3,-0.098658414,-0.671550761,0,0,23.2005497,0,-0.295975242,0,0,0,0,0,0,0,0,0
22.6773777,3.01328921,0,0.86,-0.86,3,-0.0993838792,-0.681462636,0,0,23.3006504,0,-0.298151638,0,0,0,0,0,0,0,0,0
22.7548065,3.07673144,0,0.86,-0.86,3,-0.100109345,-0.691447126,0,0,23.400751,0,-0.300328035,0,0,0,0,0,0,0,0,0
22.8315964,3.14094639,0,0.86,-0.86,3,-0.100834812,-0.70150423,0,0,23.5008516,0,-0.302504436,0,0,0,0,0,0,0,0,0
22.9077339,3.20593309,0,0.86,-0.86,3,-0.101560279,-0.711633949,0,0,23.6009522,0,-0.304680838,0,0,0,0,0,0,0,0,0
22.9832058,3.27169061,0,0.86,-0.86,3,-0.102285748,-0.721836283,0,0,23.7010528,0,-0.306857244,0,0,0,0,0,0,0,0,0
23.0580006,3.33821726,0,0.86,-0.86,3,-0.103011217,-0.73211123,0,0,23.8011534,0,-0.309033651,0,0,0,0,0,0,0,0,0
23.1321068,3.40551138,0,0.86,-0.86,3,-0.103736687,-0.742458793,0,0,23.901254,0,-0.311210061,0,0,0,0,0,0,0,0,0
23.2055092,3.47357178,0,0.86,-0.86,3,-0.104462158,-0.752878969,0,0,24.0013545,0,-0.313386473,0,0,0,0,0,0,0,0,0
23.2781963,3.54239559,0,0.86,-0.86,3,-0.105187629,-0.763371761,0,0,24.1014551,0,-0.315562888,0,0,0,0,0,0,0,0,0
23.3501549,3.61198115,0,0.86,-0.86,3,-0.105913102,-0.773937166,0,0,24.2015557,0,-0.317739305,0,0,0,0,0,0,0,0,0
23.4213715,3.6823256,0,0.86,-0.86,3,-0.106638575,-0.784575186,0,0,24.3016562,0,-0.319915725,0,0,0,0,0,0,0,0,0
23.4918327,3.75342607,0,0.86,-0.86,3,-0.107364049,-0.795285821,0,0,24.4017568,0,-0.322092148,0,0,0,0,0,0,0,0,0
23.5615253,3.82527971,0,0.86,-0.86,3,-0.108089524,-0.80606907,0,0,24.5018573,0,-0.324268573,0,0,0,0,0,0,0,0,0
23.6304379,3.89788342,0,0.86,-0.86,3,-0.108815,-0.816924933,0,0,24.6019579,0,-0.326445,0,0,0,0,0,0,0,0,0
23.698555,3.97123313,0,0.86,-0.86,3,-0.109540477,-0.827853411,0,0,24.7020584,0,-0.32862143,0,0,0,0,0,0,0,0,0
23.7658634,4.04532528,0,0.86,-0.86,3,-0.110265954,-0.838854504,0,0,24.8021589,0,-0.330797863,0,0,0,0,0,0,0,0,0
23.8323498,4.12015581,0,0.86,-0.86,3,-0.110991433,-0.849928211,0,0,24.9022595,0,-0.332974298,0,0,0,0,0,0,0,0,0
23.8980007,4.19572067,0,0.86,-0.86,3,-0.111716912,-0.861074532,0,0,25.00236,0,-0.335150736,0,0,0,0,0,0,0,0,0
23.9628029,4.27201462,0,0.86,-0.86,3,-0.112442392,-0.872293468,0,0,25.1024605,0,-0.337327176,0,0,0,0,0,0,0,0,0
24.0267429,4.34903336,0,0.86,-0.86,3,-0.113167873,-0.883585018,0,0,25.202561,0,-0.339503619,0,0,0,0,0,0,0,0,0
24.0898056,4.42677116,0,0.86,-0.86,3,-0.113893355,-0.894949182,0,0,25.3026615,0,-0.341680065,0,0,0,0,0,0,0,0,0
24.1519775,4.50522327,0,0.86,-0.86,3,-0.114618838,-0.906385961,0,0,25.402762,0,-0.343856513,0,0,0,0,0,0,0,0,0
24.2132473,4.58438301,0,0.86,-0.86,3,-0.115344321,-0.917895355,0,0,25.5028624,0,-0.346032964,0,0,0,0,0,0,0,0,0
24.2735958,4.66424513,0,0.86,-0.86,3,-0.116069806,-0.929477363,0,0,25.6029629,0,-0.348209418,0,0,0,0,0,0,0,0,0
24.3330154,4.74480295,0,0.86,-0.86,3,-0.116795292,-0.941131985,0,0,25.7030634,0,-0.350385875,0,0,0,0,0,0,0,0,0
24.3914871,4.8260498,0,0.86,-0.86,3,-0.117520778,-0.952859222,0,0,25.8031638,0,-0.352562334,0,0,0,0,0,0,0,0,0
24.4490013,4.90797901,0,0.86,-0.86,3,-0.118246265,-0.964659074,0,0,25.9032643,0,-0.354738796,0,0,0,0,0,0,0,0,0
24.5055389,4.99058294,0,0.86,-0.86,3,-0.118971754,-0.97653154,0,0,26.0033647,0,-0.356915261,0,0,0,0,0,0,0,0,0
24.5610905,5.07385445,0,0.86,-0.86,3,-0.119697243,-0.98847662,0,0,26.1034652,0,-0.359091729,0,0,0,0,0,0,0,0,0
24.6156406,5.15778542,0,0.86,-0.86,3,-0.120422733,-1.00049431,0,0,26.2035656,0,-0.3612682,0,0,0,0,0,0,0,0,0
24.6691742,5.24236774,0,0.86,-0.86,3,-0.121148224,-1.01258462,0,0,26.303666,0,-0.363444673,0,0,0,0,0,0,0,0,0
24.7216797,5.32759333,0,0.86,-0.86,3,-0.121873716,-1.02474755,0,0,26.4037664,0,-0.365621149,0,0,0,0,0,0,0,0,0
24.77314,5.4134531,0,0.86,-0.86,3,-0.122599209,-1.03698309,0,0,26.5038668,0,-0.367797628,0,0,0,0,0,0,0,0,0
24.8235435,5.49993753,0,0.86,-0.86,3,-0.123324703,-1.04929124,0,0,26.6039672,0,-0.36997411,0,0,0,0,0,0,0,0,0
24.8728752,5.58703804,0,0.86,-0.86,3,-0.124050198,-1.061672,0,0,26.7040676,0,-0.372150595,0,0,0,0,0,0,0,0,0
24.9211216,5.67474413,0,0.86,-0.86,3,-0.124775694,-1.07412539,0,0,26.804168,0,-0.374327083,0,0,0,0,0,0,0,0,0
24.9682693,5.76304579,0,0.86,-0.86,3,-0.125501191,-1.08665138,0,0,26.9042684,0,-0.376503574,0,0,0,0,0,0,0,0,0
25.0143032,5.851933,0,0.86,-0.86,3,-0.126226689,-1.09924999,0,0,27.0043688,0,-0.378680067,0,0,0,0,0,0,0,0,0
25.0592117,5.94139433,0,0.86,-0.86,3,-0.126952188,-1.11192122,0,0,27.1044691,0,-0.380856564,0,0,0,0,0,0,0,0,0
25.1029797,6.03141928,0,0.86,-0.86,3,-0.127677688,-1.12466506,0,0,27.2045695,0,-0.383033064,0,0,0,0,0,0,0,0,0
25.1455917,6.1219964,0,0.86,-0.86,3,-0.128403189,-1.13748151,0,0,27.3046698,0,-0.385209566,0,0,0,0,0,0,0,0,0
25.1870384,6.21311331,0,0.86,-0.86,3,-0.129128691,-1.15037058,0,0,27.4047702,0,-0.387386072,0,0,0,0,0,0,0,0,0
25.2273026,6.30475855,0,0.86,-0.86,3,-0.129854194,-1.16333226,0,0,27.5048705,0,-0.389562581,0,0,0,0,0,0,0,0,0
25.2663727,6.39691973,0,0.86,-0.86,3,-0.130579698,-1.17636656,0,0,27.6049708,0,-0.391739093,0,0,0,0,0,0,0,0,0
25.3042336,6.48958302,0,0.86,-0.86,3,-0.131305202,-1.18947347,0,0,27.7050711,0,-0.393915607,0,0,0,0,0,0,0,0,0
25.3408756,6.58273649,0,0.86,-0.86,3,-0.132030708,-1.20265299,0,0,27.8051714,0,-0.396092125,0,0,0,0,0,0,0,0,0
25.3762817,6.67636585,0,0.86,-0.86,3,-0.132756215,-1.21590513,0,0,27.9052717,0,-0.398268646,0,0,0,0,0,0,0,0,0
25.4104404,6.77045727,0,0.86,-0.86,3,-0.133481723,-1.22922989,0,0,28.005372,0,-0.40044517,0,0,0,0,0,0,0,0,0
25.4433403,6.86499691,0,0.86,-0.86,3,-0.134207233,-1.24262726,0,0,28.1054723,0,-0.402621698,0,0,0,0,0,0,0,0,0
25.474966,6.95996952,0,0.86,-0.86,3,-0.134932743,-1.25609724,0,0,28.2055726,0,-0.404798228,0,0,0,0,0,0,0,0,0
25.5053062,7.05536079,0,0.86,-0.86,3,-0.135658254,-1.26963984,0,0,28.3056728,0,-0.406974762,0,0,0,0,0,0,0,0,0
25.5343494,7.15115547,0,0.86,-0.86,3,-0.136383766,-1.28325505,0,0,28.4057731,0,-0.409151299,0,0,0,0,0,0,0,0,0
25.5620804,7.24733782,0,0.86,-0.86,3,-0.13710928,-1.29694288,0,0,28.5058733,0,-0.411327839,0,0,0,0,0,0,0,0,0
25.5884914,7.34389114,0,0.86,-0.86,3,-0.137834794,-1.31070332,0,0,28.6059736,0,-0.413504382,0,0,0,0,0,0,0,0,0
25.6135654,7.44080019,0,0.86,-0.86,3,-0.138560309,-1.32453637,0,0,28.7060738,0,-0.415680928,0,0,0,0,0,0,0,0,0
25.6372948,7.53804731,0,0.86,-0.86,3,-0.139285826,-1.33844204,0,0,28.806174,0,-0.417857478,0,0,0,0,0,0,0,0,0
25.6596642,7.63561583,0,0.86,-0.86,3,-0.140011344,-1.35242033,0,0,28.9062743,0,-0.420034031,0,0,0,0,0,0,0,0,0
25.680666,7.73348808,0,0.86,-0.86,3,-0.140736862,-1.36647123,0,0,29.0063745,0,-0.422210587,0,0,0,0,0,0,0,0,0
25.700285,7.83164692,0,0.86,-0.86,3,-0.141462382,-1.38059474,0,0,29.1064747,0,-0.424387147,0,0,0,0,0,0,0,0,0
25.7185135,7.93007326,0,0.86,-0.86,3,-0.142187903,-1.39479087,0,0,29.2065749,0,-0.42656371,0,0,0,0,0,0,0,0,0
25.7353382,8.02874947,0,0.86,-0.86,3,-0.142913425,-1.40905961,0,0,29.306675,0,-0.428740276,0,0,0,0,0,0,0,0,0
25.7507515,8.12765598,0,0.86,-0.86,3,-0.143638948,-1.42340097,0,0,29.4067752,0,-0.430916845,0,0,0,0,0,0,0,0,0
25.76474,8.22677326,0,0.86,-0.86,3,-0.144364473,-1.43781494,0,0,29.5068754,0,-0.433093418,0,0,0,0,0,0,0,0,0
25.7772961,8.32608318,0,0.86,-0.86,3,-0.145089998,-1.45230152,0,0,29.6069755,0,-0.435269994,0,0,0,0,0,0,0,0,0
25.7884064,8.42556477,0,0.86,-0.86,3,-0.145815525,-1.46686072,0,0,29.7070757,0,-0.437446574,0,0,0,0,0,0,0,0,0
25.7980652,8.52519798,0,0.86,-0.86,3,-0.146541052,-1.48149254,0,0,29.8071758,0,-0.439623157,0,0,0,0,0,0,0,0,0
25.8062611,8.62496185,0,0.86,-0.86,3,-0.147266581,-1.49619697,0,0,29.9072759,0,-0.441799744,0,0,0,0,0,0,0,0,0
25.8129864,8.72483635,0,0.86,-0.86,3,-0.147992111,-1.51097401,0,0,30.0073761,0,-0.443976334,0,0,0,0,0,0,0,0,0
25.8182297,8.82479858,0,0.86,-0.86,3,-0.148717642,-1.52582367,0,0,30.1074762,0,-0.446152927,0,0,0,0,0,0,0,0,0
25.8219852,8.92482853,0,0.86,-0.86,3,-0.149443175,-1.54074594,0,0,30.2075763,0,-0.448329524,0,0,0,0,0,0,0,0,0
25.8242455,9.02490234,0,0.86,-0.86,3,-0.150168708,-1.55574083,0,0,30.3076764,0,-0.450506124,0,0,0,0,0,0,0,0,0
25.8250008,9.125,0,0.86,-0.86,3,-0.130133202,-1.5697629,0,0,30.4077765,0,-0.390399605,0,0,0,0,0,0,0,0,0
25.8244514,9.22499943,0,0.86,-0.86,3,-0.109592332,-1.58175537,0,0,30.5077772,0,-0.328776995,0,0,0,0,0,0,0,0,0
25.8228073,9.32498646,0,0.86,-0.86,3,-0.109592332,-1.59271442,0,0,30.607778,0,-0.328776995,0,0,0,0,0,0,0,0,0
25.8200684,9.42494965,0,0.86,-0.86,3,-0.109592332,-1.60367346,0,0,30.7077788,0,-0.328776995,0,0,0,0,0,0,0,0,0
25.8162346,9.52487659,0,0.86,-0.86,3,-0.109592332,-1.6146325,0,0,30.8077796,0,-0.328776995,0,0,0,0,0,0,0,0,0
25.8113041,9.62475586,0,0.86,-0.86,3,-0.109592332,-1.62559155,0,0,30.9077803,0,-0.328776995,0,0,0,0,0,0,0,0,0
25.8052807,9.72457504,0,0.86,-0.86,3,-0.109592332,-1.63655059,0,0,31.0077811,0,-0.328776995,0,0,0,0,0,0,0,0,0
25.7981625,9.8243227,0,0.86,-0.86,3,-0.109592332,-1.64750964,0,0,31.1077819,0,-0.328776995,0,0,0,0,0,0,0,0,0
25.7899532,9.92398548,0,0.86,-0.86,3,-0.109592332,-1.65846868,0,0,31.2077827,0,-0.328776995,0,0,0,0,0,0,0,0,0
25.7806511,10.0235529,0,0.86,-0.86,3,-0.109592332,-1.66942772,0,0,31.3077835,0,-0.328776995,0,0,0,0,0,0,0,0,0
25.7702579,10.1230125,0,0.86,-0.86,3,-0.109592332,-1.68038677,0,0,31.4077842,0,-0.328776995,0,0,0,0,0,0,0,0,0
25.7587776,10.222352,0,0.86,-0.86,3,-0.109592332,-1.69134581,0,0,31.507785,0,-0.328776995,0,0,0,0,0,0,0,0,0
25.7462082,10.321559,0,0.86,-0.86,3,-0.109592332,-1.70230486,0,0,31.6077858,0,-0.328776995,0,0,0,0,0,0,0,0,0
25.7325516,10.4206238,0,0.86,-0.86,3,-0.109592332,-1.7132639,0,0,31.7077866,0,-0.328776995,0,0,0,0,0,0,0,0,0
25.7178097,10.5195312,0,0.86,-0.86,3,-0.109592332,-1.72422294,0,0,31.8077873,0,-0.328776995,0,0,0,0,0,0,0,0,0
25.7019863,10.6182728,0,0.86,-0.86,3,-0.109592332,-1.73518199,0,0,31.9077881,0,-0.328776995,0,0,0,0,0,0,0,0,0
25.6850815,10.7168341,0,0.86,-0.86,3,-0.109592332,-1.74614103,0,0,32.0077889,0,-0.328776995,0,0,0,0,0,0,0,0,0
25.6670971,10.8152046,0,0.86,-0.86,3,-0.109592332,-1.75710008,0,0,32.1077897,0,-0.328776995,0,0,0,0,0,0,0,0,0
25.648037,10.913372,0,0.86,-0.86,3,-0.109592332,-1.76805912,0,0,32.2077905,0,-0.328776995,0,0,0,0,0,0,0,0,0
25.6279011,11.0113239,0,0.86,-0.86,3,-0.109592332,-1.77901817,0,0,32.3077912,0,-0.328776995,0,0,0,0,0,0,0,0,0
25.6066933,11.1090508,0,0.86,-0.86,3,-0.109592332,-1.78997721,0,0,32.407792,0,-0.328776995,0,0,0,0,0,0,0,0,0
25.5844154,11.2065382,0,0.86,-0.86,3,-0.109592332,-1.80093625,0,0,32.5077928,0,-0.328776995,0,0,0,0,0,0,0,0,0
25.5610695,11.3037758,0,0.86,-0.86,3,-0.109592332,-1.8118953,0,0,32.6077936,0,-0.328776995,0,0,0,0,0,0,0,0,0
25.5366611,11.4007521,0,0.86,-0.86,3,-0.109592332,-1.82285434,0,0,32.7077943,0,-0.328776995,0,0,0,0,0,0,0,0,0
25.5111904,11.4974546,0,0.86,-0.86,3,-0.109592332,-1.83381339,0,0,32.8077951,0,-0.328776995,0,0,0,0,0,0,0,0,0
25.484663,11.5938721,0,0.86,-0.86,3,-0.109592332,-1.84477243,0,0,32.9077959,0,-0.328776995,0,0,0,0,0,0,0,0,0
25.4570789,11.6899939,0,0.86,-0.86,3,-0.109592332,-1.85573147,0,0,33.0077967,0,-0.328776995,0,0,0,0,0,0,0,0,0
25.4284439,11.7858067,0,0.86,-0.86,3,-0.109592332,-1.86669052,0,0,33.1077974,0,-0.328776995,0,0,0,0,0,0,0,0,0
25.3987598,11.8813009,0,0.86,-0.86,3,-0.109592332,-1.87764956,0,0,33.2077982,0,-0.328776995,0,0,0,0,0,0,0,0,0
25.3680325,11.9764633,0,0.86,-0.86,3,-0.109592332,-1.88860861,0,0,33.307799,0,-0.328776995,0,0,0,0,0,0,0,0,0
25.3362637,12.0712833,0,0.86,-0.86,3,-0.109592332,-1.89956765,0,0,33.4077998,0,-0.328776995,0,0,0,0,0,0,0,0,0
25.3034573,12.1657505,0,0.86,-0.86,3,-0.109592332,-1.9105267,0,0,33.5078006,0,-0.328776995,0,0,0,0,0,0,0,0,0
25.2696171,12.2598515,0,0.86,-0.86,3,-0.109592332,-1.92148574,0,0,33.6078013,0,-0.328776995,0,0,0,0,0,0,0,0,0
25.2347488,12.3535757,0,0.86,-0.86,3,-0.109592332,-1.93244478,0,0,33.7078021,0,-0.328776995,0,0,0,0,0,0,0,0,0
25.1988544,12.4469128,0,0.86,-0.86,3,-0.109592332,-1.94340383,0,0,33.8078029,0,-0.328776995,0,0,0,0,0,0,0,0,0
25.1619396,12.5398512,0,0.86,-0.86,3,-0.109592332,-1.95436287,0,0,33.9078037,0,-0.328776995,0,0,0,0,0,0,0,0,0
25.1240082,12.6323786,0,0.86,-0.86,3,-0.109592332,-1.96532192,0,0,34.0078044,0,-0.328776995,0,0,0,0,0,0,0,0,0
25.0850658,12.7244854,0,0.86,-0.86,3,-0.109592332,-1.97628096,0,0,34.1078052,0,-0.328776995,0,0,0,0,0,0,0,0,0
25.0451164,12.8161592,0,0.86,-0.86,3,-0.109592332,-1.98724,0,0,34.207806,0,-0.328776995,0,0,0,0,0,0,0,0,0
25.0041637,12.9073906,0,0.86,-0.86,3,-0.109592332,-1.99819905,0,0,34.3078068,0,-0.328776995,0,0,0,0,0,0,0,0,0
24.9622154,12.998167,0,0.86,-0.86,3,-0.109592332,-2.00915809,0,0,34.4078076,0,-0.328776995,0,0,0,0,0,0,0,0,0
24.9192734,13.088479,0,0.86,-0.86,3,-0.109592332,-2.02011714,0,0,34.5078083,0,-0.328776995,0,0,0,0,0,0,0,0,0
24.8753452,13.1783142,0,0.86,-0.86,3,-0.109592332,-2.03107618,0,0,34.6078091,0,-0.328776995,0,0,0,0,0,0,0,0,0
24.8304348,13.267663,0,0.86,-0.86,3,-0.109592332,-2.04203522,0,0,34.7078099,0,-0.328776995,0,0,0,0,0,0,0,0,0
24.7845478,13.3565149,0,0.86,-0.86,3,-0.109592332,-2.05299427,0,0,34.8078107,0,-0.328776995,0,0,0,0,0,0,0,0,0
24.73769,13.4448576,0,0.86,-0.86,3,-0.109592332,-2.06395331,0,0,34.9078114,0,-0.328776995,0,0,0,0,0,0,0,0,0
24.689867,13.5326815,0,0.86,-0.86,3,-0.109592332,-2.07491236,0,0,35.0078122,0,-0.328776995,0,0,0,0,0,0,0,0,0
24.6410828,13.619977,0,0.86,-0.86,3,-0.109592332,-2.0858714,0,0,35.107813,0,-0.328776995,0,0,0,0,0,0,0,0,0
24.5913467,13.7067318,0,0.86,-0.86,3,-0.109592332,-2.09683045,0,0,35.2078138,0,-0.328776995,0,0,0,0,0,0,0,0,0
24.5406628,13.7929363,0,0.86,-0.86,3,-0.109592332,-2.10778949,0,0,35.3078146,0,-0.328776995,0,0,0,0,0,0,0,0,0
24.4890366,13.878581,0,0.86,-0.86,3,-0.109592332,-2.11874853,0,0,35.4078153,0,-0.328776995,0,0,0,0,0,0,0,0,0
24.4364758,13.9636536,0,0.86,-0.86,3,-0.109592332,-2.12970758,0,0,35.5078161,0,-0.328776995,0,0,0,0,0,0,0,0,0
24.3829842,14.0481462,0,0.86,-0.86,3,-0.109592332,-2.14066662,0,0,35.6078169,0,-0.328776995,0,0,0,0,0,0,0,0,0
24.3285713,14.1320467,0,0.86,-0.86,3,-0.109592332,-2.15162567,0,0,35.7078177,0,-0.328776995,0,0,0,0,0,0,0,0,0
24.273243,14.2153463,0,0.86,-0.86,3,-0.109592332,-2.16258471,0,0,35.8078184,0,-0.328776995,0,0,0,0,0,0,0,0,0
24.2170029,14.2980347,0,0.86,-0.86,3,-0.109592332,-2.17354375,0,0,35.9078192,0,-0.328776995,0,0,0,0,0,0,0,0,0
24.1598606,14.3801012,0,0.86,-0.86,3,-0.109592332,-2.1845028,0,0,36.00782,0,-0.328776995,0,0,0,0,0,0,0,0,0
24.1018238,14.4615374,0,0.86,-0.86,3,-0.109592332,-2.19546184,0,0,36.1078208,0,-0.328776995,0,0,0,0,0,0,0,0,0
24.0428963,14.5423317,0,0.86,-0.86,3,-0.109592332,-2.20642089,0,0,36.2078215,0,-0.328776995,0,0,0,0,0,0,0,0,0
23.9830894,14.6224766,0,0.86,-0.86,3,-0.109592332,-2.21737993,0,0,36.3078223,0,-0.328776995,0,0,0,0,0,0,0,0,0
23.9224052,14.7019606,0,0.86,-0.86,3,-0.109592332,-2.22833898,0,0,36.4078231,0,-0.328776995,0,0,0,0,0,0,0,0,0
23.8608551,14.7807741,0,0.86,-0.86,3,-0.109592332,-2.23929802,0,0,36.5078239,0,-0.328776995,0,0,0,0,0,0,0,0,0
23.7984447,14.8589096,0,0.86,-0.86,3,-0.109592332,-2.25025706,0,0,36.6078247,0,-0.328776995,0,0,0,0,0,0,0,0,0
23.7351818,14.9363556,0,0.86,-0.86,3,-0.109592332,-2.26121611,0,0,36.7078254,0,-0.328776995,0,0,0,0,0,0,0,0,0
23.671072,15.0131035,0,0.86,-0.86,3,-0.109592332,-2.27217515,0,0,36.8078262,0,-0.328776995,0,0,0,0,0,0,0,0,0
23.6061268,15.0891447,0,0.86,-0.86,3,-0.109592332,-2.2831342,0,0,36.907827,0,-0.328776995,0,0,0,0,0,0,0,0,0
23.5403538,15.1644697,0,0.86,-0.86,3,-0.109592332,-2.29409324,0,0,37.0078278,0,-0.328776995,0,0,0,0,0,0,0,0,0
23.4737568,15.2390699,0,0.86,-0.86,3,-0.109592332,-2.30505228,0,0,37.1078285,0,-0.328776995,0,0,0,0,0,0,0,0,0
23.4063473,15.3129349,0,0.86,-0.86,3,-0.109592332,-2.31601133,0,0,37.2078293,0,-0.328776995,0,0,0,0,0,0,0,0,0
23.338131,15.3860569,0,0.86,-0.86,3,-0.109592332,-2.32697037,0,0,37.3078301,0,-0.328776995,0,0,0,0,0,0,0,0,0
23.2691193,15.4584274,0,0.86,-0.86,3,-0.109592332,-2.33792942,0,0,37.4078309,0,-0.328776995,0,0,0,0,0,0,0,0,0
23.1993179,15.5300369,0,0.86,-0.86,3,-0.109592332,-2.34888846,0,0,37.5078317,0,-0.328776995,0,0,0,0,0,0,0,0,0
23.1287365,15.6008768,0,0.86,-0.86,3,-0.109592332,-2.3598475,0,0,37.6078324,0,-0.328776995,0,0,0,0,0,0,0,0,0
23.0573826,15.6709394,0,0.86,-0.86,3,-0.109592332,-2.37080655,0,0,37.7078332,0,-0.328776995,0,0,0,0,0,0,0,0,0
22.9852638,15.7402153,0,0.86,-0.86,3,-0.109592332,-2.38176559,0,0,37.807834,0,-0.328776995,0,0,0,0,0,0,0,0,0
22.9123917,15.8086977,0,0.86,-0.86,3,-0.109592332,-2.39272464,0,0,37.9078348,0,-0.328776995,0,0,0,0,0,0,0,0,0
22.8387737,15.8763771,0,0.86,-0.86,3,-0.109592332,-2.40368368,0,0,38.0078355,0,-0.328776995,0,0,0,0,0,0,0,0,0
22.7644176,15.9432449,0,0.86,-0.86,3,-0.109592332,-2.41464273,0,0,38.1078363,0,-0.328776995,0,0,0,0,0,0,0,0,0
22.689333,16.0092945,0,0.86,-0.86,3,-0.109592332,-2.42560177,0,0,38.2078371,0,-0.328776995,0,0,0,0,0,0,0,0,0
22.6135292,16.0745163,0,0.86,-0.86,3,-0.109592332,-2.43656081,0,0,38.3078379,0,-0.328776995,0,0,0,0,0,0,0,0,0
22.5370159,16.1389046,0,0.86,-0.86,3,-0.109592332,-2.44751986,0,0,38.4078386,0,-0.328776995,0,0,0,0,0,0,0,0,0
22.4598007,16.2024517,0,0.86,-0.86,3,-0.109592332,-2.4584789,0,0,38.5078394,0,-0.328776995,0,0,0,0,0,0,0,0,0
22.3818951,16.2651463,0,0.86,-0.86,3,-0.109592332,-2.46943795,0,0,38.6078402,0,-0.328776995,0,0,0,0,0,0,0,0,0
22.3033066,16.3269844,0,0.86,-0.86,3,-0.109592332,-2.48039699,0,0,38.707841,0,-0.328776995,0,0,0,0,0,0,0,0,0
22.2240448,16.3879585,0,0.86,-0.86,3,-0.109592332,-2.49135603,0,0,38.8078418,0,-0.328776995,0,0,0,0,0,0,0,0,0
22.1441193,16.4480591,0,0.86,-0.86,3,-0.109592332,-2.50231508,0,0,38.9078425,0,-0.328776995,0,0,0,0,0,0,0,0,0
22.0635395,16.5072803,0,0.86,-0.86,3,-0.109592332,-2.51327412,0,0,39.0078433,0,-0.328776995,0,0,0,0,0,0,0,0,0
21.982317,16.5656147,0,0.86,-0.86,3,-0.109592332,-2.52423317,0,0,39.1078441,0,-0.328776995,0,0,0,0,0,0,0,0,0
21.9004593,16.6230564,0,0.86,-0.86,3,-0.109592332,-2.53519221,0,0,39.2078449,0,-0.328776995,0,0,0,0,0,0,0,0,0
21.8179779,16.6795959,0,0.86,-0.86,3,-0.109592332,-2.54615126,0,0,39.3078456,0,-0.328776995,0,0,0,0,0,0,0,0,0
21.7348804,16.7352295,0,0.86,-0.86,3,-0.109592332,-2.5571103,0,0,39.4078464,0,-0.328776995,0,0,0,0,0,0,0,0,0
21.6511784,16.7899494,0,0.86,-0.86,3,-0.109592332,-2.56806934,0,0,39.5078472,0,-0.328776995,0,0,0,0,0,0,0,0,0
21.5668831,16.8437481,0,0.86,-0.86,3,-0.109592332,-2.57902839,0,0,39.607848,0,-0.328776995,0,0,0,0,0,0,0,0,0
21.4820023,16.8966198,0,0.86,-0.86,3,-0.109592332,-2.58998743,0,0,39.7078488,0,-0.328776995,0,0,0,0,0,0,0,0,0
21.3965473,16.9485588,0,0.86,-0.86,3,-0.109592332,-2.60094648,0,0,39.8078495,0,-0.328776995,0,0,0,0,0,0,0,0,0
21.3105278,16.9995575,0,0.86,-0.86,3,-0.109592332,-2.61190552,0,0,39.9078503,0,-0.328776995,0,0,0,0,0,0,0,0,0
21.2239552,17.0496101,0,0.86,-0.86,3,-0.109592332,-2.62286456,0,0,40.0078511,0,-0.328776995,0,0,0,0,0,0,0,0,0
21.1368389,17.098711,0,0.86,-0.86,3,-0.109592332,-2.63382361,0,0,40.1078519,0,-0.328776995,0,0,0,0,0,0,0,0,0
21.0491905,17.1468563,0,0.86,-0.86,3,-0.109592332,-2.64478265,0,0,40.2078526,0,-0.328776995,0,0,0,0,0,0,0,0,0
20.9610195,17.1940365,0,0.86,-0.86,3,-0.109592332,-2.6557417,0,0,40.3078534,0,-0.328776995,0,0,0,0,0,0,0,0,0
20.8723354,17.2402477,0,0.86,-0.86,3,-0.109592332,-2.66670074,0,0,40.4078542,0,-0.328776995,0,0,0,0,0,0,0,0,0
20.7831516,17.2854843,0,0.86,-0.86,3,-0.109592332,-2.67765978,0,0,40.507855,0,-0.328776995,0,0,0,0,0,0,0,0,0
20.6934776,17.3297405,0,0.86,-0.86,3,-0.109592332,-2.68861883,0,0,40.6078558,0,-0.328776995,0,0,0,0,0,0,0,0,0
20.603323,17.3730106,0,0.86,-0.86,3,-0.109592332,-2.69957787,0,0,40.7078565,0,-0.328776995,0,0,0,0,0,0,0,0,0
20.512701,17.4152927,0,0.86,-0.86,3,-0.109592332,-2.71053692,0,0,40.8078573,0,-0.328776995,0,0,0,0,0,0,0,0,0
20.4216194,17.4565773,0,0.86,-0.86,3,-0.109592332,-2.72149596,0,0,40.9078581,0,-0.328776995,0,0,0,0,0,0,0,0,0
20.3300915,17.4968605,0,0.86,-0.86,3,-0.109592332,-2.73245501,0,0,41.0078589,0,-0.328776995,0,0,0,0,0,0,0,0,0
20.2381287,17.5361404,0,0.86,-0.86,3,-0.109592332,-2.74341405,0,0,41.1078596,0,-0.328776995,0,0,0,0,0,0,0,0,0
20.1457405,17.5744076,0,0.86,-0.86,3,-0.109592332,-2.75437309,0,0,41.2078604,0,-0.328776995,0,0,0,0,0,0,0,0,0
20.0529366,17.6116619,0,0.86,-0.86,3,-0.109592332,-2.76533214,0,0,41.3078612,0,-0.328776995,0,0,0,0,0,0,0,0,0
19.9597321,17.6478977,0,0.86,-0.86,3,-0.109592332,-2.77629118,0,0,41.407862,0,-0.328776995,0,0,0,0,0,0,0,0,0
19.8661346,17.6831074,0,0.86,-0.86,3,-0.109592332,-2.78725023,0,0,41.5078627,0,-0.328776995,0,0,0,0,0,0,0,0,0
19.7721577,17.7172909,0,0.86,-0.86,3,-0.109592332,-2.79820927,0,0,41.6078635,0,-0.328776995,0,0,0,0,0,0,0,0,0
19.6778126,17.7504425,0,0.86,-0.86,3,-0.109592332,-2.80916831,0,0,41.7078643,0,-0.328776995,0,0,0,0,0,0,0,0,0
19.5831089,17.7825584,0,0.86,-0.86,3,-0.109592332,-2.82012736,0,0,41.8078651,0,-0.328776995,0,0,0,0,0,0,0,0,0
19.4880581,17.813633,0,0.86,-0.86,3,-0.109592332,-2.8310864,0,0,41.9078659,0,-0.328776995,0,0,0,0,0,0,0,0,0
19.3926735,17.8436661,0,0.86,-0.86,3,-0.109592332,-2.84204545,0,0,42.0078666,0,-0.328776995,0,0,0,0,0,0,0,0,0
19.2969666,17.8726501,0,0.86,-0.86,3,-0.109592332,-2.85300449,0,0,42.1078674,0,-0.328776995,0,0,0,0,0,0,0,0,0
19.2009468,17.9005852,0,0.86,-0.86,3,-0.109592332,-2.86396354,0,0,42.2078682,0,-0.328776995,0,0,0,0,0,0,0,0,0
19.1046257,17.9274654,0,0.86,-0.86,3,-0.109592332,-2.87492258,0,0,42.307869,0,-0.328776995,0,0,0,0,0,0,0,0,0
19.0080166,17.953289,0,0.86,-0.86,3,-0.109592332,-2.88588162,0,0,42.4078697,0,-0.328776995,0,0,0,0,0,0,0,0,0
18.9111309,17.9780521,0,0.86,-0.86,3,-0.109592332,-2.89684067,0,0,42.5078705,0,-0.328776995,0,0,0,0,0,0,0,0,0
18.8139782,18.0017509,0,0.86,-0.86,3,-0.109592332,-2.90779971,0,0,42.6078713,0,-0.328776995,0,0,0,0,0,0,0,0,0
18.7165737,18.0243855,0,0.86,-0.86,3,-0.109592332,-2.91875876,0,0,42.7078721,0,-0.328776995,0,0,0,0,0,0,0,0,0
18.6189251,18.0459499,0,0.86,-0.86,3,-0.109592332,-2.9297178,0,0,42.8078729,0,-0.328776995,0,0,0,0,0,0,0,0,0
18.5210476,18.0664444,0,0.86,-0.86,3,-0.109592332,-2.94067684,0,0,42.9078736,0,-0.328776995,0,0,0,0,0,0,0,0,0
18.4229507,18.0858631,0,0.86,-0.86,3,-0.109592332,-2.95163589,0,0,43.0078744,0,-0.328776995,0,0,0,0,0,0,0,0,0
18.324646,18.1042061,0,0.86,-0.86,3,-0.109592332,-2.96259493,0,0,43.1078752,0,-0.328776995,0,0,0,0,0,0,0,0,0
18.2261467,18.1214714,0,0.86,-0.86,3,-0.109592332,-2.97355398,0,0,43.207876,0,-0.328776995,0,0,0,0,0,0,0,0,0
18.1274643,18.1376553,0,0.86,-0.86,3,-0.109592332,-2.98451302,0,0,43.3078767,0,-0.328776995,0,0,0,0,0,0,0,0,0
18.0286102,18.1527576,0,0.86,-0.86,3,-0.109592332,-2.99547207,0,0,43.4078775,0,-0.328776995,0,0,0,0,0,0,0,0,0
17.9295979,18.1667767,0,0.86,-0.86,3,-0.109592332,-3.00643111,0,0,43.5078783,0,-0.328776995,0,0,0,0,0,0,0,0,0
17.8304367,18.1797085,0,0.86,-0.86,3,-0.109592332,-3.01739015,0,0,43.6078791,0,-0.328776995,0,0,0,0,0,0,0,0,0
17.7311401,18.1915531,0,0.86,-0.86,3,-0.109592332,-3.0283492,0,0,43.7078798,0,-0.328776995,0,0,0,0,0,0,0,0,0
17.6317196,18.2023087,0,0.86,-0.86,3,-0.109592332,-3.03930824,0,0,43.8078806,0,-0.328776995,0,0,0,0,0,0,0,0,0
17.5321865,18.2119732,0,0.86,-0.86,3,-0.109592332,-3.05026729,0,0,43.9078814,0,-0.328776995,0,0,0,0,0,0,0,0,0
17.4325542,18.2205486,0,0.86,-0.86,3,-0.109592332,-3.06122633,0,0,44.0078822,0,-0.328776995,0,0,0,0,0,0,0,0,0
17.3328323,18.2280293,0,0.86,-0.86,3,-0.109592332,-3.07218537,0,0,44.107883,0,-0.328776995,0,0,0,0,0,0,0,0,0
17.233036,18.2344189,0,0.86,-0.86,3,-0.109592332,-3.08314442,0,0,44.2078837,0,-0.328776995,0,0,0,0,0,0,0,0,0
17.1331768,18.2397118,0,0.86,-0.86,3,-0.109592332,-3.09410346,0,0,44.3078845,0,-0.328776995,0,0,0,0,0,0,0,0,0
17.0332642,18.2439117,0,0.86,-0.86,3,-0.109592332,-3.10506251,0,0,44.4078853,0,-0.328776995,0,0,0,0,0,0,0,0,0
16.9333115,18.2470169,0,0.86,-0.86,3,-0.109592332,-3.11602155,0,0,44.5078861,0,-0.328776995,0,0,0,0,0,0,0,0,0
16.8333302,18.2490253,0,0.86,-0.86,3,-0.109592332,-3.12698059,0,0,44.6078868,0,-0.328776995,0,0,0,0,0,0,0,0,0
16.7333336,18.249939,0,0.86,-0.86,3,-0.109592332,-3.13793964,0,0,44.7078876,0,-0.328776995,0,0,0,0,0,0,0,0,0
16.6333332,18.2497559,0,0.86,-0.86,3,-0.109592332,-3.14889868,0,0,44.8078884,0,-0.328776995,0,0,0,0,0,0,0,0,0
16.5333405,18.2484779,0,0.86,-0.86,3,-0.109592332,-3.15985773,0,0,44.9078892,0,-0.328776995,0,0,0,0,0,0,0,0,0
16.4333687,18.2461033,0,0.86,-0.86,3,-0.109592332,-3.17081677,0,0,45.00789,0,-0.328776995,0,0,0,0,0,0,0,0,0
16.3334274,18.2426338,0,0.86,-0.86,3,-0.109592332,-3.18177582,0,0,45.1078907,0,-0.328776995,0,0,0,0,0,0,0,0,0
16.23353,18.2380695,0,0.86,-0.86,3,-0.109592332,-3.19273486,0,0,45.2078915,0,-0.328776995,0,0,0,0,0,0,0,0,0
16.1336899,18.2324104,0,0.86,-0.86,3,-0.109592332,-3.2036939,0,0,45.3078923,0,-0.328776995,0,0,0,0,0,0,0,0,0
16.0339184,18.2256565,0,0.86,-0.86,3,-0.109592332,-3.21465295,0,0,45.4078931,0,-0.328776995,0,0,0,0,0,0,0,0,0
15.9342251,18.2178116,0,0.86,-0.86,3,-0.109592332,-3.22561199,0,0,45.5078938,0,-0.328776995,0,0,0,0,0,0,0,0,0
15.8346243,18.2088737,0,0.86,-0.86,3,-0.109592332,-3.23657104,0,0,45.6078946,0,-0.328776995,0,0,0,0,0,0,0,0,0
15.7351284,18.1988449,0,0.86,-0.86,3,-0.109592332,-3.24753008,0,0,45.7078954,0,-0.328776995,0,0,0,0,0,0,0,0,0
15.635747,18.1877251,0,0.86,-0.86,3,-0.109592332,-3.25848912,0,0,45.8078962,0,-0.328776995,0,0,0,0,0,0,0,0,0
15.5364943,18.175518,0,0.86,-0.86,3,-0.109592332,-3.26944817,0,0,45.907897,0,-0.328776995,0,0,0,0,0,0,0,0,0
15.4373817,18.1622238,0,0.86,-0.86,3,-0.109592332,-3.28040721,0,0,46.0078977,0,-0.328776995,0,0,0,0,0,0,0,0,0
15.3384199,18.1478443,0,0.86,-0.86,3,-0.109592332,-3.29136626,0,0,46.1078985,0,-0.328776995,0,0,0,0,0,0,0,0,0
15.2396221,18.1323814,0,0.86,-0.86,3,-0.109592332,-3.3023253,0,0,46.2078993,0,-0.328776995,0,0,0,0,0,0,0,0,0
15.1409988,18.1158371,0,0.86,-0.86,3,-0.109592332,-3.31328435,0,0,46.3079001,0,-0.328776995,0,0,0,0,0,0,0,0,0
15.0425634,18.0982113,0,0.86,-0.86,3,-0.109592332,-3.32424339,0,0,46.4079008,0,-0.328776995,0,0,0,0,0,0,0,0,0
14.9443274,18.0795097,0,0.86,-0.86,3,-0.109592332,-3.33520243,0,0,46.5079016,0,-0.328776995,0,0,0,0,0,0,0,0,0
14.846302,18.0597324,0,0.86,-0.86,3,-0.109592332,-3.34616148,0,0,46.6079024,0,-0.328776995,0,0,0,0,0,0,0,0,0
14.7484989,18.0388813,0,0.86,-0.86,3,-0.109592332,-3.35712052,0,0,46.7079032,0,-0.328776995,0,0,0,0,0,0,0,0,0
14.6509304,18.0169601,0,0.86,-0.86,3,-0.109592332,-3.36807957,0,0,46.8079039,0,-0.328776995,0,0,0,0,0,0,0,0,0
14.5536079,17.9939709,0,0.86,-0.86,3,-0.109592332,-3.37903861,0,0,46.9079047,0,-0.328776995,0,0,0,0,0,0,0,0,0
14.4565439,17.9699154,0,0.86,-0.86,3,-0.109592332,-3.38999765,0,0,47.0079055,0,-0.328776995,0,0,0,0,0,0,0,0,0
14.3597488,17.9447994,0,0.86,-0.86,3,-0.109592332,-3.4009567,0,0,47.1079063,0,-0.328776995,0,0,0,0,0,0,0,0,0
14.2632341,17.918623,0,0.86,-0.86,3,-0.109592332,-3.41191574,0,0,47.2079071,0,-0.328776995,0,0,0,0,0,0,0,0,0
14.1670132,17.8913898,0,0.86,-0.86,3,-0.109592332,-3.42287479,0,0,47.3079078,0,-0.328776995,0,0,0,0,0,0,0,0,0
14.0710955,17.8631058,0,0.86,-0.86,3,-0.109592332,-3.43383383,0,0,47.4079086,0,-0.328776995,0,0,0,0,0,0,0,0,0
13.9754944,17.8337708,0,0.86,-0.86,3,-0.109592332,-3.44479287,0,0,47.5079094,0,-0.328776995,0,0,0,0,0,0,0,0,0
13.8802195,17.8033905,0,0.86,-0.86,3,-0.109592332,-3.45575192,0,0,47.6079102,0,-0.328776995,0,0,0,0,0,0,0,0,0
13.785284,17.7719688,0,0.86,-0.86,3,-0.109592332,-3.46671096,0,0,47.7079109,0,-0.328776995,0,0,0,0,0,0,0,0,0
13.6906986,17.7395077,0,0.86,-0.86,3,-0.109592332,-3.47767001,0,0,47.8079117,0,-0.328776995,0,0,0,0,0,0,0,0,0
13.5964746,17.7060108,0,0.86,-0.86,3,-0.109592332,-3.48862905,0,0,47.9079125,0,-0.328776995,0,0,0,0,0,0,0,0,0
13.5026236,17.6714859,0,0.86,-0.86,3,-0.109592332,-3.4995881,0,0,48.0079133,0,-0.328776995,0,0,0,0,0,0,0,0,0
13.4091558,17.6359329,0,0.86,-0.86,3,-0.109592332,-3.51054714,0,0,48.1079141,0,-0.328776995,0,0,0,0,0,0,0,0,0
13.3160839,17.5993576,0,0.86,-0.86,3,-0.109592332,-3.52150618,0,0,48.2079148,0,-0.328776995,0,0,0,0,0,0,0,0,0
13.2234173,17.5617657,0,0.86,-0.86,3,-0.109592332,-3.53246523,0,0,48.3079156,0,-0.328776995,0,0,0,0,0,0,0,0,0
13.1311693,17.523159,0,0.86,-0.86,3,-0.109592332,-3.54342427,0,0,48.4079164,0,-0.328776995,0,0,0,0,0,0,0,0,0
13.0393496,17.4835453,0,0.86,-0.86,3,-0.109592332,-3.55438332,0,0,48.5079172,0,-0.328776995,0,0,0,0,0,0,0,0,0
12.9479694,17.4429264,0,0.86,-0.86,3,-0.109592332,-3.56534236,0,0,48.6079179,0,-0.328776995,0,0,0,0,0,0,0,0,0
12.8570404,17.4013081,0,0.86,-0.86,3,-0.109592332,-3.5763014,0,0,48.7079187,0,-0.328776995,0,0,0,0,0,0,0,0,0
12.766573,17.3586979,0,0.86,-0.86,3,-0.109592332,-3.58726045,0,0,48.8079195,0,-0.328776995,0,0,0,0,0,0,0,0,0
12.6765776,17.3150978,0,0.86,-0.86,3,-0.109592332,-3.59821949,0,0,48.9079203,0,-0.328776995,0,0,0,0,0,0,0,0,0
12.5870647,17.2705135,0,0.86,-0.86,3,-0.109592332,-3.60917854,0,0,49.007921,0,-0.328776995,0,0,0,0,0,0,0,0,0
12.4980469,17.2249508,0,0.86,-0.86,3,-0.109592332,-3.62013758,0,0,49.1079218,0,-0.328776995,0,0,0,0,0,0,0,0,0
12.4095325,17.1784172,0,0.86,-0.86,3,-0.109592332,-3.63109663,0,0,49.2079226,0,-0.328776995,0,0,0,0,0,0,0,0,0
12.3215342,17.1309147,0,0.86,-0.86,3,-0.109592332,-3.64205567,0,0,49.3079234,0,-0.328776995,0,0,0,0,0,0,0,0,0
12.2340622,17.0824509,0,0.86,-0.86,3,-0.109592332,-3.65301471,0,0,49.4079242,0,-0.328776995,0,0,0,0,0,0,0,0,0
12.1471262,17.0330315,0,0.86,-0.86,3,-0.109592332,-3.66397376,0,0,49.5079249,0,-0.328776995,0,0,0,0,0,0,0,0,0
12.0607367,16.9826622,0,0.86,-0.86,3,-0.109592332,-3.6749328,0,0,49.6079257,0,-0.328776995,0,0,0,0,0,0,0,0,0
11.9749041,16.9313507,0,0.86,-0.86,3,-0.109592332,-3.68589185,0,0,49.7079265,0,-0.328776995,0,0,0,0,0,0,0,0,0
11.8896399,16.8790989,0,0.86,-0.86,3,-0.109592332,-3.69685089,0,0,49.8079273,0,-0.328776995,0,0,0,0,0,0,0,0,0
11.8049526,16.8259182,0,0.86,-0.86,3,-0.109592332,-3.70780993,0,0,49.907928,0,-0.328776995,0,0,0,0,0,0,0,0,0
11.7208538,16.7718124,0,0.86,-0.86,3,-0.109592332,-3.71876898,0,0,50.0079288,0,-0.328776995,0,0,0,0,0,0,0,0,0
11.6373529,16.7167873,0,0.86,-0.86,3,-0.109592332,-3.72972802,0,0,50.1079296,0,-0.328776995,0,0,0,0,0,0,0,0,0
11.5544596,16.6608505,0,0.86,-0.86,3,-0.109592332,-3.74068707,0,0,50.2079304,0,-0.328776995,0,0,0,0,0,0,0,0,0
11.4721842,16.6040096,0,0.86,-0.86,3,-0.109592332,-3.75164611,0,0,50.3079312,0,-0.328776995,0,0,0,0,0,0,0,0,0
11.3905373,16.5462685,0,0.86,-0.86,3,-0.109592332,-3.76260515,0,0,50.4079319,0,-0.328776995,0,0,0,0,0,0,0,0,0
11.3095274,16.4876385,0,0.86,-0.86,3,-0.109592332,-3.7735642,0,0,50.5079327,0,-0.328776995,0,0,0,0,0,0,0,0,0
11.229166,16.4281216,0,0.86,-0.86,3,-0.109592332,-3.78452324,0,0,50.6079335,0,-0.328776995,0,0,0,0,0,0,0,0,0
11.1494608,16.3677292,0,0.86,-0.86,3,-0.109592332,-3.79548229,0,0,50.7079343,0,-0.328776995,0,0,0,0,0,0,0,0,0
11.0704222,16.3064671,0,0.86,-0.86,3,-0.109592332,-3.80644133,0,0,50.807935,0,-0.328776995,0,0,0,0,0,0,0,0,0
10.9920597,16.2443428,0,0.86,-0.86,3,-0.109592332,-3.81740038,0,0,50.9079358,0,-0.328776995,0,0,0,0,0,0,0,0,0
10.9143829,16.1813622,0,0.86,-0.86,3,-0.109592332,-3.82835942,0,0,51.0079366,0,-0.328776995,0,0,0,0,0,0,0,0,0
10.8374004,16.1175365,0,0.86,-0.86,3,-0.109592332,-3.83931846,0,0,51.1079374,0,-0.328776995,0,0,0,0,0,0,0,0,0
10.7611227,16.0528679,0,0.86,-0.86,3,-0.109592332,-3.85027751,0,0,51.2079382,0,-0.328776995,0,0,0,0,0,0,0,0,0
10.6855583,15.9873695,0,0.86,-0.86,3,-0.109592332,-3.86123655,0,0,51.3079389,0,-0.328776995,0,0,0,0,0,0,0,0,0
10.6107159,15.9210463,0,0.86,-0.86,3,-0.109592332,-3.8721956,0,0,51.4079397,0,-0.328776995,0,0,0,0,0,0,0,0,0
10.5366049,15.8539066,0,0.86,-0.86,3,-0.109592332,-3.88315464,0,0,51.5079405,0,-0.328776995,0,0,0,0,0,0,0,0,0
10.4632339,15.7859592,0,0.86,-0.86,3,-0.109592332,-3.89411368,0,0,51.6079413,0,-0.328776995,0,0,0,0,0,0,0,0,0
10.3906126,15.7172117,0,0.86,-0.86,3,-0.109592332,-3.90507273,0,0,51.707942,0,-0.328776995,0,0,0,0,0,0,0,0,0
10.3187485,15.6476717,0,0.86,-0.86,3,-0.109592332,-3.91603177,0,0,51.8079428,0,-0.328776995,0,0,0,0,0,0,0,0,0
10.2476501,15.5773497,0,0.86,-0.86,3,-0.109592332,-3.92699082,0,0,51.9079436,0,-0.328776995,0,0,0,0,0,0,0,0,0
10.1773281,15.5062513,0,0.86,-0.86,3,-0.109592332,-3.93794986,0,0,52.0079444,0,-0.328776995,0,0,0,0,0,0,0,0,0
10.107789,15.4343882,0,0.86,-0.86,3,-0.109592332,-3.94890891,0,0,52.1079451,0,-0.328776995,0,0,0,0,0,0,0,0,0
10.0390406,15.3617659,0,0.86,-0.86,3,-0.109592332,-3.95986795,0,0,52.2079459,0,-0.328776995,0,0,0,0,0,0,0,0,0
9.97109318,15.2883949,0,0.86,-0.86,3,-0.109592332,-3.97082699,0,0,52.3079467,0,-0.328776995,0,0,0,0,0,0,0,0,0
9.90395355,15.2142839,0,0.86,-0.86,3,-0.109592332,-3.98178604,0,0,52.4079475,0,-0.328776995,0,0,0,0,0,0,0,0,0
9.83763027,15.1394415,0,0.86,-0.86,3,-0.109592332,-3.99274508,0,0,52.5079483,0,-0.328776995,0,0,0,0,0,0,0,0,0
9.77213097,15.0638771,0,0.86,-0.86,3,-0.109592332,-4.00370413,0,0,52.607949,0,-0.328776995,0,0,0,0,0,0,0,0,0
9.70746422,14.9875994,0,0.86,-0.86,3,-0.109592332,-4.01466317,0,0,52.7079498,0,-0.328776995,0,0,0,0,0,0,0,0,0
9.6436367,14.9106169,0,0.86,-0.86,3,-0.109592332,-4.02562221,0,0,52.8079506,0,-0.328776995,0,0,0,0,0,0,0,0,0
9.58065701,14.8329401,0,0.86,-0.86,3,-0.109592332,-4.03658126,0,0,52.9079514,0,-0.328776995,0,0,0,0,0,0,0,0,0
9.51853275,14.7545776,0,0.86,-0.86,3,-0.109592332,-4.0475403,0,0,53.0079521,0,-0.328776995,0,0,0,0,0,0,0,0,0
9.45726967,14.675539,0,0.86,-0.86,3,-0.109592332,-4.05849935,0,0,53.1079529,0,-0.328776995,0,0,0,0,0,0,0,0,0
9.39687729,14.5958347,0,0.86,-0.86,3,-0.109592332,-4.06945839,0,0,53.2079537,0,-0.328776995,0,0,0,0,0,0,0,0,0
9.33736229,14.5154724,0,0.86,-0.86,3,-0.109592332,-4.08041743,0,0,53.3079545,0,-0.328776995,0,0,0,0,0,0,0,0,0
9.27873135,14.4344625,0,0.86,-0.86,3,-0.109592332,-4.09137648,0,0,53.4079553,0,-0.328776995,0,0,0,0,0,0,0,0,0
9.22099113,14.3528156,0,0.86,-0.86,3,-0.109592332,-4.10233552,0,0,53.507956,0,-0.328776995,0,0,0,0,0,0,0,0,0
9.16414928,14.2705402,0,0.86,-0.86,3,-0.109592332,-4.11329457,0,0,53.6079568,0,-0.328776995,0,0,0,0,0,0,0,0,0
9.10821342,14.1876469,0,0.86,-0.86,3,-0.109592332,-4.12425361,0,0,53.7079576,0,-0.328776995,0,0,0,0,0,0,0,0,0
9.05318832,14.104146,0,0.86,-0.86,3,-0.109592332,-4.13521266,0,0,53.8079584,0,-0.328776995,0,0,0,0,0,0,0,0,0
8.99908161,14.0200472,0,0.86,-0.86,3,-0.109592332,-4.1461717,0,0,53.9079591,0,-0.328776995,0,0,0,0,0,0,0,0,0
8.94589996,13.93536,0,0.86,-0.86,3,-0.109592332,-4.15713074,0,0,54.0079599,0,-0.328776995,0,0,0,0,0,0,0,0,0
8.89365005,13.8500957,0,0.86,-0.86,3,-0.109592332,-4.16808979,0,0,54.1079607,0,-0.328776995,0,0,0,0,0,0,0,0,0
8.84233761,13.7642632,0,0.86,-0.86,3,-0.109592332,-4.17904883,0,0,54.2079615,0,-0.328776995,0,0,0,0,0,0,0,0,0
8.79196835,13.6778736,0,0.86,-0.86,3,-0.109592332,-4.19000788,0,0,54.3079622,0,-0.328776995,0,0,0,0,0,0,0,0,0
8.74254894,13.5909376,0,0.86,-0.86,3,-0.109592332,-4.20096692,0,0,54.407963,0,-0.328776995,0,0,0,0,0,0,0,0,0
8.69408512,13.5034657,0,0.86,-0.86,3,-0.109592332,-4.21192596,0,0,54.5079638,0,-0.328776995,0,0,0,0,0,0,0,0,0
8.64658356,13.4154673,0,0.86,-0.86,3,-0.109592332,-4.22288501,0,0,54.6079646,0,-0.328776995,0,0,0,0,0,0,0,0,0
8.60004902,13.3269539,0,0.86,-0.86,3,-0.109592332,-4.23384405,0,0,54.7079654,0,-0.328776995,0,0,0,0,0,0,0,0,0
8.55448627,13.2379351,0,0.86,-0.86,3,-0.109592332,-4.2448031,0,0,54.8079661,0,-0.328776995,0,0,0,0,0,0,0,0,0
8.50990295,13.1484232,0,0.86,-0.86,3,-0.109592332,-4.25576214,0,0,54.9079669,0,-0.328776995,0,0,0,0,0,0,0,0,0
8.46630287,13.0584278,0,0.86,-0.86,3,-0.109592332,-4.26672119,0,0,55.0079677,0,-0.328776995,0,0,0,0,0,0,0,0,0
8.4236908,12.9679594,0,0.86,-0.86,3,-0.109592332,-4.27768023,0,0,55.1079685,0,-0.328776995,0,0,0,0,0,0,0,0,0
8.38207436,12.8770304,0,0.86,-0.86,3,-0.109592332,-4.28863927,0,0,55.2079692,0,-0.328776995,0,0,0,0,0,0,0,0,0
8.34145546,12.7856503,0,0.86,-0.86,3,-0.109592332,-4.29959832,0,0,55.30797,0,-0.328776995,0,0,0,0,0,0,0,0,0
8.30184078,12.6938305,0,0.86,-0.86,3,-0.109592332,-4.31055736,0,0,55.4079708,0,-0.328776995,0,0,0,0,0,0,0,0,0
8.26323509,12.6015825,0,0.86,-0.86,3,-0.109592332,-4.32151641,0,0,55.5079716,0,-0.328776995,0,0,0,0,0,0,0,0,0
8.2256422,12.5089169,0,0.86,-0.86,3,-0.109592332,-4.33247545,0,0,55.6079724,0,-0.328776995,0,0,0,0,0,0,0,0,0
8.18906784,12.415844,0,0.86,-0.86,3,-0.109592332,-4.34343449,0,0,55.7079731,0,-0.328776995,0,0,0,0,0,0,0,0,0
8.15351486,12.3223772,0,0.86,-0.86,3,-0.109592332,-4.35439354,0,0,55.8079739,0,-0.328776995,0,0,0,0,0,0,0,0,0
8.11898899,12.2285252,0,0.86,-0.86,3,-0.109592332,-4.36535258,0,0,55.9079747,0,-0.328776995,0,0,0,0,0,0,0,0,0
8.08549309,12.1343012,0,0.86,-0.86,3,-0.109592332,-4.37631163,0,0,56.0079755,0,-0.328776995,0,0,0,0,0,0,0,0,0
8.05303192,12.0397158,0,0.86,-0.86,3,-0.109592332,-4.38727067,0,0,56.1079762,0,-0.328776995,0,0,0,0,0,0,0,0,0
8.02160931,11.9447803,0,0.86,-0.86,3,-0.109592332,-4.39822972,0,0,56.207977,0,-0.328776995,0,0,0,0,0,0,0,0,0
7.99122906,11.8495054,0,0.86,-0.86,3,-0.109592332,-4.40918876,0,0,56.3079778,0,-0.328776995,0,0,0,0,0,0,0,0,0
7.96189451,11.7539043,0,0.86,-0.86,3,-0.109592332,-4.4201478,0,0,56.4079786,0,-0.328776995,0,0,0,0,0,0,0,0,0
7.93360949,11.6579866,0,0.86,-0.86,3,-0.109592332,-4.43110685,0,0,56.5079794,0,-0.328776995,0,0,0,0,0,0,0,0,0
7.90637732,11.5617657,0,0.86,-0.86,3,-0.109592332,-4.44206589,0,0,56.6079801,0,-0.328776995,0,0,0,0,0,0,0,0,0
7.88020134,11.4652519,0,0.86,-0.86,3,-0.109592332,-4.45302494,0,0,56.7079809,0,-0.328776995,0,0,0,0,0,0,0,0,0
7.85508442,11.3684559,0,0.86,-0.86,3,-0.109592332,-4.46398398,0,0,56.8079817,0,-0.328776995,0,0,0,0,0,0,0,0,0
7.83102989,11.2713919,0,0.86,-0.86,3,-0.109592332,-4.47494302,0,0,56.9079825,0,-0.328776995,0,0,0,0,0,0,0,0,0
7.80804062,11.1740694,0,0.86,-0.86,3,-0.109592332,-4.48590207,0,0,57.0079832,0,-0.328776995,0,0,0,0,0,0,0,0,0
7.78611946,11.0765009,0,0.86,-0.86,3,-0.109592332,-4.49686111,0,0,57.107984,0,-0.328776995,0,0,0,0,0,0,0,0,0
7.76526833,10.9786978,0,0.86,-0.86,3,-0.109592332,-4.50782016,0,0,57.2079848,0,-0.328776995,0,0,0,0,0,0,0,0,0
7.74549055,10.8806725,0,0.86,-0.86,3,-0.109592332,-4.5187792,0,0,57.3079856,0,-0.328776995,0,0,0,0,0,0,0,0,0
7.72678804,10.7824364,0,0.86,-0.86,3,-0.109592332,-4.52973824,0,0,57.4079863,0,-0.328776995,0,0,0,0,0,0,0,0,0
7.70916367,10.684001,0,0.86,-0.86,3,-0.109592332,-4.54069729,0,0,57.5079871,0,-0.328776995,0,0,0,0,0,0,0,0,0
7.69261837,10.5853786,0,0.86,-0.86,3,-0.109592332,-4.55165633,0,0,57.6079879,0,-0.328776995,0,0,0,0,0,0,0,0,0
7.67715549,10.4865799,0,0.86,-0.86,3,-0.109592332,-4.56261538,0,0,57.7079887,0,-0.328776995,0,0,0,0,0,0,0,0,0
7.66277599,10.387619,0,0.86,-0.86,3,-0.109592332,-4.57357442,0,0,57.8079895,0,-0.328776995,0,0,0,0,0,0,0,0,0
7.64948177,10.2885056,0,0.86,-0.86,3,-0.109592332,-4.58453347,0,0,57.9079902,0,-0.328776995,0,0,0,0,0,0,0,0,0
7.63727474,10.1892529,0,0.86,-0.86,3,-0.109592332,-4.59549251,0,0,58.007991,0,-0.328776995,0,0,0,0,0,0,0,0,0
7.62615585,10.0898724,0,0.86,-0.86,3,-0.109592332,-4.60645155,0,0,58.1079918,0,-0.328776995,0,0,0,0,0,0,0,0,0
7.61612701,9.99037552,0,0.86,-0.86,3,-0.109592332,-4.6174106,0,0,58.2079926,0,-0.328776995,0,0,0,0,0,0,0,0,0
7.6071887,9.89077473,0,0.86,-0.86,3,-0.109592332,-4.62836964,0,0,58.3079933,0,-0.328776995,0,0,0,0,0,0,0,0,0
7.59934282,9.79108238,0,0.86,-0.86,3,-0.109592332,-4.63932869,0,0,58.4079941,0,-0.328776995,0,0,0,0,0,0,0,0,0
7.59258986,9.69130993,0,0.86,-0.86,3,-0.109592332,-4.65028773,0,0,58.5079949,0,-0.328776995,0,0,0,0,0,0,0,0,0
7.58693075,9.59146881,0,0.86,-0.86,3,-0.109592332,-4.66124677,0,0,58.6079957,0,-0.328776995,0,0,0,0,0,0,0,0,0
7.58236599,9.49157238,0,0.86,-0.86,3,-0.109592332,-4.67220582,0,0,58.7079965,0,-0.328776995,0,0,0,0,0,0,0,0,0
7.57889652,9.39163208,0,0.86,-0.86,3,-0.109592332,-4.68316486,0,0,58.8079972,0,-0.328776995,0,0,0,0,0,0,0,0,0
7.57652187,9.29165936,0,0.86,-0.86,3,-0.109592332,-4.69412391,0,0,58.907998,0,-0.328776995,0,0,0,0,0,0,0,0,0
7.57524347,9.1916666,0,0.86,-0.86,3,-0.109592332,-4.70508295,0,0,59.0079988,0,-0.328776995,0,0,0,0,0,0,0,0,0
7.57506084,9.09166622,0,0.86,-0.86,3,-0.109592332,1.56714331,0,0,59.1079996,0,-0.328776995,0,0,0,0,0,0,0,0,0
7.57597399,8.99166965,0,0.86,-0.86,3,-0.109592332,1.55618427,0,0,59.2080003,0,-0.328776995,0,0,0,0,0,0,0,0,0
7.57798338,8.8916893,0,0.86,-0.86,3,-0.109592332,1.54522522,0,0,59.3080011,0,-0.328776995,0,0,0,0,0,0,0,0,0
7.58108759,8.7917366,0,0.86,-0.86,3,-0.109592332,1.53426618,0,0,59.4080019,0,-0.328776995,0,0,0,0,0,0,0,0,0
7.58528757,8.69182396,0,0.86,-0.86,3,-0.109592332,1.52330714,0,0,59.5080027,0,-0.328776995,0,0,0,0,0,0,0,0,0
7.59058189,8.59196377,0,0.86,-0.86,3,-0.109592332,1.51234809,0,0,59.6080034,0,-0.328776995,0,0,0,0,0,0,0,0,0
7.59697056,8.49216652,0,0.86,-0.86,3,-0.109592332,1.50138905,0,0,59.7080042,0,-0.328776995,0,0,0,0,0,0,0,0,0
7.60445213,8.39244652,0,0.86,-0.86,3,-0.109592332,1.49043,0,0,59.808005,0,-0.328776995,0,0,0,0,0,0,0,0,0
7.61302614,8.29281425,0,0.86,-0.86,3,-0.109592332,1.47947096,0,0,59.9080058,0,-0.328776995,0,0,0,0,0,0,0,0,0
7.62269163,8.19328117,0,0.86,-0.86,3,-0.109592332,1.46851191,0,0,60.0080066,0,-0.328776995,0,0,0,0,0,0,0,0,0
7.63344717,8.09386063,0,0.86,-0.86,3,-0.109592332,1.45755287,0,0,60.1080073,0,-0.328776995,0,0,0,0,0,0,0,0,0
7.64529181,7.99456406,0,0.86,-0.86,3,-0.109592332,1.44659383,0,0,60.2080081,0,-0.328776995,0,0,0,0,0,0,0,0,0
7.65822411,7.89540291,0,0.86,-0.86,3,-0.109592332,1.43563478,0,0,60.3080089,0,-0.328776995,0,0,0,0,0,0,0,0,0
7.67224169,7.79638958,0,0.86,-0.86,3,-0.109592332,1.42467574,0,0,60.4080097,0,-0.328776995,0,0,0,0,0,0,0,0,0
7.68734407,7.69753551,0,0.86,-0.86,3,-0.109592332,1.41371669,0,0,60.5080104,0,-0.328776995,0,0,0,0,0,0,0,0,0
7.7035284,7.59885311,0,0.86,-0.86,3,-0.109592332,1.40275765,0,0,60.6080112,0,-0.328776995,0,0,0,0,0,0,0,0,0
7.72079325,7.50035381,0,0.86,-0.86,3,-0.109592332,1.39179861,0,0,60.708012,0,-0.328776995,0,0,0,0,0,0,0,0,0
7.7391367,7.40205002,0,0.86,-0.86,3,-0.109592332,1.38083956,0,0,60.8080128,0,-0.328776995,0,0,0,0,0,0,0,0,0
7.75855637,7.30395317,0,0.86,-0.86,3,-0.109592332,1.36988052,0,0,60.9080136,0,-0.328776995,0,0,0,0,0,0,0,0,0
7.77904987,7.20607471,0,0.86,-0.86,3,-0.109592332,1.35892147,0,0,61.0080143,0,-0.328776995,0,0,0,0,0,0,0,0,0
7.80061483,7.10842657,0,0.86,-0.86,3,-0.109592332,1.34796243,0,0,61.1080151,0,-0.328776995,0,0,0,0,0,0,0,0,0
7.82324839,7.01102114,0,0.86,-0.86,3,-0.109592332,1.33700339,0,0,61.2080159,0,-0.328776995,0,0,0,0,0,0,0,0,0
7.84694815,6.91386938,0,0.86,-0.86,3,-0.109592332,1.32604434,0,0,61.3080167,0,-0.328776995,0,0,0,0,0,0,0,0,0
7.87171125,6.81698275,0,0.86,-0.86,3,-0.109592332,1.3150853,0,0,61.4080174,0,-0.328776995,0,0,0,0,0,0,0,0,0
7.89753437,6.72037363,0,0.86,-0.86,3,-0.109592332,1.30412625,0,0,61.5080182,0,-0.328776995,0,0,0,0,0,0,0,0,0
7.92441511,6.62405348,0,0.86,-0.86,3,-0.109592332,1.29316721,0,0,61.608019,0,-0.328776995,0,0,0,0,0,0,0,0,0
7.95234919,6.52803373,0,0.86,-0.86,3,-0.109592332,1.28220816,0,0,61.7080198,0,-0.328776995,0,0,0,0,0,0,0,0,0
7.98133421,6.43232536,0,0.86,-0.86,3,-0.109592332,1.27124912,0,0,61.8080206,0,-0.328776995,0,0,0,0,0,0,0,0,0
8.01136684,6.33694077,0,0.86,-0.86,3,-0.109592332,1.26029008,0,0,61.9080213,0,-0.328776995,0,0,0,0,0,0,0,0,0
8.04244232,6.24189138,0,0.86,-0.86,3,-0.109592332,1.24933103,0,0,62.0080221,0,-0.328776995,0,0,0,0,0,0,0,0,0
8.0745573,6.14718771,0,0.86,-0.86,3,-0.109592332,1.23837199,0,0,62.1080229,0,-0.328776995,0,0,0,0,0,0,0,0,0
8.10770893,6.05284166,0,0.86,-0.86,3,-0.109592332,1.22741294,0,0,62.2080237,0,-0.328776995,0,0,0,0,0,0,0,0,0
8.14189243,5.95886469,0,0.86,-0.86,3,-0.109592332,1.2164539,0,0,62.3080244,0,-0.328776995,0,0,0,0,0,0,0,0,0
8.17710304,5.86526823,0,0.86,-0.86,3,-0.109592332,1.20549486,0,0,62.4080252,0,-0.328776995,0,0,0,0,0,0,0,0,0
8.2133379,5.77206278,0,0.86,-0.86,3,-0.109592332,1.19453581,0,0,62.508026,0,-0.328776995,0,0,0,0,0,0,0,0,0
8.25059128,5.67926025,0,0.86,-0.86,3,-0.109592332,1.18357677,0,0,62.6080268,0,-0.328776995,0,0,0,0,0,0,0,0,0
8.28886032,5.58687162,0,0.86,-0.86,3,-0.109592332,1.17261772,0,0,62.7080275,0,-0.328776995,0,0,0,0,0,0,0,0,0
8.32813931,5.49490786,0,0.86,-0.86,3,-0.109592332,1.16165868,0,0,62.8080283,0,-0.328776995,0,0,0,0,0,0,0,0,0
8.36842346,5.40338039,0,0.86,-0.86,3,-0.109592332,1.15069963,0,0,62.9080291,0,-0.328776995,0,0,0,0,0,0,0,0,0
8.40970802,5.31229925,0,0.86,-0.86,3,-0.109592332,1.13974059,0,0,63.0080299,0,-0.328776995,0,0,0,0,0,0,0,0,0
8.45198822,5.22167635,0,0.86,-0.86,3,-0.109592332,1.12878155,0,0,63.1080307,0,-0.328776995,0,0,0,0,0,0,0,0,0
8.49526024,5.13152266,0,0.86,-0.86,3,-0.109592332,1.1178225,0,0,63.2080314,0,-0.328776995,0,0,0,0,0,0,0,0,0
8.53951645,5.04184771,0,0.86,-0.86,3,-0.109592332,1.10686346,0,0,63.3080322,0,-0.328776995,0,0,0,0,0,0,0,0,0
8.58475304,4.9526639,0,0.86,-0.86,3,-0.109592332,1.09590441,0,0,63.408033,0,-0.328776995,0,0,0,0,0,0,0,0,0
8.63096428,4.86398077,0,0.86,-0.86,3,-0.109592332,1.08494537,0,0,63.5080338,0,-0.328776995,0,0,0,0,0,0,0,0,0
8.67814445,4.77580929,0,0.86,-0.86,3,-0.109592332,1.07398633,0,0,63.6080345,0,-0.328776995,0,0,0,0,0,0,0,0,0
8.72628784,4.68816042,0,0.86,-0.86,3,-0.109592332,1.06302728,0,0,63.7080353,0,-0.328776995,0,0,0,0,0,0,0,0,0
8.77538967,4.60104465,0,0.86,-0.86,3,-0.109592332,1.05206824,0,0,63.8080361,0,-0.328776995,0,0,0,0,0,0,0,0,0
8.82544231,4.51447153,0,0.86,-0.86,3,-0.109592332,1.04110919,0,0,63.9080369,0,-0.328776995,0,0,0,0,0,0,0,0,0
8.876441,4.42845249,0,0.86,-0.86,3,-0.109592332,1.03015015,0,0,64.0080377,0,-0.328776995,0,0,0,0,0,0,0,0,0
8.92838001,4.34299755,0,0.86,-0.86,3,-0.109592332,1.01919111,0,0,64.1080384,0,-0.328776995,0,0,0,0,0,0,0,0,0
8.98125172,4.2581172,0,0.86,-0.86,3,-0.109592332,1.00823206,0,0,64.2080392,0,-0.328776995,0,0,0,0,0,0,0,0,0
9.03505039,4.17382097,0,0.86,-0.86,3,-0.109592332,0.997273017,0,0,64.30804,0,-0.328776995,0,0,0,0,0,0,0,0,0
9.08977032,4.09011936,0,0.86,-0.86,3,-0.109592332,0.986313973,0,0,64.4080408,0,-0.328776995,0,0,0,0,0,0,0,0,0
9.14540291,4.00702238,0,0.86,-0.86,3,-0.109592332,0.975354928,0,0,64.5080415,0,-0.328776995,0,0,0,0,0,0,0,0,0
9.20194435,3.92454028,0,0.86,-0.86,3,-0.109592332,0.964395884,0,0,64.6080423,0,-0.328776995,0,0,0,0,0,0,0,0,0
9.25938511,3.84268284,0,0.86,-0.86,3,-0.109592332,0.95343684,0,0,64.7080431,0,-0.328776995,0,0,0,0,0,0,0,0,0
9.31771946,3.76145959,0,0.86,-0.86,3,-0.109592332,0.942477796,0,0,64.8080439,0,-0.328776995,0,0,0,0,0,0,0,0,0
9.37694168,3.68088055,0,0.86,-0.86,3,-0.109592332,0.931518752,0,0,64.9080446,0,-0.328776995,0,0,0,0,0,0,0,0,0
9.43704224,3.60095525,0,0.86,-0.86,3,-0.109592332,0.920559708,0,0,65.0080454,0,-0.328776995,0,0,0,0,0,0,0,0,0
9.4980154,3.52169347,0,0.86,-0.86,3,-0.109592332,0.909600664,0,0,65.1080462,0,-0.328776995,0,0,0,0,0,0,0,0,0
9.55985355,3.44310474,0,0.86,-0.86,3,-0.109592332,0.89864162,0,0,65.208047,0,-0.328776995,0,0,0,0,0,0,0,0,0
9.62254906,3.36519837,0,0.86,-0.86,3,-0.109592332,0.887682575,0,0,65.3080478,0,-0.328776995,0,0,0,0,0,0,0,0,0
9.68609524,3.28798366,0,0.86,-0.86,3,-0.109592332,0.876723531,0,0,65.4080485,0,-0.328776995,0,0,0,0,0,0,0,0,0
9.75048256,3.21147013,0,0.86,-0.86,3,-0.109592332,0.865764487,0,0,65.5080493,0,-0.328776995,0,0,0,0,0,0,0,0,0
9.8157053,3.13566661,0,0.86,-0.86,3,-0.109592332,0.854805443,0,0,65.6080501,0,-0.328776995,0,0,0,0,0,0,0,0,0
9.88175488,3.0605824,0,0.86,-0.86,3,-0.109592332,0.843846399,0,0,65.7080509,0,-0.328776995,0,0,0,0,0,0,0,0,0
9.94862366,2.9862268,0,0.86,-0.86,3,-0.109592332,0.832887355,0,0,65.8080516,0,-0.328776995,0,0,0,0,0,0,0,0,0
10.0163021,2.91260815,0,0.86,-0.86,3,-0.109592332,0.821928311,0,0,65.9080524,0,-0.328776995,0,0,0,0,0,0,0,0,0
10.0847845,2.83973575,0,0.86,-0.86,3,-0.109592332,0.810969266,0,0,66.0080532,0,-0.328776995,0,0,0,0,0,0,0,0,0
10.1540604,2.76761818,0,0.86,-0.86,3,-0.109592332,0.800010222,0,0,66.108054,0,-0.328776995,0,0,0,0,0,0,0,0,0
10.224123,2.69626427,0,0.86,-0.86,3,-0.109592332,0.789051178,0,0,66.2080548,0,-0.328776995,0,0,0,0,0,0,0,0,0
10.2949638,2.62568212,0,0.86,-0.86,3,-0.109592332,0.778092134,0,0,66.3080555,0,-0.328776995,0,0,0,0,0,0,0,0,0
10.3665733,2.55588078,0,0.86,-0.86,3,-0.109592332,0.76713309,0,0,66.4080563,0,-0.328776995,0,0,0,0,0,0,0,0,0
10.4389429,2.48686838,0,0.86,-0.86,3,-0.109592332,0.756174046,0,0,66.5080571,0,-0.328776995,0,0,0,0,0,0,0,0,0
10.5120649,2.41865325,0,0.86,-0.86,3,-0.109592332,0.745215002,0,0,66.6080579,0,-0.328776995,0,0,0,0,0,0,0,0,0
10.5859308,2.35124326,0,0.86,-0.86,3,-0.109592332,0.734255957,0,0,66.7080586,0,-0.328776995,0,0,0,0,0,0,0,0,0
10.6605301,2.28464723,0,0.86,-0.86,3,-0.109592332,0.723296913,0,0,66.8080594,0,-0.328776995,0,0,0,0,0,0,0,0,0
10.7358551,2.21887231,0,0.86,-0.86,3,-0.109592332,0.712337869,0,0,66.9080602,0,-0.328776995,0,0,0,0,0,0,0,0,0
10.8118963,2.15392709,0,0.86,-0.86,3,-0.109592332,0.701378825,0,0,67.008061,0,-0.328776995,0,0,0,0,0,0,0,0,0
10.8886442,2.08981895,0,0.86,-0.86,3,-0.109592332,0.690419781,0,0,67.1080618,0,-0.328776995,0,0,0,0,0,0,0,0,0
10.9660912,2.02655578,0,0.86,-0.86,3,-0.109592332,0.679460737,0,0,67.2080625,0,-0.328776995,0,0,0,0,0,0,0,0,0
11.0442257,1.96414518,0,0.86,-0.86,3,-0.109592332,0.668501693,0,0,67.3080633,0,-0.328776995,0,0,0,0,0,0,0,0,0
11.1230402,1.90259457,0,0.86,-0.86,3,-0.109592332,0.657542648,0,0,67.4080641,0,-0.328776995,0,0,0,0,0,0,0,0,0
11.2025242,1.84191132,0,0.86,-0.86,3,-0.109592332,0.646583604,0,0,67.5080649,0,-0.328776995,0,0,0,0,0,0,0,0,0
11.2826681,1.78210282,0,0.86,-0.86,3,-0.109592332,0.63562456,0,0,67.6080656,0,-0.328776995,0,0,0,0,0,0,0,0,0
11.3634624,1.72317612,0,0.86,-0.86,3,-0.109592332,0.624665516,0,0,67.7080664,0,-0.328776995,0,0,0,0,0,0,0,0,0
11.4448986,1.66513848,0,0.86,-0.86,3,-0.109592332,0.613706472,0,0,67.8080672,0,-0.328776995,0,0,0,0,0,0,0,0,0
11.5269651,1.6079967,0,0.86,-0.86,3,-0.109592332,0.602747428,0,0,67.908068,0,-0.328776995,0,0,0,0,0,0,0,0,0
11.6096535,1.55175769,0,0.86,-0.86,3,-0.109592332,0.591788384,0,0,68.0080687,0,-0.328776995,0,0,0,0,0,0,0,0,0
11.6929531,1.49642825,0,0.86,-0.86,3,-0.109592332,0.580829339,0,0,68.1080695,0,-0.328776995,0,0,0,0,0,0,0,0,0
11.7768536,1.44201493,0,0.86,-0.86,3,-0.109592332,0.569870295,0,0,68.2080703,0,-0.328776995,0,0,0,0,0,0,0,0,0
11.8613462,1.38852441,0,0.86,-0.86,3,-0.109592332,0.558911251,0,0,68.3080711,0,-0.328776995,0,0,0,0,0,0,0,0,0
11.9464197,1.33596301,0,0.86,-0.86,3,-0.109592332,0.547952207,0,0,68.4080719,0,-0.328776995,0,0,0,0,0,0,0,0,0
12.0320635,1.28433716,0,0.86,-0.86,3,-0.109592332,0.536993163,0,0,68.5080726,0,-0.328776995,0,0,0,0,0,0,0,0,0
12.118268,1.23365283,0,0.86,-0.86,3,-0.109592332,0.526034119,0,0,68.6080734,0,-0.328776995,0,0,0,0,0,0,0,0,0
12.2050238,1.18391633,0,0.86,-0.86,3,-0.109592332,0.515075075,0,0,68.7080742,0,-0.328776995,0,0,0,0,0,0,0,0,0
12.2923183,1.1351335,0,0.86,-0.86,3,-0.109592332,0.50411603,0,0,68.808075,0,-0.328776995,0,0,0,0,0,0,0,0,0
12.3801422,1.08731031,0,0.86,-0.86,3,-0.109592332,0.493156986,0,0,68.9080757,0,-0.328776995,0,0,0,0,0,0,0,0,0
12.4684858,1.04045236,0,0.86,-0.86,3,-0.109592332,0.482197942,0,0,69.0080765,0,-0.328776995,0,0,0,0,0,0,0,0,0
12.5573368,0.994565487,0,0.86,-0.86,3,-0.109592332,0.471238898,0,0,69.1080773,0,-0.328776995,0,0,0,0,0,0,0,0,0
12.6466856,0.949654996,0,0.86,-0.86,3,-0.109592332,0.460279854,0,0,69.2080781,0,-0.328776995,0,0,0,0,0,0,0,0,0
12.7365208,0.905726314,0,0.86,-0.86,3,-0.109592332,0.44932081,0,0,69.3080789,0,-0.328776995,0,0,0,0,0,0,0,0,0
12.8268328,0.862784863,0,0.86,-0.86,3,-0.109592332,0.438361766,0,0,69.4080796,0,-0.328776995,0,0,0,0,0,0,0,0,0
12.9176092,0.82083559,0,0.86,-0.86,3,-0.109592332,0.427402721,0,0,69.5080804,0,-0.328776995,0,0,0,0,0,0,0,0,0
13.0088406,0.779883742,0,0.86,-0.86,3,-0.109592332,0.416443677,0,0,69.6080812,0,-0.328776995,0,0,0,0,0,0,0,0,0
13.1005144,0.739934087,0,0.86,-0.86,3,-0.109592332,0.405484633,0,0,69.708082,0,-0.328776995,0,0,0,0,0,0,0,0,0
13.1926212,0.700991452,0,0.86,-0.86,3,-0.109592332,0.394525589,0,0,69.8080827,0,-0.328776995,0,0,0,0,0,0,0,0,0
13.2851496,0.663060546,0,0.86,-0.86,3,-0.109592332,0.383566545,0,0,69.9080835,0,-0.328776995,0,0,0,0,0,0,0,0,0
13.378087,0.626145959,0,0.86,-0.86,3,-0.109592332,0.372607501,0,0,70.0080843,0,-0.328776995,0,0,0,0,0,0,0,0,0
13.4714241,0.590252042,0,0.86,-0.86,3,-0.109592332,0.361648457,0,0,70.1080851,0,-0.328776995,0,0,0,0,0,0,0,0,0
13.5651484,0.555383146,0,0.86,-0.86,3,-0.109592332,0.350689412,0,0,70.2080858,0,-0.328776995,0,0,0,0,0,0,0,0,0
13.6592503,0.521543503,0,0.86,-0.86,3,-0.109592332,0.339730368,0,0,70.3080866,0,-0.328776995,0,0,0,0,0,0,0,0,0
13.7537165,0.488737077,0,0.86,-0.86,3,-0.109592332,0.328771324,0,0,70.4080874,0,-0.328776995,0,0,0,0,0,0,0,0,0
13.8485365,0.45696786,0,0.86,-0.86,3,-0.109592332,0.31781228,0,0,70.5080882,0,-0.328776995,0,0,0,0,0,0,0,0,0
13.9436989,0.426239699,0,0.86,-0.86,3,-0.109592332,0.306853236,0,0,70.608089,0,-0.328776995,0,0,0,0,0,0,0,0,0
14.0391932,0.396556228,0,0.86,-0.86,3,-0.109592332,0.295894192,0,0,70.7080897,0,-0.328776995,0,0,0,0,0,0,0,0,0
14.135006,0.367921054,0,0.86,-0.86,3,-0.109592332,0.284935148,0,0,70.8080905,0,-0.328776995,0,0,0,0,0,0,0,0,0
14.2311277,0.340337604,0,0.86,-0.86,3,-0.109592332,0.273976104,0,0,70.9080913,0,-0.328776995,0,0,0,0,0,0,0,0,0
14.3275452,0.313809186,0,0.86,-0.86,3,-0.109592332,0.263017059,0,0,71.0080921,0,-0.328776995,0,0,0,0,0,0,0,0,0
14.4242477,0.288338959,0,0.86,-0.86,3,-0.109592332,0.252058015,0,0,71.1080928,0,-0.328776995,0,0,0,0,0,0,0,0,0
14.521224,0.263930053,0,0.86,-0.86,3,-0.109592332,0.241098971,0,0,71.2080936,0,-0.328776995,0,0,0,0,0,0,0,0,0
14.6184616,0.240585327,0,0.86,-0.86,3,-0.109592332,0.230139927,0,0,71.3080944,0,-0.328776995,0,0,0,0,0,0,0,0,0
14.71595,0.218307614,0,0.86,-0.86,3,-0.109592332,0.219180883,0,0,71.4080952,0,-0.328776995,0,0,0,0,0,0,0,0,0
14.8136759,0.197099596,0,0.86,-0.86,3,-0.109592332,0.208221839,0,0,71.508096,0,-0.328776995,0,0,0,0,0,0,0,0,0
14.9116278,0.176963821,0,0.86,-0.86,3,-0.109592332,0.197262795,0,0,71.6080967,0,-0.328776995,0,0,0,0,0,0,0,0,0
15.0097952,0.157902703,0,0.86,-0.86,3,-0.109592332,0.18630375,0,0,71.7080975,0,-0.328776995,0,0,0,0,0,0,0,0,0
15.1081657,0.139918521,0,0.86,-0.86,3,-0.109592332,0.175344706,0,0,71.8080983,0,-0.328776995,0,0,0,0,0,0,0,0,0
15.206727,0.123013437,0,0.86,-0.86,3,-0.109592332,0.164385662,0,0,71.9080991,0,-0.328776995,0,0,0,0,0,0,0,0,0
15.3054686,0.107189491,0,0.86,-0.86,3,-0.109592332,0.153426618,0,0,72.0080998,0,-0.328776995,0,0,0,0,0,0,0,0,0
15.404377,0.0924485773,0,0.86,-0.86,3,-0.109592332,0.142467574,0,0,72.1081006,0,-0.328776995,0,0,0,0,0,0,0,0,0
15.5034409,0.0787924752,0,0.86,-0.86,3,-0.109592332,0.13150853,0,0,72.2081014,0,-0.328776995,0,0,0,0,0,0,0,0,0
15.6026487,0.0662228093,0,0.86,-0.86,3,-0.109592332,0.120549486,0,0,72.3081022,0,-0.328776995,0,0,0,0,0,0,0,0,0
15.7019873,0.0547410995,0,0.86,-0.86,3,-0.109592332,0.109590441,0,0,72.408103,0,-0.328776995,0,0,0,0,0,0,0,0,0
15.8014469,0.0443487242,0,0.86,-0.86,3,-0.109592332,0.0986313973,0,0,72.5081037,0,-0.328776995,0,0,0,0,0,0,0,0,0
15.9010143,0.0350469314,0,0.86,-0.86,3,-0.109592332,0.0876723531,0,0,72.6081045,0,-0.328776995,0,0,0,0,0,0,0,0,0
16.0006771,0.0268368367,0,0.86,-0.86,3,-0.109592332,0.076713309,0,0,72.7081053,0,-0.328776995,0,0,0,0,0,0,0,0,0
16.1004238,0.0197194256,0,0.86,-0.86,3,-0.109592332,0.0657542648,0,0,72.8081061,0,-0.328776995,0,0,0,0,0,0,0,0,0
16.200243,0.0136955529,0,0.86,-0.86,3,-0.109592332,0.0547952207,0,0,72.9081068,0,-0.328776995,0,0,0,0,0,0,0,0,0
16.3001232,0.00876594335,0,0.86,-0.86,3,-0.109592332,0.0438361766,0,0,73.0081076,0,-0.328776995,0,0,0,0,0,0,0,0,0
16.4000511,0.00493118865,0,0.86,-0.86,3,-0.109592332,0.0328771324,0,0,73.1081084,0,-0.328776995,0,0,0,0,0,0,0,0,0
16.5000134,0.00219174917,0,0.86,-0.86,3,-0.109592332,0.0219180883,0,0,73.2081092,0,-0.328776995,0,0,0,0,0,0,0,0,0
16.6000004,0.000547953707,0,0.86,-0.86,3,-0.109592332,0.0109590441,0,0,73.3081099,0,-0.328776995,0,0,0,0,0,0,0,0,0
16.7000008,0.0,0,0.86,-0.86,3,-0.109592317,3.63846087e-06,0,0,73.4081107,0,-0.328776952,0,0,0,0,0,0,0,0,0
16.7999325,0.000547226286,0,0.86,-0.86,3,-0.109592327,-0.0109517672,0,0,73.5080451,0,-0.328776982,0,0,0,0,0,0,0,0,0
16.8998547,0.00218883948,0,0.86,-0.86,3,-0.109592327,-0.0219035344,0,0,73.6079795,0,-0.328776982,0,0,0,0,0,0,0,0,0
16.9997501,0.00492464285,0,0.86,-0.86,3,-0.109592327,-0.0328553017,0,0,73.7079139,0,-0.328776982,0,0,0,0,0,0,0,0,0
17.0996113,0.0087543074,0,0.86,-0.86,3,-0.109592327,-0.0438070689,0,0,73.8078482,0,-0.328776982,0,0,0,0,0,0,0,0,0
17.1994247,0.0136773754,0,0.86,-0.86,3,-0.109592327,-0.0547588361,0,0,73.9077826,0,-0.328776982,0,0,0,0,0,0,0,0,0
17.2991772,0.0196932554,0,0.86,-0.86,3,-0.109592327,-0.0657106033,0,0,74.007717,0,-0.328776982,0,0,0,0,0,0,0,0,0
17.398859,0.0268012248,0,0.86,-0.86,3,-0.109592327,-0.0766623705,0,0,74.1076514,0,-0.328776982,0,0,0,0,0,0,0,0,0
17.498457,0.0350004323,0,0.86,-0.86,3,-0.109592327,-0.0876141377,0,0,74.2075857,0,-0.328776982,0,0,0,0,0,0,0,0,0
17.5979576,0.0442898981,0,0.86,-0.86,3,-0.109592327,-0.098565905,0,0,74.3075201,0,-0.328776982,0,0,0,0,0,0,0,0,0
17.6973515,0.054668501,0,0.86,-0.86,3,-0.109592327,-0.109517672,0,0,74.4074545,0,-0.328776982,0,0,0,0,0,0,0,0,0
17.796627,0.0661349967,0,0.86,-0.86,3,-0.109592327,-0.120469439,0,0,74.5073889,0,-0.328776982,0,0,0,0,0,0,0,0,0
17.8957691,0.078688018,0,0.86,-0.86,3,-0.109592327,-0.131421207,0,0,74.6073232,0,-0.328776982,0,0,0,0,0,0,0,0,0
17.9947681,0.0923260525,0,0.86,-0.86,3,-0.109592327,-0.142372974,0,0,74.7072576,0,-0.328776982,0,0,0,0,0,0,0,0,0
18.0936127,0.107047468,0,0.86,-0.86,3,-0.109592327,-0.153324741,0,0,74.807192,0,-0.328776982,0,0,0,0,0,0,0,0,0
18.1922894,0.122850493,0,0.86,-0.86,3,-0.109592327,-0.164276508,0,0,74.9071264,0,-0.328776982,0,0,0,0,0,0,0,0,0
18.2907887,0.13973324,0,0.86,-0.86,3,-0.109592327,-0.175228275,0,0,75.0070607,0,-0.328776982,0,0,0,0,0,0,0,0,0
18.3890953,0.157693669,0,0.86,-0.86,3,-0.109592327,-0.186180043,0,0,75.1069951,0,-0.328776982,0,0,0,0,0,0,0,0,0
18.4871998,0.176729649,0,0.86,-0.86,3,-0.109592327,-0.19713181,0,0,75.2069295,0,-0.328776982,0,0,0,0,0,0,0,0,0
18.5850906,0.196838886,0,0.86,-0.86,3,-0.109592327,-0.208083577,0,0,75.3068639,0,-0.328776982,0,0,0,0,0,0,0,0,0
18.6827545,0.218018949,0,0.86,-0.86,3,-0.109592327,-0.219035344,0,0,75.4067983,0,-0.328776982,0,0,0,0,0,0,0,0,0
18.78018,0.240267336,0,0.86,-0.86,3,-0.109592327,-0.229987112,0,0,75.5067326,0,-0.328776982,0,0,0,0,0,0,0,0,0
18.8773575,0.263581336,0,0.86,-0.86,3,-0.109592327,-0.240938879,0,0,75.606667,0,-0.328776982,0,0,0,0,0,0,0,0,0
18.9742737,0.287958205,0,0.86,-0.86,3,-0.109592327,-0.251890646,0,0,75.7066014,0,-0.328776982,0,0,0,0,0,0,0,0,0
19.0709152,0.313394964,0,0.86,-0.86,3,-0.109592327,-0.262842413,0,0,75.8065358,0,-0.328776982,0,0,0,0,0,0,0,0,0
19.1672745,0.339888602,0,0.86,-0.86,3,-0.109592327,-0.27379418,0,0,75.9064701,0,-0.328776982,0,0,0,0,0,0,0,0,0
19.2633362,0.367435902,0,0.86,-0.86,3,-0.109592327,-0.284745948,0,0,76.0064045,0,-0.328776982,0,0,0,0,0,0,0,0,0
19.3590927,0.396033615,0,0.86,-0.86,3,-0.109592327,-0.295697715,0,0,76.1063389,0,-0.328776982,0,0,0,0,0,0,0,0,0
19.4545288,0.425678253,0,0.86,-0.86,3,-0.109592327,-0.306649482,0,0,76.2062733,0,-0.328776982,0,0,0,0,0,0,0,0,0
19.5496349,0.456366301,0,0.86,-0.86,3,-0.109592327,-0.317601249,0,0,76.3062076,0,-0.328776982,0,0,0,0,0,0,0,0,0
19.6443977,0.488094091,0,0.86,-0.86,3,-0.109592327,-0.328553017,0,0,76.406142,0,-0.328776982,0,0,0,0,0,0,0,0,0
19.7388096,0.520857751,0,0.86,-0.86,3,-0.109592327,-0.339504784,0,0,76.5060764,0,-0.328776982,0,0,0,0,0,0,0,0,0
19.8328552,0.554653406,0,0.86,-0.86,3,-0.109592327,-0.350456551,0,0,76.6060108,0,-0.328776982,0,0,0,0,0,0,0,0,0
19.926527,0.589477003,0,0.86,-0.86,3,-0.109592327,-0.361408318,0,0,76.7059451,0,-0.328776982,0,0,0,0,0,0,0,0,0
20.0198097,0.625324309,0,0.86,-0.86,3,-0.109592327,-0.372360085,0,0,76.8058795,0,-0.328776982,0,0,0,0,0,0,0,0,0
20.1126957,0.662191093,0,0.86,-0.86,3,-0.109592327,-0.383311853,0,0,76.9058139,0,-0.328776982,0,0,0,0,0,0,0,0,0
20.2051716,0.700072944,0,0.86,-0.86,3,-0.109592327,-0.39426362,0,0,77.0057483,0,-0.328776982,0,0,0,0,0,0,0,0,0
20.2972279,0.738965213,0,0.86,-0.86,3,-0.109592327,-0.405215387,0,0,77.1056827,0,-0.328776982,0,0,0,0,0,0,0,0,0
20.3888512,0.77886337,0,0.86,-0.86,3,-0.109592327,-0.416167154,0,0,77.205617,0,-0.328776982,0,0,0,0,0,0,0,0,0
20.4800339,0.819762528,0,0.86,-0.86,3,-0.109592327,-0.427118922,0,0,77.3055514,0,-0.328776982,0,0,0,0,0,0,0,0,0
20.5707626,0.861657798,0,0.86,-0.86,3,-0.109592327,-0.438070689,0,0,77.4054858,0,-0.328776982,0,0,0,0,0,0,0,0,0
20.661026,0.904544175,0,0.86,-0.86,3,-0.109592327,-0.449022456,0,0,77.5054202,0,-0.328776982,0,0,0,0,0,0,0,0,0
20.7508163,0.948416531,0,0.86,-0.86,3,-0.109592327,-0.459974223,0,0,77.6053545,0,-0.328776982,0,0,0,0,0,0,0,0,0
20.8401184,0.993269622,0,0.86,-0.86,3,-0.109592327,-0.47092599,0,0,77.7052889,0,-0.328776982,0,0,0,0,0,0,0,0,0
20.9289265,1.03909802,0,0.86,-0.86,3,-0.109592327,-0.481877758,0,0,77.8052233,0,-0.328776982,0,0,0,0,0,0,0,0,0
21.0172253,1.08589613,0,0.86,-0.86,3,-0.109592327,-0.492829525,0,0,77.9051577,0,-0.328776982,0,0,0,0,0,0,0,0,0
21.1050072,1.13365853,0,0.86,-0.86,3,-0.109592327,-0.503781292,0,0,78.005092,0,-0.328776982,0,0,0,0,0,0,0,0,0
21.1922607,1.18237948,0,0.86,-0.86,3,-0.109592327,-0.514733059,0,0,78.1050264,0,-0.328776982,0,0,0,0,0,0,0,0,0
21.2789745,1.23205304,0,0.86,-0.86,3,-0.109592327,-0.525684826,0,0,78.2049608,0,-0.328776982,0,0,0,0,0,0,0,0,0
21.3651409,1.28267324,0,0.86,-0.86,3,-0.109592327,-0.536636594,0,0,78.3048952,0,-0.328776982,0,0,0,0,0,0,0,0,0
21.4507465,1.334234,0,0.86,-0.86,3,-0.109592327,-0.547588361,0,0,78.4048295,0,-0.328776982,0,0,0,0,0,0,0,0,0
21.5357819,1.38672924,0,0.86,-0.86,3,-0.109592327,-0.558540128,0,0,78.5047639,0,-0.328776982,0,0,0,0,0,0,0,0,0
21.6202393,1.44015265,0,0.86,-0.86,3,-0.109592327,-0.569491895,0,0,78.6046983,0,-0.328776982,0,0,0,0,0,0,0,0,0
21.7041035,1.49449766,0,0.86,-0.86,3,-0.109592327,-0.580443663,0,0,78.7046327,0,-0.328776982,0,0,0,0,0,0,0,0,0
21.7873707,1.54975796,0,0.86,-0.86,3,-0.109592327,-0.59139543,0,0,78.8045671,0,-0.328776982,0,0,0,0,0,0,0,0,0
21.8700256,1.60592687,0,0.86,-0.86,3,-0.109592327,-0.602347197,0,0,78.9045014,0,-0.328776982,0,0,0,0,0,0,0,0,0
21.9520607,1.6629976,0,0.86,-0.86,3,-0.109592327,-0.613298964,0,0,79.0044358,0,-0.328776982,0,0,0,0,0,0,0,0,0
22.0334663,1.72096324,0,0.86,-0.86,3,-0.109592327,-0.624250731,0,0,79.1043702,0,-0.328776982,0,0,0,0,0,0,0,0,0
22.114233,1.77981699,0,0.86,-0.86,3,-0.109592327,-0.635202499,0,0,79.2043046,0,-0.328776982,0,0,0,0,0,0,0,0,0
22.1943493,1.83955169,0,0.86,-0.86,3,-0.109592327,-0.646154266,0,0,79.3042389,0,-0.328776982,0,0,0,0,0,0,0,0,0
22.2738056,1.90016019,0,0.86,-0.86,3,-0.109592327,-0.657106033,0,0,79.4041733,0,-0.328776982,0,0,0,0,0,0,0,0,0
22.3525944,1.96163535,0,0.86,-0.86,3,-0.109592327,-0.6680578,0,0,79.5041077,0,-0.328776982,0,0,0,0,0,0,0,0,0
22.430706,2.02396965,0,0.86,-0.86,3,-0.109592327,-0.679009568,0,0,79.6040421,0,-0.328776982,0,0,0,0,0,0,0,0,0
22.5081291,2.08715558,0,0.86,-0.86,3,-0.109592327,-0.689961335,0,0,79.7039764,0,-0.328776982,0,0,0,0,0,0,0,0,0
22.584856,2.15118551,0,0.86,-0.86,3,-0.109592327,-0.700913102,0,0,79.8039108,0,-0.328776982,0,0,0,0,0,0,0,0,0
22.6608772,2.21605206,0,0.86,-0.86,3,-0.109592327,-0.711864869,0,0,79.9038452,0,-0.328776982,0,0,0,0,0,0,0,0,0
22.7361832,2.28174734,0,0.86,-0.86,3,-0.109592327,-0.722816636,0,0,80.0037796,0,-0.328776982,0,0,0,0,0,0,0,0,0
22.8107662,2.34826326,0,0.86,-0.86,3,-0.109592327,-0.733768404,0,0,80.1037139,0,-0.328776982,0,0,0,0,0,0,0,0,0
22.8846149,2.41559196,0,0.86,-0.86,3,-0.109592327,-0.744720171,0,0,80.2036483,0,-0.328776982,0,0,0,0,0,0,0,0,0
22.9577236,2.48372555,0,0.86,-0.86,3,-0.109592327,-0.755671938,0,0,80.3035827,0,-0.328776982,0,0,0,0,0,0,0,0,0
23.0300808,2.55265546,0,0.86,-0.86,3,-0.109592327,-0.766623705,0,0,80.4035171,0,-0.328776982,0,0,0,0,0,0,0,0,0
23.1016769,2.62237382,0,0.86,-0.86,3,-0.109592327,-0.777575473,0,0,80.5034515,0,-0.328776982,0,0,0,0,0,0,0,0,0
23.1725082,2.69287205,0,0.86,-0.86,3,-0.109592327,-0.78852724,0,0,80.6033858,0,-0.328776982,0,0,0,0,0,0,0,0,0
23.2425613,2.7641418,0,0.86,-0.86,3,-0.109592327,-0.799479007,0,0,80.7033202,0,-0.328776982,0,0,0,0,0,0,0,0,0
23.3118305,2.83617449,0,0.86,-0.86,3,-0.109592327,-0.810430774,0,0,80.8032546,0,-0.328776982,0,0,0,0,0,0,0,0,0
23.3803062,2.9089613,0,0.86,-0.86,3,-0.109592327,-0.821382541,0,0,80.903189,0,-0.328776982,0,0,0,0,0,0,0,0,0
23.4479809,2.98249388,0,0.86,-0.86,3,-0.109592327,-0.832334309,0,0,81.0031233,0,-0.328776982,0,0,0,0,0,0,0,0,0
23.5148468,3.05676293,0,0.86,-0.86,3,-0.109592327,-0.843286076,0,0,81.1030577,0,-0.328776982,0,0,0,0,0,0,0,0,0
23.5808945,3.13176012,0,0.86,-0.86,3,-0.109592327,-0.854237843,0,0,81.2029921,0,-0.328776982,0,0,0,0,0,0,0,0,0
23.6461163,3.2074759,0,0.86,-0.86,3,-0.109592327,-0.86518961,0,0,81.3029265,0,-0.328776982,0,0,0,0,0,0,0,0,0
23.7105064,3.28390145,0,0.86,-0.86,3,-0.109592327,-0.876141377,0,0,81.4028608,0,-0.328776982,0,0,0,0,0,0,0,0,0
23.7740555,3.36102772,0,0.86,-0.86,3,-0.109592327,-0.887093145,0,0,81.5027952,0,-0.328776982,0,0,0,0,0,0,0,0,0
23.8367538,3.43884516,0,0.86,-0.86,3,-0.109592327,-0.898044912,0,0,81.6027296,0,-0.328776982,0,0,0,0,0,0,0,0,0
23.8985996,3.51734471,0,0.86,-0.86,3,-0.109592327,-0.908996679,0,0,81.702664,0,-0.328776982,0,0,0,0,0,0,0,0,0
23.9595795,3.59651685,0,0.86,-0.86,3,-0.109592327,-0.919948446,0,0,81.8025983,0,-0.328776982,0,0,0,0,0,0,0,0,0
24.0196896,3.67635202,0,0.86,-0.86,3,-0.109592327,-0.930900214,0,0,81.9025327,0,-0.328776982,0,0,0,0,0,0,0,0,0
24.0789223,3.75684071,0,0.86,-0.86,3,-0.109592327,-0.941851981,0,0,82.0024671,0,-0.328776982,0,0,0,0,0,0,0,0,0
24.13727,3.83797312,0,0.86,-0.86,3,-0.109592327,-0.952803748,0,0,82.1024015,0,-0.328776982,0,0,0,0,0,0,0,0,0
24.194725,3.91973996,0,0.86,-0.86,3,-0.109592327,-0.963755515,0,0,82.2023359,0,-0.328776982,0,0,0,0,0,0,0,0,0
24.2512798,4.00213099,0,0.86,-0.86,3,-0.109592327,-0.974707282,0,0,82.3022702,0,-0.328776982,0,0,0,0,0,0,0,0,0
24.3069305,4.08513641,0,0.86,-0.86,3,-0.109592327,-0.98565905,0,0,82.4022046,0,-0.328776982,0,0,0,0,0,0,0,0,0
24.3616695,4.16874647,0,0.86,-0.86,3,-0.109592327,-0.996610817,0,0,82.502139,0,-0.328776982,0,0,0,0,0,0,0,0,0
24.4154892,4.25295067,0,0.86,-0.86,3,-0.109592327,-1.00756258,0,0,82.6020734,0,-0.328776982,0,0,0,0,0,0,0,0,0
24.4683819,4.33773947,0,0.86,-0.86,3,-0.109592327,-1.01851435,0,0,82.7020077,0,-0.328776982,0,0,0,0,0,0,0,0,0
24.5203438,4.42310238,0,0.86,-0.86,3,-0.109592327,-1.02946612,0,0,82.8019421,0,-0.328776982,0,0,0,0,0,0,0,0,0
24.5713673,4.50902891,0,0.86,-0.86,3,-0.109592327,-1.04041789,0,0,82.9018765,0,-0.328776982,0,0,0,0,0,0,0,0,0
24.6214485,4.59550953,0,0.86,-0.86,3,-0.109592327,-1.05136965,0,0,83.0018109,0,-0.328776982,0,0,0,0,0,0,0,0,0
24.670578,4.68253326,0,0.86,-0.86,3,-0.109592327,-1.06232142,0,0,83.1017452,0,-0.328776982,0,0,0,0,0,0,0,0,0
24.7187519,4.7700901,0,0.86,-0.86,3,-0.109592327,-1.07327319,0,0,83.2016796,0,-0.328776982,0,0,0,0,0,0,0,0,0
24.7659645,4.8581686,0,0.86,-0.86,3,-0.109592327,-1.08422495,0,0,83.301614,0,-0.328776982,0,0,0,0,0,0,0,0,0
24.8122082,4.9467597,0,0.86,-0.86,3,-0.109592327,-1.09517672,0,0,83.4015484,0,-0.328776982,0,0,0,0,0,0,0,0,0
24.857481,5.03585148,0,0.86,-0.86,3,-0.109592327,-1.10612849,0,0,83.5014827,0,-0.328776982,0,0,0,0,0,0,0,0,0
24.9017735,5.12543344,0,0.86,-0.86,3,-0.109592327,-1.11708026,0,0,83.6014171,0,-0.328776982,0,0,0,0,0,0,0,0,0
24.9450836,5.21549559,0,0.86,-0.86,3,-0.109592327,-1.12803202,0,0,83.7013515,0,-0.328776982,0,0,0,0,0,0,0,0,0
24.9874039,5.30602646,0,0.86,-0.86,3,-0.109592327,-1.13898379,0,0,83.8012859,0,-0.328776982,0,0,0,0,0,0,0,0,0
25.0287304,5.39701557,0,0.86,-0.86,3,-0.109592327,-1.14993556,0,0,83.9012203,0,-0.328776982,0,0,0,0,0,0,0,0,0
25.0690594,5.48845148,0,0.86,-0.86,3,-0.109592327,-1.16088733,0,0,84.0011546,0,-0.328776982,0,0,0,0,0,0,0,0,0
25.1083832,5.5803237,0,0.86,-0.86,3,-0.109592327,-1.17183909,0,0,84.101089,0,-0.328776982,0,0,0,0,0,0,0,0,0
25.146698,5.67262125,0,0.86,-0.86,3,-0.109592327,-1.18279086,0,0,84.2010234,0,-0.328776982,0,0,0,0,0,0,0,0,0
25.184,5.7653327,0,0.86,-0.86,3,-0.109592327,-1.19374263,0,0,84.3009578,0,-0.328776982,0,0,0,0,0,0,0,0,0
25.2202854,5.85844707,0,0.86,-0.86,3,-0.109592327,-1.20469439,0,0,84.4008921,0,-0.328776982,0,0,0,0,0,0,0,0,0
25.2555485,5.95195293,0,0.86,-0.86,3,-0.109592327,-1.21564616,0,0,84.5008265,0,-0.328776982,0,0,0,0,0,0,0,0,0
25.2897854,6.04583979,0,0.86,-0.86,3,-0.109592327,-1.22659793,0,0,84.6007609,0,-0.328776982,0,0,0,0,0,0,0,0,0
25.3229904,6.14009619,0,0.86,-0.86,3,-0.109592327,-1.2375497,0,0,84.7006953,0,-0.328776982,0,0,0,0,0,0,0,0,0
25.3551636,6.23471022,0,0.86,-0.86,3,-0.109592327,-1.24850146,0,0,84.8006296,0,-0.328776982,0,0,0,0,0,0,0,0,0
25.3862972,6.32967091,0,0.86,-0.86,3,-0.109592327,-1.25945323,0,0,84.900564,0,-0.328776982,0,0,0,0,0,0,0,0,0
25.4163895,6.42496681,0,0.86,-0.86,3,-0.109592327,-1.270405,0,0,85.0004984,0,-0.328776982,0,0,0,0,0,0,0,0,0
25.4454365,6.52058697,0,0.86,-0.86,3,-0.109592327,-1.28135676,0,0,85.1004328,0,-0.328776982,0,0,0,0,0,0,0,0,0
25.4734344,6.61651897,0,0.86,-0.86,3,-0.109592327,-1.29230853,0,0,85.2003671,0,-0.328776982,0,0,0,0,0,0,0,0,0
25.5003796,6.71275234,0,0.86,-0.86,3,-0.109592327,-1.3032603,0,0,85.3003015,0,-0.328776982,0,0,0,0,0,0,0,0,0
25.5262699,6.80927467,0,0.86,-0.86,3,-0.109592327,-1.31421207,0,0,85.4002359,0,-0.328776982,0,0,0,0,0,0,0,0,0
25.5511017,6.906075,0,0.86,-0.86,3,-0.109592327,-1.32516383,0,0,85.5001703,0,-0.328776982,0,0,0,0,0,0,0,0,0
25.5748711,7.00314093,0,0.86,-0.86,3,-0.109592327,-1.3361156,0,0,85.6001047,0,-0.328776982,0,0,0,0,0,0,0,0,0
25.5975761,7.10046196,0,0.86,-0.86,3,-0.109592327,-1.34706737,0,0,85.700039,0,-0.328776982,0,0,0,0,0,0,0,0,0
25.619215,7.1980257,0,0.86,-0.86,3,-0.109592327,-1.35801914,0,0,85.7999734,0,-0.328776982,0,0,0,0,0,0,0,0,0
25.6397839,7.29582024,0,0.86,-0.86,3,-0.109592327,-1.3689709,0,0,85.8999078,0,-0.328776982,0,0,0,0,0,0,0,0,0
25.6592789,7.39383459,0,0.86,-0.86,3,-0.109592327,-1.37992267,0,0,85.9998422,0,-0.328776982,0,0,0,0,0,0,0,0,0
25.677702,7.49205637,0,0.86,-0.86,3,-0.109592327,-1.39087444,0,0,86.0997765,0,-0.328776982,0,0,0,0,0,0,0,0,0
25.6950455,7.59047413,0,0.86,-0.86,3,-0.109592327,-1.4018262,0,0,86.1997109,0,-0.328776982,0,0,0,0,0,0,0,0,0
25.7113113,7.68907595,0,0.86,-0.86,3,-0.109592327,-1.41277797,0,0,86.2996453,0,-0.328776982,0,0,0,0,0,0,0,0,0
25.7264977,7.7878499,0,0.86,-0.86,3,-0.109592327,-1.42372974,0,0,86.3995797,0,-0.328776982,0,0,0,0,0,0,0,0,0
25.7406006,7.88678408,0,0.86,-0.86,3,-0.109592327,-1.43468151,0,0,86.499514,0,-0.328776982,0,0,0,0,0,0,0,0,0
25.7536182,7.98586702,0,0.86,-0.86,3,-0.109592327,-1.44563327,0,0,86.5994484,0,-0.328776982,0,0,0,0,0,0,0,0,0
25.7655506,8.08508587,0,0.86,-0.86,3,-0.109592327,-1.45658504,0,0,86.6993828,0,-0.328776982,0,0,0,0,0,0,0,0,0
25.7763958,8.18443012,0,0.86,-0.86,3,-0.109592327,-1.46753681,0,0,86.7993172,0,-0.328776982,0,0,0,0,0,0,0,0,0
25.7861519,8.28388786,0,0.86,-0.86,3,-0.109592327,-1.47848857,0,0,86.8992515,0,-0.328776982,0,0,0,0,0,0,0,0,0
25.7948189,8.38344574,0,0.86,-0.86,3,-0.109592327,-1.48944034,0,0,86.9991859,0,-0.328776982,0,0,0,0,0,0,0,0,0
25.8023949,8.48309231,0,0.86,-0.86,3,-0.109592327,-1.50039211,0,0,87.0991203,0,-0.328776982,0,0,0,0,0,0,0,0,0
25.8088779,8.58281612,0,0.86,-0.86,3,-0.109592327,-1.51134388,0,0,87.1990547,0,-0.328776982,0,0,0,0,0,0,0,0,0
25.81427,8.68260479,0,0.86,-0.86,3,-0.109592327,-1.52229564,0,0,87.298989,0,-0.328776982,0,0,0,0,0,0,0,0,0
25.8185673,8.78244686,0,0.86,-0.86,3,-0.109592327,-1.53324741,0,0,87.3989234,0,-0.328776982,0,0,0,0,0,0,0,0,0
25.8217735,8.88232994,0,0.86,-0.86,3,-0.109592327,-1.54419918,0,0,87.4988578,0,-0.328776982,0,0,0,0,0,0,0,0,0
25.8238831,8.98224163,0,0.86,-0.86,3,-0.109592327,-1.55515095,0,0,87.5987922,0,-0.328776982,0,0,0,0,0,0,0,0,0
25.8248997,9.08217049,0,0.86,-0.86,3,-0.109592327,-1.56610271,0,0,87.6987266,0,-0.328776982,0,0,0,0,0,0,0,0,0
25.8248215,9.18210506,0,0.86,-0.86,3,-0.109592327,-1.57705448,0,0,87.7986609,0,-0.328776982,0,0,0,0,0,0,0,0,0
25.8236485,9.28203297,0,0.86,-0.86,3,-0.109592327,-1.58800625,0,0,87.8985953,0,-0.328776982,0,0,0,0,0,0,0,0,0
25.8213825,9.3819418,0,0.86,-0.86,3,-0.109592327,-1.59895801,0,0,87.9985297,0,-0.328776982,0,0,0,0,0,0,0,0,0
25.8180218,9.48181915,0,0.86,-0.86,3,-0.109592327,-1.60990978,0,0,88.0984641,0,-0.328776982,0,0,0,0,0,0,0,0,0
25.8135662,9.58165455,0,0.86,-0.86,3,-0.109592327,-1.62086155,0,0,88.1983984,0,-0.328776982,0,0,0,0,0,0,0,0,0
25.8080196,9.68143463,0,0.86,-0.86,3,-0.109592327,-1.63181332,0,0,88.2983328,0,-0.328776982,0,0,0,0,0,0,0,0,0
25.8013783,9.78114796,0,0.86,-0.86,3,-0.109592327,-1.64276508,0,0,88.3982672,0,-0.328776982,0,0,0,0,0,0,0,0,0
25.7936478,9.88078308,0,0.86,-0.86,3,-0.109592327,-1.65371685,0,0,88.4982016,0,-0.328776982,0,0,0,0,0,0,0,0,0
25.7848244,9.98032761,0,0.86,-0.86,3,-0.109592327,-1.66466862,0,0,88.5981359,0,-0.328776982,0,0,0,0,0,0,0,0,0
25.7749119,10.0797691,0,0.86,-0.86,3,-0.109592327,-1.67562038,0,0,88.6980703,0,-0.328776982,0,0,0,0,0,0,0,0,0
25.7639122,10.1790962,0,0.86,-0.86,3,-0.109592327,-1.68657215,0,0,88.7980047,0,-0.328776982,0,0,0,0,0,0,0,0,0
25.7518253,10.2782965,0,0.86,-0.86,3,-0.109592327,-1.69752392,0,0,88.8979391,0,-0.328776982,0,0,0,0,0,0,0,0,0
25.7386513,10.3773584,0,0.86,-0.86,3,-0.109592327,-1.70847569,0,0,88.9978734,0,-0.328776982,0,0,0,0,0,0,0,0,0
25.7243938,10.4762707,0,0.86,-0.86,3,-0.109592327,-1.71942745,0,0,89.0978078,0,-0.328776982,0,0,0,0,0,0,0,0,0
25.7090549,10.5750208,0,0.86,-0.86,3,-0.109592327,-1.73037922,0,0,89.1977422,0,-0.328776982,0,0,0,0,0,0,0,0,0
25.6926346,10.6735973,0,0.86,-0.86,3,-0.109592327,-1.74133099,0,0,89.2976766,0,-0.328776982,0,0,0,0,0,0,0,0,0
25.6751347,10.7719879,0,0.86,-0.86,3,-0.109592327,-1.75228275,0,0,89.397611,0,-0.328776982,0,0,0,0,0,0,0,0,0
25.6565609,10.8701801,0,0.86,-0.86,3,-0.109592327,-1.76323452,0,0,89.4975453,0,-0.328776982,0,0,0,0,0,0,0,0,0
25.6369114,10.9681644,0,0.86,-0.86,3,-0.109592327,-1.77418629,0,0,89.5974797,0,-0.328776982,0,0,0,0,0,0,0,0,0
25.61619,11.0659266,0,0.86,-0.86,3,-0.109592327,-1.78513806,0,0,89.6974141,0,-0.328776982,0,0,0,0,0,0,0,0,0
25.5943985,11.163456,0,0.86,-0.86,3,-0.109592327,-1.79608982,0,0,89.7973485,0,-0.328776982,0,0,0,0,0,0,0,0,0
25.5715408,11.2607412,0,0.86,-0.86,3,-0.109592327,-1.80704159,0,0,89.8972828,0,-0.328776982,0,0,0,0,0,0,0,0,0
25.5476189,11.35777,0,0.86,-0.86,3,-0.109592327,-1.81799336,0,0,89.9972172,0,-0.328776982,0,0,0,0,0,0,0,0,0
25.5226364,11.4545317,0,0.86,-0.86,3,-0.109592327,-1.82894513,0,0,90.0971516,0,-0.328776982,0,0,0,0,0,0,0,0,0
25.4965954,11.551013,0,0.86,-0.86,3,-0.109592327,-1.83989689,0,0,90.197086,0,-0.328776982,0,0,0,0,0,0,0,0,0
25.4694996,11.6472044,0,0.86,-0.86,3,-0.109592327,-1.85084866,0,0,90.2970203,0,-0.328776982,0,0,0,0,0,0,0,0,0
25.4413509,11.7430925,0,0.86,-0.86,3,-0.109592327,-1.86180043,0,0,90.3969547,0,-0.328776982,0,0,0,0,0,0,0,0,0
25.4121552,11.8386669,0,0.86,-0.86,3,-0.109592327,-1.87275219,0,0,90.4968891,0,-0.328776982,0,0,0,0,0,0,0,0,0
25.3819141,11.9339161,0,0.86,-0.86,3,-0.109592327,-1.88370396,0,0,90.5968235,0,-0.328776982,0,0,0,0,0,0,0,0,0
25.3506298,12.0288277,0,0.86,-0.86,3,-0.109592327,-1.89465573,0,0,90.6967578,0,-0.328776982,0,0,0,0,0,0,0,0,0
25.3183098,12.1233912,0,0.86,-0.86,3,-0.109592327,-1.9056075,0,0,90.7966922,0,-0.328776982,0,0,0,0,0,0,0,0,0
25.284956,12.2175951,0,0.86,-0.86,3,-0.109592327,-1.91655926,0,0,90.8966266,0,-0.328776982,0,0,0,0,0,0,0,0,0
25.2505722,12.3114281,0,0.86,-0.86,3,-0.109592327,-1.92751103,0,0,90.996561,0,-0.328776982,0,0,0,0,0,0,0,0,0
25.2151642,12.4048796,0,0.86,-0.86,3,-0.109592327,-1.9384628,0,0,91.0964954,0,-0.328776982,0,0,0,0,0,0,0,0,0
25.1787338,12.4979372,0,0.86,-0.86,3,-0.109592327,-1.94941456,0,0,91.1964297,0,-0.328776982,0,0,0,0,0,0,0,0,0
25.1412868,12.5905895,0,0.86,-0.86,3,-0.109592327,-1.96036633,0,0,91.2963641,0,-0.328776982,0,0,0,0,0,0,0,0,0
25.1028271,12.682827,0,0.86,-0.86,3,-0.109592327,-1.9713181,0,0,91.3962985,0,-0.328776982,0,0,0,0,0,0,0,0,0
25.0633583,12.7746382,0,0.86,-0.86,3,-0.109592327,-1.98226987,0,0,91.4962329,0,-0.328776982,0,0,0,0,0,0,0,0,0
25.0228882,12.8660107,0,0.86,-0.86,3,-0.109592327,-1.99322163,0,0,91.5961672,0,-0.328776982,0,0,0,0,0,0,0,0,0
24.9814186,12.9569349,0,0.86,-0.86,3,-0.109592327,-2.0041734,0,0,91.6961016,0,-0.328776982,0,0,0,0,0,0,0,0,0
24.9389572,13.0473995,0,0.86,-0.86,3,-0.109592327,-2.01512517,0,0,91.796036,0,-0.328776982,0,0,0,0,0,0,0,0,0
24.8955059,13.137394,0,0.86,-0.86,3,-0.109592327,-2.02607694,0,0,91.8959704,0,-0.328776982,0,0,0,0,0,0,0,0,0
24.8510723,13.2269068,0,0.86,-0.86,3,-0.109592327,-2.0370287,0,0,91.9959047,0,-0.328776982,0,0,0,0,0,0,0,0,0
24.8056622,13.3159275,0,0.86,-0.86,3,-0.109592327,-2.04798047,0,0,92.0958391,0,-0.328776982,0,0,0,0,0,0,0,0,0
24.7592793,13.4044456,0,0.86,-0.86,3,-0.109592327,-2.05893224,0,0,92.1957735,0,-0.328776982,0,0,0,0,0,0,0,0,0
24.7119293,13.4924507,0,0.86,-0.86,3,-0.109592327,-2.069884,0,0,92.2957079,0,-0.328776982,0,0,0,0,0,0,0,0,0
24.6636181,13.5799313,0,0.86,-0.86,3,-0.109592327,-2.08083577,0,0,92.3956422,0,-0.328776982,0,0,0,0,0,0,0,0,0
24.6143513,13.6668787,0,0.86,-0.86,3,-0.109592327,-2.09178754,0,0,92.4955766,0,-0.328776982,0,0,0,0,0,0,0,0,0
24.5641365,13.7532806,0,0.86,-0.86,3,-0.109592327,-2.10273931,0,0,92.595511,0,-0.328776982,0,0,0,0,0,0,0,0,0
24.5129776,13.8391275,0,0.86,-0.86,3,-0.109592327,-2.11369107,0,0,92.6954454,0,-0.328776982,0,0,0,0,0,0,0,0,0
24.4608822,13.9244089,0,0.86,-0.86,3,-0.109592327,-2.12464284,0,0,92.7953798,0,-0.328776982,0,0,0,0,0,0,0,0,0
24.407856,14.0091143,0,0.86,-0.86,3,-0.109592327,-2.13559461,0,0,92.8953141,0,-0.328776982,0,0,0,0,0,0,0,0,0
24.3539047,14.093235,0,0.86,-0.86,3,-0.109592327,-2.14654637,0,0,92.9952485,0,-0.328776982,0,0,0,0,0,0,0,0,0
24.299036,14.1767588,0,0.86,-0.86,3,-0.109592327,-2.15749814,0,0,93.0951829,0,-0.328776982,0,0,0,0,0,0,0,0,0
24.2432556,14.2596769,0,0.86,-0.86,3,-0.109592327,-2.16844991,0,0,93.1951173,0,-0.328776982,0,0,0,0,0,0,0,0,0
24.1865711,14.341979,0,0.86,-0.86,3,-0.109592327,-2.17940168,0,0,93.2950516,0,-0.328776982,0,0,0,0,0,0,0,0,0
24.1289883,14.4236565,0,0.86,-0.86,3,-0.109592327,-2.19035344,0,0,93.394986,0,-0.328776982,0,0,0,0,0,0,0,0,0
24.0705147,14.5046978,0,0.86,-0.86,3,-0.109592327,-2.20130521,0,0,93.4949204,0,-0.328776982,0,0,0,0,0,0,0,0,0
24.0111561,14.5850935,0,0.86,-0.86,3,-0.109592327,-2.21225698,0,0,93.5948548,0,-0.328776982,0,0,0,0,0,0,0,0,0
23.950922,14.664834,0,0.86,-0.86,3,-0.109592327,-2.22320875,0,0,93.6947891,0,-0.328776982,0,0,0,0,0,0,0,0,0
23.8898163,14.7439108,0,0.86,-0.86,3,-0.109592327,-2.23416051,0,0,93.7947235,0,-0.328776982,0,0,0,0,0,0,0,0,0
23.8278503,14.8223133,0,0.86,-0.86,3,-0.109592327,-2.24511228,0,0,93.8946579,0,-0.328776982,0,0,0,0,0,0,0,0,0
23.765028,14.900033,0,0.86,-0.86,3,-0.109592327,-2.25606405,0,0,93.9945923,0,-0.328776982,0,0,0,0,0,0,0,0,0
23.7013588,14.9770594,0,0.86,-0.86,3,-0.109592327,-2.26701581,0,0,94.0945266,0,-0.328776982,0,0,0,0,0,0,0,0,0
23.6368504,15.0533848,0,0.86,-0.86,3,-0.109592327,-2.27796758,0,0,94.194461,0,-0.328776982,0,0,0,0,0,0,0,0,0
23.5715084,15.1289978,0,0.86,-0.86,3,-0.109592327,-2.28891935,0,0,94.2943954,0,-0.328776982,0,0,0,0,0,0,0,0,0
23.5053444,15.2038918,0,0.86,-0.86,3,-0.109592327,-2.29987112,0,0,94.3943298,0,-0.328776982,0,0,0,0,0,0,0,0,0
23.4383621,15.2780561,0,0.86,-0.86,3,-0.109592327,-2.31082288,0,0,94.4942642,0,-0.328776982,0,0,0,0,0,0,0,0,0
23.370573,15.3514824,0,0.86,-0.86,3,-0.109592327,-2.32177465,0,0,94.5941985,0,-0.328776982,0,0,0,0,0,0,0,0,0
23.3019829,15.4241619,0,0.86,-0.86,3,-0.109592327,-2.33272642,0,0,94.6941329,0,-0.328776982,0,0,0,0,0,0,0,0,0
23.2326012,15.4960861,0,0.86,-0.86,3,-0.109592327,-2.34367818,0,0,94.7940673,0,-0.328776982,0,0,0,0,0,0,0,0,0
23.1624355,15.5672464,0,0.86,-0.86,3,-0.109592327,-2.35462995,0,0,94.8940017,0,-0.328776982,0,0,0,0,0,0,0,0,0
23.0914955,15.6376343,0,0.86,-0.86,3,-0.109592327,-2.36558172,0,0,94.993936,0,-0.328776982,0,0,0,0,0,0,0,0,0
23.0197887,15.7072401,0,0.86,-0.86,3,-0.109592327,-2.37653349,0,0,95.0938704,0,-0.328776982,0,0,0,0,0,0,0,0,0
22.9473248,15.7760572,0,0.86,-0.86,3,-0.109592327,-2.38748525,0,0,95.1938048,0,-0.328776982,0,0,0,0,0,0,0,0,0
22.8741112,15.8440762,0,0.86,-0.86,3,-0.109592327,-2.39843702,0,0,95.2937392,0,-0.328776982,0,0,0,0,0,0,0,0,0
22.8001556,15.9112892,0,0.86,-0.86,3,-0.109592327,-2.40938879,0,0,95.3936735,0,-0.328776982,0,0,0,0,0,0,0,0,0
22.7254696,15.9776878,0,0.86,-0.86,3,-0.109592327,-2.42034056,0,0,95.4936079,0,-0.328776982,0,0,0,0,0,0,0,0,0
22.6500607,16.0432663,0,0.86,-0.86,3,-0.109592327,-2.43129232,0,0,95.5935423,0,-0.328776982,0,0,0,0,0,0,0,0,0
22.5739384,16.1080132,0,0.86,-0.86,3,-0.109592327,-2.44224409,0,0,95.6934767,0,-0.328776982,0,0,0,0,0,0,0,0,0
22.4971123,16.1719227,0,0.86,-0.86,3,-0.109592327,-2.45319586,0,0,95.793411,0,-0.328776982,0,0,0,0,0,0,0,0,0
22.41959,16.2349873,0,0.86,-0.86,3,-0.109592327,-2.46414762,0,0,95.8933454,0,-0.328776982,0,0,0,0,0,0,0,0,0
22.3413811,16.2971992,0,0.86,-0.86,3,-0.109592327,-2.47509939,0,0,95.9932798,0,-0.328776982,0,0,0,0,0,0,0,0,0
22.262495,16.358551,0,0.86,-0.86,3,-0.109592327,-2.48605116,0,0,96.0932142,0,-0.328776982,0,0,0,0,0,0,0,0,0
22.1829433,16.419035,0,0.86,-0.86,3,-0.109592327,-2.49700293,0,0,96.1931486,0,-0.328776982,0,0,0,0,0,0,0,0,0
22.1027336,16.4786453,0,0.86,-0.86,3,-0.109592327,-2.50795469,0,0,96.2930829,0,-0.328776982,0,0,0,0,0,0,0,0,0
22.0218754,16.5373726,0,0.86,-0.86,3,-0.109592327,-2.51890646,0,0,96.3930173,0,-0.328776982,0,0,0,0,0,0,0,0,0
21.9403801,16.595211,0,0.86,-0.86,3,-0.109592327,-2.52985823,0,0,96.4929517,0,-0.328776982,0,0,0,0,0,0,0,0,0
21.8582554,16.652153,0,0.86,-0.86,3,-0.109592327,-2.54080999,0,0,96.5928861,0,-0.328776982,0,0,0,0,0,0,0,0,0
21.7755127,16.7081928,0,0.86,-0.86,3,-0.109592327,-2.55176176,0,0,96.6928204,0,-0.328776982,0,0,0,0,0,0,0,0,0
21.6921597,16.7633228,0,0.86,-0.86,3,-0.109592327,-2.56271353,0,0,96.7927548,0,-0.328776982,0,0,0,0,0,0,0,0,0
21.6082096,16.8175354,0,0.86,-0.86,3,-0.109592327,-2.5736653,0,0,96.8926892,0,-0.328776982,0,0,0,0,0,0,0,0,0
21.5236702,16.8708267,0,0.86,-0.86,3,-0.109592327,-2.58461706,0,0,96.9926236,0,-0.328776982,0,0,0,0,0,0,0,0,0
21.4385509,16.9231892,0,0.86,-0.86,3,-0.109592327,-2.59556883,0,0,97.0925579,0,-0.328776982,0,0,0,0,0,0,0,0,0
21.3528652,16.9746151,0,0.86,-0.86,3,-0.109592327,-2.6065206,0,0,97.1924923,0,-0.328776982,0,0,0,0,0,0,0,0,0
21.2666206,17.0251007,0,0.86,-0.86,3,-0.109592327,-2.61747237,0,0,97.2924267,0,-0.328776982,0,0,0,0,0,0,0,0,0
21.1798286,17.0746384,0,0.86,-0.86,3,-0.109592327,-2.62842413,0,0,97.3923611,0,-0.328776982,0,0,0,0,0,0,0,0,0
21.0924988,17.1232243,0,0.86,-0.86,3,-0.109592327,-2.6393759,0,0,97.4922954,0,-0.328776982,0,0,0,0,0,0,0,0,0
21.0046425,17.1708488,0,0.86,-0.86,3,-0.109592327,-2.65032767,0,0,97.5922298,0,-0.328776982,0,0,0,0,0,0,0,0,0
20.9162693,17.2175083,0,0.86,-0.86,3,-0.109592327,-2.66127943,0,0,97.6921642,0,-0.328776982,0,0,0,0,0,0,0,0,0
20.8273907,17.2631969,0,0.86,-0.86,3,-0.109592327,-2.6722312,0,0,97.7920986,0,-0.328776982,0,0,0,0,0,0,0,0,0
20.738018,17.3079109,0,0.86,-0.86,3,-0.109592327,-2.68318297,0,0,97.892033,0,-0.328776982,0,0,0,0,0,0,0,0,0
20.6481609,17.3516426,0,0.86,-0.86,3,-0.109592327,-2.69413474,0,0,97.9919673,0,-0.328776982,0,0,0,0,0,0,0,0,0
20.5578289,17.3943882,0,0.86,-0.86,3,-0.109592327,-2.7050865,0,0,98.0919017,0,-0.328776982,0,0,0,0,0,0,0,0,0
20.4670353,17.436142,0,0.86,-0.86,3,-0.109592327,-2.71603827,0,0,98.1918361,0,-0.328776982,0,0,0,0,0,0,0,0,0
20.3757896,17.4768982,0,0.86,-0.86,3,-0.109592327,-2.72699004,0,0,98.2917705,0,-0.328776982,0,0,0,0,0,0,0,0,0
20.2841034,17.5166531,0,0.86,-0.86,3,-0.109592327,-2.7379418,0,0,98.3917048,0,-0.328776982,0,0,0,0,0,0,0,0,0
20.1919861,17.5554008,0,0.86,-0.86,3,-0.109592327,-2.74889357,0,0,98.4916392,0,-0.328776982,0,0,0,0,0,0,0,0,0
20.0994511,17.5931377,0,0.86,-0.86,3,-0.109592327,-2.75984534,0,0,98.5915736,0,-0.328776982,0,0,0,0,0,0,0,0,0
20.0065079,17.6298599,0,0.86,-0.86,3,-0.109592327,-2.77079711,0,0,98.691508,0,-0.328776982,0,0,0,0,0,0,0,0,0
19.913168,17.6655598,0,0.86,-0.86,3,-0.109592327,-2.78174887,0,0,98.7914423,0,-0.328776982,0,0,0,0,0,0,0,0,0
19.8194427,17.7002373,0,0.86,-0.86,3,-0.109592327,-2.79270064,0,0,98.8913767,0,-0.328776982,0,0,0,0,0,0,0,0,0
19.7253437,17.7338867,0,0.86,-0.86,3,-0.109592327,-2.80365241,0,0,98.9913111,0,-0.328776982,0,0,0,0,0,0,0,0,0
19.6308823,17.7665024,0,0.86,-0.86,3,-0.109592327,-2.81460418,0,0,99.0912455,0,-0.328776982,0,0,0,0,0,0,0,0,0
19.536068,17.7980824,0,0.86,-0.86,3,-0.109592327,-2.82555594,0,0,99.1911798,0,-0.328776982,0,0,0,0,0,0,0,0,0
19.4409142,17.8286209,0,0.86,-0.86,3,-0.109592327,-2.83650771,0,0,99.2911142,0,-0.328776982,0,0,0,0,0,0,0,0,0
19.3454323,17.8581161,0,0.86,-0.86,3,-0.109592327,-2.84745948,0,0,99.3910486,0,-0.328776982,0,0,0,0,0,0,0,0,0
19.2496319,17.8865643,0,0.86,-0.86,3,-0.109592327,-2.85841124,0,0,99.490983,0,-0.328776982,0,0,0,0,0,0,0,0,0
19.1535263,17.9139614,0,0.86,-0.86,3,-0.109592327,-2.86936301,0,0,99.5909174,0,-0.328776982,0,0,0,0,0,0,0,0,0
19.057127,17.9403038,0,0.86,-0.86,3,-0.109592327,-2.88031478,0,0,99.6908517,0,-0.328776982,0,0,0,0,0,0,0,0,0
18.9604435,17.9655895,0,0.86,-0.86,3,-0.109592327,-2.89126655,0,0,99.7907861,0,-0.328776982,0,0,0,0,0,0,0,0,0
18.8634911,17.9898148,0,0.86,-0.86,3,-0.109592327,-2.90221831,0,0,99.8907205,0,-0.328776982,0,0,0,0,0,0,0,0,0
18.7662773,18.0129757,0,0.86,-0.86,3,-0.109592327,-2.91317008,0,0,99.9906549,0,-0.328776982,0,0,0,0,0,0,0,0,0
18.6688156,18.0350723,0,0.86,-0.86,3,-0.109592327,-2.92412185,0,0,100.090589,0,-0.328776982,0,0,0,0,0,0,0,0,0
18.5711193,18.0560989,0,0.86,-0.86,3,-0.109592327,-2.93507361,0,0,100.190524,0,-0.328776982,0,0,0,0,0,0,0,0,0
18.4731979,18.0760555,0,0.86,-0.86,3,-0.109592327,-2.94602538,0,0,100.290458,0,-0.328776982,0,0,0,0,0,0,0,0,0
18.3750629,18.0949383,0,0.86,-0.86,3,-0.109592327,-2.95697715,0,0,100.390392,0,-0.328776982,0,0,0,0,0,0,0,0,0
18.2767277,18.1127453,0,0.86,-0.86,3,-0.109592327,-2.96792892,0,0,100.490327,0,-0.328776982,0,0,0,0,0,0,0,0,0
18.1782036,18.1294727,0,0.86,-0.86,3,-0.109592327,-2.97888068,0,0,100.590261,0,-0.328776982,0,0,0,0,0,0,0,0,0
18.0795021,18.1451225,0,0.86,-0.86,3,-0.109592327,-2.98983245,0,0,100.690195,0,-0.328776982,0,0,0,0,0,0,0,0,0
17.9806347,18.1596889,0,0.86,-0.86,3,-0.109592327,-3.00078422,0,0,100.79013,0,-0.328776982,0,0,0,0,0,0,0,0,0
17.8816147,18.173172,0,0.86,-0.86,3,-0.109592327,-3.01173599,0,0,100.890064,0,-0.328776982,0,0,0,0,0,0,0,0,0
17.7824516,18.1855698,0,0.86,-0.86,3,-0.109592327,-3.02268775,0,0,100.989999,0,-0.328776982,0,0,0,0,0,0,0,0,0
17.6831608,18.1968803,0,0.86,-0.86,3,-0.109592327,-3.03363952,0,0,101.089933,0,-0.328776982,0,0,0,0,0,0,0,0,0
17.5837498,18.2071037,0,0.86,-0.86,3,-0.109592327,-3.04459129,0,0,101.189867,0,-0.328776982,0,0,0,0,0,0,0,0,0
17.4842339,18.216238,0,0.86,-0.86,3,-0.109592327,-3.05554305,0,0,101.289802,0,-0.328776982,0,0,0,0,0,0,0,0,0
17.3846245,18.2242813,0,0.86,-0.86,3,-0.109592327,-3.06649482,0,0,101.389736,0,-0.328776982,0,0,0,0,0,0,0,0,0
17.2849312,18.2312336,0,0.86,-0.86,3,-0.109592327,-3.07744659,0,0,101.489671,0,-0.328776982,0,0,0,0,0,0,0,0,0
17.1851692,18.237093,0,0.86,-0.86,3,-0.109592327,-3.08839836,0,0,101.589605,0,-0.328776982,0,0,0,0,0,0,0,0,0
17.0853481,18.2418594,0,0.86,-0.86,3,-0.109592327,-3.09935012,0,0,101.689539,0,-0.328776982,0,0,0,0,0,0,0,0,0
16.9854813,18.245533,0,0.86,-0.86,3,-0.109592327,-3.11030189,0,0,101.789474,0,-0.328776982,0,0,0,0,0,0,0,0,0
16.8855801,18.2481117,0,0.86,-0.86,3,-0.109592327,-3.12125366,0,0,101.889408,0,-0.328776982,0,0,0,0,0,0,0,0,0
16.7856579,18.2495975,0,0.86,-0.86,3,-0.109592327,-3.13220542,0,0,101.989342,0,-0.328776982,0,0,0,0,0,0,0,0,0
16.6857243,18.2499886,0,0.86,-0.86,3,-0.109592327,-3.14315719,0,0,102.089277,0,-0.328776982,0,0,0,0,0,0,0,0,0
16.5857925,18.2492847,0,0.86,-0.86,3,-0.109592327,-3.15410896,0,0,102.189211,0,-0.328776982,0,0,0,0,0,0,0,0,0
16.4858742,18.247488,0,0.86,-0.86,3,-0.109592327,-3.16506073,0,0,102.289146,0,-0.328776982,0,0,0,0,0,0,0,0,0
16.3859806,18.2445946,0,0.86,-0.86,3,-0.109592327,-3.17601249,0,0,102.38908,0,-0.328776982,0,0,0,0,0,0,0,0,0
16.2861252,18.2406101,0,0.86,-0.86,3,-0.109592327,-3.18696426,0,0,102.489014,0,-0.328776982,0,0,0,0,0,0,0,0,0
16.1863213,18.2355309,0,0.86,-0.86,3,-0.109592327,-3.19791603,0,0,102.588949,0,-0.328776982,0,0,0,0,0,0,0,0,0
16.0865765,18.2293587,0,0.86,-0.86,3,-0.109592327,-3.2088678,0,0,102.688883,0,-0.328776982,0,0,0,0,0,0,0,0,0
15.986907,18.2220936,0,0.86,-0.86,3,-0.109592327,-3.21981956,0,0,102.788817,0,-0.328776982,0,0,0,0,0,0,0,0,0
15.8873224,18.2137394,0,0.86,-0.86,3,-0.109592327,-3.23077133,0,0,102.888752,0,-0.328776982,0,0,0,0,0,0,0,0,0
15.7878361,18.2042942,0,0.86,-0.86,3,-0.109592327,-3.2417231,0,0,102.988686,0,-0.328776982,0,0,0,0,0,0,0,0,0
15.6884584,18.1937599,0,0.86,-0.86,3,-0.109592327,-3.25267486,0,0,103.088621,0,-0.328776982,0,0,0,0,0,0,0,0,0
15.5892019,18.1821384,0,0.86,-0.86,3,-0.109592327,-3.26362663,0,0,103.188555,0,-0.328776982,0,0,0,0,0,0,0,0,0
15.4900789,18.1694298,0,0.86,-0.86,3,-0.109592327,-3.2745784,0,0,103.288489,0,-0.328776982,0,0,0,0,0,0,0,0,0
15.3911009,18.1556377,0,0.86,-0.86,3,-0.109592327,-3.28553017,0,0,103.388424,0,-0.328776982,0,0,0,0,0,0,0,0,0
15.2922802,18.1407604,0,0.86,-0.86,3,-0.109592327,-3.29648193,0,0,103.488358,0,-0.328776982,0,0,0,0,0,0,0,0,0
15.1936274,18.1248035,0,0.86,-0.86,3,-0.109592327,-3.3074337,0,0,103.588292,0,-0.328776982,0,0,0,0,0,0,0,0,0
15.0951567,18.1077671,0,0.86,-0.86,3,-0.109592327,-3.31838547,0,0,103.688227,0,-0.328776982,0,0,0,0,0,0,0,0,0
14.9968777,18.089653,0,0.86,-0.86,3,-0.109592327,-3.32933723,0,0,103.788161,0,-0.328776982,0,0,0,0,0,0,0,0,0
14.8988028,18.0704632,0,0.86,-0.86,3,-0.109592327,-3.340289,0,0,103.888096,0,-0.328776982,0,0,0,0,0,0,0,0,0
14.8009443,18.0502014,0,0.86,-0.86,3,-0.109592327,-3.35124077,0,0,103.98803,0,-0.328776982,0,0,0,0,0,0,0,0,0
14.7033129,18.0288677,0,0.86,-0.86,3,-0.109592327,-3.36219254,0,0,104.087964,0,-0.328776982,0,0,0,0,0,0,0,0,0
14.6059217,18.0064678,0,0.86,-0.86,3,-0.109592327,-3.3731443,0,0,104.187899,0,-0.328776982,0,0,0,0,0,0,0,0,0
14.5087814,17.9830017,0,0.86,-0.86,3,-0.109592327,-3.38409607,0,0,104.287833,0,-0.328776982,0,0,0,0,0,0,0,0,0
14.4119043,17.9584732,0,0.86,-0.86,3,-0.109592327,-3.39504784,0,0,104.387767,0,-0.328776982,0,0,0,0,0,0,0,0,0
14.3153009,17.9328842,0,0.86,-0.86,3,-0.109592327,-3.40599961,0,0,104.487702,0,-0.328776982,0,0,0,0,0,0,0,0,0
14.2189837,17.9062405,0,0.86,-0.86,3,-0.109592327,-3.41695137,0,0,104.587636,0,-0.328776982,0,0,0,0,0,0,0,0,0
14.1229649,17.8785439,0,0.86,-0.86,3,-0.109592327,-3.42790314,0,0,104.687571,0,-0.328776982,0,0,0,0,0,0,0,0,0
14.0272541,17.8497963,0,0.86,-0.86,3,-0.109592327,-3.43885491,0,0,104.787505,0,-0.328776982,0,0,0,0,0,0,0,0,0
13.9318647,17.8200016,0,0.86,-0.86,3,-0.109592327,-3.44980667,0,0,104.887439,0,-0.328776982,0,0,0,0,0,0,0,0,0
13.8368073,17.7891655,0,0.86,-0.86,3,-0.109592327,-3.46075844,0,0,104.987374,0,-0.328776982,0,0,0,0,0,0,0,0,0
13.7420921,17.757288,0,0.86,-0.86,3,-0.109592327,-3.47171021,0,0,105.087308,0,-0.328776982,0,0,0,0,0,0,0,0,0
13.6477327,17.7243767,0,0.86,-0.86,3,-0.109592327,-3.48266198,0,0,105.187242,0,-0.328776982,0,0,0,0,0,0,0,0,0
13.5537395,17.6904354,0,0.86,-0.86,3,-0.109592327,-3.49361374,0,0,105.287177,0,-0.328776982,0,0,0,0,0,0,0,0,0
13.4601231,17.6554642,0,0.86,-0.86,3,-0.109592327,-3.50456551,0,0,105.387111,0,-0.328776982,0,0,0,0,0,0,0,0,0
13.3668957,17.6194706,0,0.86,-0.86,3,-0.109592327,-3.51551728,0,0,105.487046,0,-0.328776982,0,0,0,0,0,0,0,0,0
13.2740679,17.5824585,0,0.86,-0.86,3,-0.109592327,-3.52646904,0,0,105.58698,0,-0.328776982,0,0,0,0,0,0,0,0,0
13.1816511,17.5444336,0,0.86,-0.86,3,-0.109592327,-3.53742081,0,0,105.686914,0,-0.328776982,0,0,0,0,0,0,0,0,0
13.0896568,17.5053959,0,0.86,-0.86,3,-0.109592327,-3.54837258,0,0,105.786849,0,-0.328776982,0,0,0,0,0,0,0,0,0
12.9980946,17.4653549,0,0.86,-0.86,3,-0.109592327,-3.55932435,0,0,105.886783,0,-0.328776982,0,0,0,0,0,0,0,0,0
12.9069767,17.4243126,0,0.86,-0.86,3,-0.109592327,-3.57027611,0,0,105.986717,0,-0.328776982,0,0,0,0,0,0,0,0,0
12.8163137,17.3822765,0,0.86,-0.86,3,-0.109592327,-3.58122788,0,0,106.086652,0,-0.328776982,0,0,0,0,0,0,0,0,0
12.7261171,17.3392487,0,0.86,-0.86,3,-0.109592327,-3.59217965,0,0,106.186586,0,-0.328776982,0,0,0,0,0,0,0,0,0
12.6363964,17.2952366,0,0.86,-0.86,3,-0.109592327,-3.60313141,0,0,106.286521,0,-0.328776982,0,0,0,0,0,0,0,0,0
12.547164,17.2502422,0,0.86,-0.86,3,-0.109592327,-3.61408318,0,0,106.386455,0,-0.328776982,0,0,0,0,0,0,0,0,0
12.4584284,17.2042751,0,0.86,-0.86,3,-0.109592327,-3.62503495,0,0,106.486389,0,-0.328776982,0,0,0,0,0,0,0,0,0
12.3702021,17.1573391,0,0.86,-0.86,3,-0.109592327,-3.63598672,0,0,106.586324,0,-0.328776982,0,0,0,0,0,0,0,0,0
12.2824955,17.1094398,0,0.86,-0.86,3,-0.109592327,-3.64693848,0,0,106.686258,0,-0.328776982,0,0,0,0,0,0,0,0,0
12.1953182,17.0605831,0,0.86,-0.86,3,-0.109592327,-3.65789025,0,0,106.786192,0,-0.328776982,0,0,0,0,0,0,0,0,0
12.1086817,17.0107727,0,0.86,-0.86,3,-0.109592327,-3.66884202,0,0,106.886127,0,-0.328776982,0,0,0,0,0,0,0,0,0
12.0225954,16.9600182,0,0.86,-0.86,3,-0.109592327,-3.67979379,0,0,106.986061,0,-0.328776982,0,0,0,0,0,0,0,0,0
11.9370708,16.9083233,0,0.86,-0.86,3,-0.109592327,-3.69074555,0,0,107.085996,0,-0.328776982,0,0,0,0,0,0,0,0,0
11.8521166,16.8556957,0,0.86,-0.86,3,-0.109592327,-3.70169732,0,0,107.18593,0,-0.328776982,0,0,0,0,0,0,0,0,0
11.7677441,16.8021393,0,0.86,-0.86,3,-0.109592327,-3.71264909,0,0,107.285864,0,-0.328776982,0,0,0,0,0,0,0,0,0
11.6839638,16.7476635,0,0.86,-0.86,3,-0.109592327,-3.72360085,0,0,107.385799,0,-0.328776982,0,0,0,0,0,0,0,0,0
11.6007843,16.6922741,0,0.86,-0.86,3,-0.109592327,-3.73455262,0,0,107.485733,0,-0.328776982,0,0,0,0,0,0,0,0,0
11.5182171,16.6359749,0,0.86,-0.86,3,-0.109592327,-3.74550439,0,0,107.585667,0,-0.328776982,0,0,0,0,0,0,0,0,0
11.4362707,16.5787754,0,0.86,-0.86,3,-0.109592327,-3.75645616,0,0,107.685602,0,-0.328776982,0,0,0,0,0,0,0,0,0
11.3549557,16.5206833,0,0.86,-0.86,3,-0.109592327,-3.76740792,0,0,107.785536,0,-0.328776982,0,0,0,0,0,0,0,0,0
11.2742825,16.4617023,0,0.86,-0.86,3,-0.109592327,-3.77835969,0,0,107.885471,0,-0.328776982,0,0,0,0,0,0,0,0,0
11.1942596,16.401844,0,0.86,-0.86,3,-0.109592327,-3.78931146,0,0,107.985405,0,-0.328776982,0,0,0,0,0,0,0,0,0
11.1148968,16.3411102,0,0.86,-0.86,3,-0.109592327,-3.80026322,0,0,108.085339,0,-0.328776982,0,0,0,0,0,0,0,0,0
11.0362043,16.2795124,0,0.86,-0.86,3,-0.109592327,-3.81121499,0,0,108.185274,0,-0.328776982,0,0,0,0,0,0,0,0,0
10.9581909,16.2170563,0,0.86,-0.86,3,-0.109592327,-3.82216676,0,0,108.285208,0,-0.328776982,0,0,0,0,0,0,0,0,0
10.8808661,16.1537495,0,0.86,-0.86,3,-0.109592327,-3.83311853,0,0,108.385142,0,-0.328776982,0,0,0,0,0,0,0,0,0
10.8042402,16.0895996,0,0.86,-0.86,3,-0.109592327,-3.84407029,0,0,108.485077,0,-0.328776982,0,0,0,0,0,0,0,0,0
10.7283201,16.0246143,0,0.86,-0.86,3,-0.109592327,-3.85502206,0,0,108.585011,0,-0.328776982,0,0,0,0,0,0,0,0,0
10.6531172,15.9588003,0,0.86,-0.86,3,-0.109592327,-3.86597383,0,0,108.684946,0,-0.328776982,0,0,0,0,0,0,0,0,0
10.578639,15.892168,0,0.86,-0.86,3,-0.109592327,-3.8769256,0,0,108.78488,0,-0.328776982,0,0,0,0,0,0,0,0,0
10.5048952,15.8247242,0,0.86,-0.86,3,-0.109592327,-3.88787736,0,0,108.884814,0,-0.328776982,0,0,0,0,0,0,0,0,0
10.4318943,15.7564764,0,0.86,-0.86,3,-0.109592327,-3.89882913,0,0,108.984749,0,-0.328776982,0,0,0,0,0,0,0,0,0
10.3596449,15.6874332,0,0.86,-0.86,3,-0.109592327,-3.9097809,0,0,109.084683,0,-0.328776982,0,0,0,0,0,0,0,0,0
10.2881565,15.6176023,0,0.86,-0.86,3,-0.109592327,-3.92073266,0,0,109.184617,0,-0.328776982,0,0,0,0,0,0,0,0,0
10.2174368,15.5469933,0,0.86,-0.86,3,-0.109592327,-3.93168443,0,0,109.284552,0,-0.328776982,0,0,0,0,0,0,0,0,0
10.1474953,15.4756145,0,0.86,-0.86,3,-0.109592327,-3.9426362,0,0,109.384486,0,-0.328776982,0,0,0,0,0,0,0,0,0
10.0783386,15.4034739,0,0.86,-0.86,3,-0.109592327,-3.95358797,0,0,109.484421,0,-0.328776982,0,0,0,0,0,0,0,0,0
10.0099773,15.3305798,0,0.86,-0.86,3,-0.109592327,-3.96453973,0,0,109.584355,0,-0.328776982,0,0,0,0,0,0,0,0,0
9.94241714,15.2569408,0,0.86,-0.86,3,-0.109592327,-3.9754915,0,0,109.684289,0,-0.328776982,0,0,0,0,0,0,0,0,0
9.87566853,15.1825676,0,0.86,-0.86,3,-0.109592327,-3.98644327,0,0,109.784224,0,-0.328776982,0,0,0,0,0,0,0,0,0
9.80973816,15.1074677,0,0.86,-0.86,3,-0.109592327,-3.99739503,0,0,109.884158,0,-0.328776982,0,0,0,0,0,0,0,0,0
9.74463367,15.0316496,0,0.86,-0.86,3,-0.109592327,-4.0083468,0,0,109.984093,0,-0.328776982,0,0,0,0,0,0,0,0,0
9.68036366,14.9551229,0,0.86,-0.86,3,-0.109592327,-4.01929857,0,0,110.084027,0,-0.328776982,0,0,0,0,0,0,0,0,0
9.61693573,14.8778973,0,0.86,-0.86,3,-0.109592327,-4.03025034,0,0,110.183961,0,-0.328776982,0,0,0,0,0,0,0,0,0
9.55435753,14.7999821,0,0.86,-0.86,3,-0.109592327,-4.0412021,0,0,110.283896,0,-0.328776982,0,0,0,0,0,0,0,0,0
9.49263668,14.721386,0,0.86,-0.86,3,-0.109592327,-4.05215387,0,0,110.38383,0,-0.328776982,0,0,0,0,0,0,0,0,0
9.43177986,14.6421185,0,0.86,-0.86,3,-0.109592327,-4.06310564,0,0,110.483764,0,-0.328776982,0,0,0,0,0,0,0,0,0
9.3717947,14.5621891,0,0.86,-0.86,3,-0.109592327,-4.07405741,0,0,110.583699,0,-0.328776982,0,0,0,0,0,0,0,0,0
9.31268787,14.4816084,0,0.86,-0.86,3,-0.109592327,-4.08500917,0,0,110.683633,0,-0.328776982,0,0,0,0,0,0,0,0,0
9.25446796,14.4003839,0,0.86,-0.86,3,-0.109592327,-4.09596094,0,0,110.783568,0,-0.328776982,0,0,0,0,0,0,0,0,0
9.19714069,14.3185282,0,0.86,-0.86,3,-0.109592327,-4.10691271,0,0,110.883502,0,-0.328776982,0,0,0,0,0,0,0,0,0
9.14071369,14.2360487,0,0.86,-0.86,3,-0.109592327,-4.11786447,0,0,110.983436,0,-0.328776982,0,0,0,0,0,0,0,0,0
9.08519363,14.152956,0,0.86,-0.86,3,-0.109592327,-4.12881624,0,0,111.083371,0,-0.328776982,0,0,0,0,0,0,0,0,0
9.03058624,14.0692606,0,0.86,-0.86,3,-0.109592327,-4.13976801,0,0,111.183305,0,-0.328776982,0,0,0,0,0,0,0,0,0
8.97689819,13.984972,0,0.86,-0.86,3,-0.109592327,-4.15071978,0,0,111.283239,0,-0.328776982,0,0,0,0,0,0,0,0,0
8.92413712,13.9001007,0,0.86,-0.86,3,-0.109592327,-4.16167154,0,0,111.383174,0,-0.328776982,0,0,0,0,0,0,0,0,0
8.87230873,13.8146572,0,0.86,-0.86,3,-0.109592327,-4.17262331,0,0,111.483108,0,-0.328776982,0,0,0,0,0,0,0,0,0
8.82141972,13.7286501,0,0.86,-0.86,3,-0.109592327,-4.18357508,0,0,111.583043,0,-0.328776982,0,0,0,0,0,0,0,0,0
8.77147484,13.6420918,0,0.86,-0.86,3,-0.109592327,-4.19452684,0,0,111.682977,0,-0.328776982,0,0,0,0,0,0,0,0,0
8.72248173,13.5549908,0,0.86,-0.86,3,-0.109592327,-4.20547861,0,0,111.782911,0,-0.328776982,0,0,0,0,0,0,0,0,0
8.6744442,13.4673595,0,0.86,-0.86,3,-0.109592327,-4.21643038,0,0,111.882846,0,-0.328776982,0,0,0,0,0,0,0,0,0
8.62736988,13.3792067,0,0.86,-0.86,3,-0.109592327,-4.22738215,0,0,111.98278,0,-0.328776982,0,0,0,0,0,0,0,0,0
8.5812645,13.2905436,0,0.86,-0.86,3,-0.109592327,-4.23833391,0,0,112.082714,0,-0.328776982,0,0,0,0,0,0,0,0,0
8.53613186,13.2013807,0,0.86,-0.86,3,-0.109592327,-4.24928568,0,0,112.182649,0,-0.328776982,0,0,0,0,0,0,0,0,0
8.49197865,13.1117296,0,0.86,-0.86,3,-0.109592327,-4.26023745,0,0,112.282583,0,-0.328776982,0,0,0,0,0,0,0,0,0
8.44881058,13.0215998,0,0.86,-0.86,3,-0.109592327,-4.27118922,0,0,112.382518,0,-0.328776982,0,0,0,0,0,0,0,0,0
8.40663147,12.9310026,0,0.86,-0.86,3,-0.109592327,-4.28214098,0,0,112.482452,0,-0.328776982,0,0,0,0,0,0,0,0,0
8.36544704,12.8399496,0,0.86,-0.86,3,-0.109592327,-4.29309275,0,0,112.582386,0,-0.328776982,0,0,0,0,0,0,0,0,0
8.32526207,12.7484503,0,0.86,-0.86,3,-0.109592327,-4.30404452,0,0,112.682321,0,-0.328776982,0,0,0,0,0,0,0,0,0
8.28608227,12.656517,0,0.86,-0.86,3,-0.109592327,-4.31499628,0,0,112.782255,0,-0.328776982,0,0,0,0,0,0,0,0,0
8.24791145,12.5641594,0,0.86,-0.86,3,-0.109592327,-4.32594805,0,0,112.882189,0,-0.328776982,0,0,0,0,0,0,0,0,0
8.21075344,12.4713898,0,0.86,-0.86,3,-0.109592327,-4.33689982,0,0,112.982124,0,-0.328776982,0,0,0,0,0,0,0,0,0
8.17461491,12.3782187,0,0.86,-0.86,3,-0.109592327,-4.34785159,0,0,113.082058,0,-0.328776982,0,0,0,0,0,0,0,0,0
8.13949871,12.2846575,0,0.86,-0.86,3,-0.109592327,-4.35880335,0,0,113.181993,0,-0.328776982,0,0,0,0,0,0,0,0,0
8.10540867,12.1907177,0,0.86,-0.86,3,-0.109592327,-4.36975512,0,0,113.281927,0,-0.328776982,0,0,0,0,0,0,0,0,0
8.07234955,12.0964098,0,0.86,-0.86,3,-0.109592327,-4.38070689,0,0,113.381861,0,-0.328776982,0,0,0,0,0,0,0,0,0
8.04032516,12.0017452,0,0.86,-0.86,3,-0.109592327,-4.39165865,0,0,113.481796,0,-0.328776982,0,0,0,0,0,0,0,0,0
8.00934029,11.9067354,0,0.86,-0.86,3,-0.109592327,-4.40261042,0,0,113.58173,0,-0.328776982,0,0,0,0,0,0,0,0,0
7.97939682,11.8113928,0,0.86,-0.86,3,-0.109592327,-4.41356219,0,0,113.681664,0,-0.328776982,0,0,0,0,0,0,0,0,0
7.95049953,11.7157278,0,0.86,-0.86,3,-0.109592327,-4.42451396,0,0,113.781599,0,-0.328776982,0,0,0,0,0,0,0,0,0
7.92265177,11.6197519,0,0.86,-0.86,3,-0.109592327,-4.43546572,0,0,113.881533,0,-0.328776982,0,0,0,0,0,0,0,0,0
7.89585686,11.5234766,0,0.86,-0.86,3,-0.109592327,-4.44641749,0,0,113.981468,0,-0.328776982,0,0,0,0,0,0,0,0,0
7.87011766,11.4269133,0,0.86,-0.86,3,-0.109592327,-4.45736926,0,0,114.081402,0,-0.328776982,0,0,0,0,0,0,0,0,0
7.845438,11.3300743,0,0.86,-0.86,3,-0.109592327,-4.46832103,0,0,114.181336,0,-0.328776982,0,0,0,0,0,0,0,0,0
7.82181978,11.2329712,0,0.86,-0.86,3,-0.109592327,-4.47927279,0,0,114.281271,0,-0.328776982,0,0,0,0,0,0,0,0,0
7.79926682,11.1356153,0,0.86,-0.86,3,-0.109592327,-4.49022456,0,0,114.381205,0,-0.328776982,0,0,0,0,0,0,0,0,0
7.77778101,11.0380173,0,0.86,-0.86,3,-0.109592327,-4.50117633,0,0,114.481139,0,-0.328776982,0,0,0,0,0,0,0,0,0
7.7573657,10.9401903,0,0.86,-0.86,3,-0.109592327,-4.51212809,0,0,114.581074,0,-0.328776982,0,0,0,0,0,0,0,0,0
7.7380228,10.8421459,0,0.86,-0.86,3,-0.109592327,-4.52307986,0,0,114.681008,0,-0.328776982,0,0,0,0,0,0,0,0,0
7.7197547,10.7438955,0,0.86,-0.86,3,-0.109592327,-4.53403163,0,0,114.780943,0,-0.328776982,0,0,0,0,0,0,0,0,0
7.70256424,10.6454506,0,0.86,-0.86,3,-0.109592327,-4.5449834,0,0,114.880877,0,-0.328776982,0,0,0,0,0,0,0,0,0
7.68645239,10.5468235,0,0.86,-0.86,3,-0.109592327,-4.55593516,0,0,114.980811,0,-0.328776982,0,0,0,0,0,0,0,0,0
7.67142153,10.4480267,0,0.86,-0.86,3,-0.109592327,-4.56688693,0,0,115.080746,0,-0.328776982,0,0,0,0,0,0,0,0,0
7.65747404,10.3490705,0,0.86,-0.86,3,-0.109592327,-4.5778387,0,0,115.18068,0,-0.328776982,0,0,0,0,0,0,0,0,0
7.64461088,10.2499666,0,0.86,-0.86,3,-0.109592327,-4.58879046,0,0,115.280614,0,-0.328776982,0,0,0,0,0,0,0,0,0
7.63283348,10.1507292,0,0.86,-0.86,3,-0.109592327,-4.59974223,0,0,115.380549,0,-0.328776982,0,0,0,0,0,0,0,0,0
7.62214422,10.0513678,0,0.86,-0.86,3,-0.109592327,-4.610694,0,0,115.480483,0,-0.328776982,0,0,0,0,0,0,0,0,0
7.61254358,9.95189571,0,0.86,-0.86,3,-0.109592327,-4.62164577,0,0,115.580418,0,-0.328776982,0,0,0,0,0,0,0,0,0
7.60403252,9.85232449,0,0.86,-0.86,3,-0.109592327,-4.63259753,0,0,115.680352,0,-0.328776982,0,0,0,0,0,0,0,0,0
7.59661293,9.75266647,0,0.86,-0.86,3,-0.109592327,-4.6435493,0,0,115.780286,0,-0.328776982,0,0,0,0,0,0,0,0,0
7.59028482,9.65293217,0,0.86,-0.86,3,-0.109592327,-4.65450107,0,0,115.880221,0,-0.328776982,0,0,0,0,0,0,0,0,0
7.58504915,9.55313492,0,0.86,-0.86,3,-0.109592327,-4.66545284,0,0,115.980155,0,-0.328776982,0,0,0,0,0,0,0,0,0
7.58090734,9.45328617,0,0.86,-0.86,3,-0.109592327,-4.6764046,0,0,116.080089,0,-0.328776982,0,0,0,0,0,0,0,0,0
7.57785892,9.35339832,0,0.86,-0.86,3,-0.109592327,-4.68735637,0,0,116.180024,0,-0.328776982,0,0,0,0,0,0,0,0,0
7.57590437,9.25348377,0,0.86,-0.86,3,-0.109592327,-4.69830814,0,0,116.279958,0,-0.328776982,0,0,0,0,0,0,0,0,0
7.57504463,9.15355301,0,0.86,-0.86,3,-0.109592327,-4.7092599,0,0,116.379893,0,-0.328776982,0,0,0,0,0,0,0,0,0
7.57527924,9.05361843,0,0.86,-0.86,3,-0.109592327,1.56297364,0,0,116.479827,0,-0.328776982,0,0,0,0,0,0,0,0,0
7.57660818,8.95369339,0,0.86,-0.86,3,-0.109592327,1.55202187,0,0,116.579761,0,-0.328776982,0,0,0,0,0,0,0,0,0
7.57903147,8.85378838,0,0.86,-0.86,3,-0.109592327,1.5410701,0,0,116.679696,0,-0.328776982,0,0,0,0,0,0,0,0,0
7.58254862,8.75391579,0,0.86,-0.86,3,-0.109592327,1.53011833,0,0,116.77963,0,-0.328776982,0,0,0,0,0,0,0,0,0
7.58715916,8.65408802,0,0.86,-0.86,3,-0.109592327,1.51916657,0,0,116.879564,0,-0.328776982,0,0,0,0,0,0,0,0,0
7.59286308,8.55431652,0,0.86,-0.86,3,-0.109592327,1.5082148,0,0,116.979499,0,-0.328776982,0,0,0,0,0,0,0,0,0
7.59965897,8.45461369,0,0.86,-0.86,3,-0.109592327,1.49726303,0,0,117.079433,0,-0.328776982,0,0,0,0,0,0,0,0,0
7.60754633,8.35499096,0,0.86,-0.86,3,-0.109592327,1.48631127,0,0,117.179368,0,-0.328776982,0,0,0,0,0,0,0,0,0
7.6165247,8.25546074,0,0.86,-0.86,3,-0.109592327,1.4753595,0,0,117.279302,0,-0.328776982,0,0,0,0,0,0,0,0,0
7.62659216,8.15603447,0,0.86,-0.86,3,-0.109592327,1.46440773,0,0,117.379236,0,-0.328776982,0,0,0,0,0,0,0,0,0
7.63774776,8.05672455,0,0.86,-0.86,3,-0.109592327,1.45345596,0,0,117.479171,0,-0.328776982,0,0,0,0,0,0,0,0,0
7.64999056,7.9575429,0,0.86,-0.86,3,-0.109592327,1.4425042,0,0,117.579105,0,-0.328776982,0,0,0,0,0,0,0,0,0
7.66331863,7.85850143,0,0.86,-0.86,3,-0.109592327,1.43155243,0,0,117.679039,0,-0.328776982,0,0,0,0,0,0,0,0,0
7.67773104,7.75961161,0,0.86,-0.86,3,-0.109592327,1.42060066,0,0,117.778974,0,-0.328776982,0,0,0,0,0,0,0,0,0
7.69322491,7.66088581,0,0.86,-0.86,3,-0.109592327,1.40964889,0,0,117.878908,0,-0.328776982,0,0,0,0,0,0,0,0,0
7.70979977,7.56233549,0,0.86,-0.86,3,-0.109592327,1.39869713,0,0,117.978843,0,-0.328776982,0,0,0,0,0,0,0,0,0
7.72745228,7.46397257,0,0.86,-0.86,3,-0.109592327,1.38774536,0,0,118.078777,0,-0.328776982,0,0,0,0,0,0,0,0,0
7.74618101,7.36580896,0,0.86,-0.86,3,-0.109592327,1.37679359,0,0,118.178711,0,-0.328776982,0,0,0,0,0,0,0,0,0
7.76598406,7.26785612,0,0.86,-0.86,3,-0.109592327,1.36584183,0,0,118.278646,0,-0.328776982,0,0,0,0,0,0,0,0,0
7.78685856,7.17012644,0,0.86,-0.86,3,-0.109592327,1.35489006,0,0,118.37858,0,-0.328776982,0,0,0,0,0,0,0,0,0
7.80880165,7.07263088,0,0.86,-0.86,3,-0.109592327,1.34393829,0,0,118.478514,0,-0.328776982,0,0,0,0,0,0,0,0,0
7.83181143,6.97538137,0,0.86,-0.86,3,-0.109592327,1.33298652,0,0,118.578449,0,-0.328776982,0,0,0,0,0,0,0,0,0
7.85588503,6.87838984,0,0.86,-0.86,3,-0.109592327,1.32203476,0,0,118.678383,0,-0.328776982,0,0,0,0,0,0,0,0,0
7.88101912,6.78166771,0,0.86,-0.86,3,-0.109592327,1.31108299,0,0,118.778318,0,-0.328776982,0,0,0,0,0,0,0,0,0
7.9072113,6.68522692,0,0.86,-0.86,3,-0.109592327,1.30013122,0,0,118.878252,0,-0.328776982,0,0,0,0,0,0,0,0,0
7.93445778,6.58907843,0,0.86,-0.86,3,-0.109592327,1.28917946,0,0,118.978186,0,-0.328776982,0,0,0,0,0,0,0,0,0
7.96275568,6.49323463,0,0.86,-0.86,3,-0.109592327,1.27822769,0,0,119.078121,0,-0.328776982,0,0,0,0,0,0,0,0,0
7.99210167,6.39770603,0,0.86,-0.86,3,-0.109592327,1.26727592,0,0,119.178055,0,-0.328776982,0,0,0,0,0,0,0,0,0
8.02249241,6.30250454,0,0.86,-0.86,3,-0.109592327,1.25632415,0,0,119.27799,0,-0.328776982,0,0,0,0,0,0,0,0,0
8.05392265,6.2076416,0,0.86,-0.86,3,-0.109592327,1.24537239,0,0,119.377924,0,-0.328776982,0,0,0,0,0,0,0,0,0
8.08639145,6.11312866,0,0.86,-0.86,3,-0.109592327,1.23442062,0,0,119.477858,0,-0.328776982,0,0,0,0,0,0,0,0,0
8.11989212,6.01897717,0,0.86,-0.86,3,-0.109592327,1.22346885,0,0,119.577793,0,-0.328776982,0,0,0,0,0,0,0,0,0
8.15442276,5.9251976,0,0.86,-0.86,3,-0.109592327,1.21251708,0,0,119.677727,0,-0.328776982,0,0,0,0,0,0,0,0,0
8.18997765,5.83180237,0,0.86,-0.86,3,-0.109592327,1.20156532,0,0,119.777661,0,-0.328776982,0,0,0,0,0,0,0,0,0
8.22655392,5.73880196,0,0.86,-0.86,3,-0.109592327,1.19061355,0,0,119.877596,0,-0.328776982,0,0,0,0,0,0,0,0,0
8.26414585,5.64620781,0,0.86,-0.86,3,-0.109592327,1.17966178,0,0,119.97753,0,-0.328776982,0,0,0,0,0,0,0,0,0
8.30275059,5.55403042,0,0.86,-0.86,3,-0.109592327,1.16871002,0,0,120.077465,0,-0.328776982,0,0,0,0,0,0,0,0,0
8.34236145,5.4622817,0,0.86,-0.86,3,-0.109592327,1.15775825,0,0,120.177399,0,-0.328776982,0,0,0,0,0,0,0,0,0
8.38297558,5.37097263,0,0.86,-0.86,3,-0.109592327,1.14680648,0,0,120.277333,0,-0.328776982,0,0,0,0,0,0,0,0,0
8.4245863,5.28011322,0,0.86,-0.86,3,-0.109592327,1.13585471,0,0,120.377268,0,-0.328776982,0,0,0,0,0,0,0,0,0
8.46718979,5.18971539,0,0.86,-0.86,3,-0.109592327,1.12490295,0,0,120.477202,0,-0.328776982,0,0,0,0,0,0,0,0,0
8.51078129,5.09978914,0,0.86,-0.86,3,-0.109592327,1.11395118,0,0,120.577136,0,-0.328776982,0,0,0,0,0,0,0,0,0
8.55535507,5.01034594,0,0.86,-0.86,3,-0.109592327,1.10299941,0,0,120.677071,0,-0.328776982,0,0,0,0,0,0,0,0,0
8.60090542,4.92139626,0,0.86,-0.86,3,-0.109592327,1.09204765,0,0,120.777005,0,-0.328776982,0,0,0,0,0,0,0,0,0
8.64742661,4.83295059,0,0.86,-0.86,3,-0.109592327,1.08109588,0,0,120.87694,0,-0.328776982,0,0,0,0,0,0,0,0,0
8.69491386,4.74501991,0,0.86,-0.86,3,-0.109592327,1.07014411,0,0,120.976874,0,-0.328776982,0,0,0,0,0,0,0,0,0
8.74336147,4.65761471,0,0.86,-0.86,3,-0.109592327,1.05919234,0,0,121.076808,0,-0.328776982,0,0,0,0,0,0,0,0,0
8.79276371,4.57074499,0,0.86,-0.86,3,-0.109592327,1.04824058,0,0,121.176743,0,-0.328776982,0,0,0,0,0,0,0,0,0
8.8431139,4.48442173,0,0.86,-0.86,3,-0.109592327,1.03728881,0,0,121.276677,0,-0.328776982,0,0,0,0,0,0,0,0,0
8.89440632,4.39865494,0,0.86,-0.86,3,-0.109592327,1.02633704,0,0,121.376611,0,-0.328776982,0,0,0,0,0,0,0,0,0
8.94663525,4.3134551,0,0.86,-0.86,3,-0.109592327,1.01538527,0,0,121.476546,0,-0.328776982,0,0,0,0,0,0,0,0,0
8.99979401,4.22883224,0,0.86,-0.86,3,-0.109592327,1.00443351,0,0,121.57648,0,-0.328776982,0,0,0,0,0,0,0,0,0
9.05387688,4.14479637,0,0.86,-0.86,3,-0.109592327,0.993481741,0,0,121.676415,0,-0.328776982,0,0,0,0,0,0,0,0,0
9.10887623,4.06135845,0,0.86,-0.86,3,-0.109592327,0.982529973,0,0,121.776349,0,-0.328776982,0,0,0,0,0,0,0,0,0
9.16478634,3.97852755,0,0.86,-0.86,3,-0.109592327,0.971578206,0,0,121.876283,0,-0.328776982,0,0,0,0,0,0,0,0,0
9.22159958,3.89631391,0,0.86,-0.86,3,-0.109592327,0.960626439,0,0,121.976218,0,-0.328776982,0,0,0,0,0,0,0,0,0
9.27931118,3.81472731,0,0.86,-0.86,3,-0.109592327,0.949674672,0,0,122.076152,0,-0.328776982,0,0,0,0,0,0,0,0,0
9.33791161,3.73377776,0,0.86,-0.86,3,-0.109592327,0.938722904,0,0,122.176086,0,-0.328776982,0,0,0,0,0,0,0,0,0
9.39739513,3.65347481,0,0.86,-0.86,3,-0.109592327,0.927771137,0,0,122.276021,0,-0.328776982,0,0,0,0,0,0,0,0,0
9.45775509,3.57382822,0,0.86,-0.86,3,-0.109592327,0.91681937,0,0,122.375955,0,-0.328776982,0,0,0,0,0,0,0,0,0
9.51898289,3.4948473,0,0.86,-0.86,3,-0.109592327,0.905867603,0,0,122.47589,0,-0.328776982,0,0,0,0,0,0,0,0,0
9.58107281,3.41654158,0,0.86,-0.86,3,-0.109592327,0.894915836,0,0,122.575824,0,-0.328776982,0,0,0,0,0,0,0,0,0
9.64401627,3.33892059,0,0.86,-0.86,3,-0.109592327,0.883964068,0,0,122.675758,0,-0.328776982,0,0,0,0,0,0,0,0,0
9.70780563,3.26199365,0,0.86,-0.86,3,-0.109592327,0.873012301,0,0,122.775693,0,-0.328776982,0,0,0,0,0,0,0,0,0
9.77243423,3.18577003,0,0.86,-0.86,3,-0.109592327,0.862060534,0,0,122.875627,0,-0.328776982,0,0,0,0,0,0,0,0,0
9.83789349,3.11025858,0,0.86,-0.86,3,-0.109592327,0.851108767,0,0,122.975561,0,-0.328776982,0,0,0,0,0,0,0,0,0
9.90417576,3.03546858,0,0.86,-0.86,3,-0.109592327,0.840156999,0,0,123.075496,0,-0.328776982,0,0,0,0,0,0,0,0,0
9.97127247,2.96140885,0,0.86,-0.86,3,-0.109592327,0.829205232,0,0,123.17543,0,-0.328776982,0,0,0,0,0,0,0,0,0
10.0391769,2.8880887,0,0.86,-0.86,3,-0.109592327,0.818253465,0,0,123.275365,0,-0.328776982,0,0,0,0,0,0,0,0,0
10.1078806,2.81551623,0,0.86,-0.86,3,-0.109592327,0.807301698,0,0,123.375299,0,-0.328776982,0,0,0,0,0,0,0,0,0
10.1773739,2.74370074,0,0.86,-0.86,3,-0.109592327,0.796349931,0,0,123.475233,0,-0.328776982,0,0,0,0,0,0,0,0,0
10.2476501,2.67265058,0,0.86,-0.86,3,-0.137336678,0.784014884,0,0,123.575168,0,-0.412010034,0,0,0,0,0,0,0,0,0
10.3188648,2.60260105,0,0.86,-0.86,3,-0.163536272,0.768985278,0,0,123.67506,0,-0.490608816,0,0,0,0,0,0,0,0,0
10.3912144,2.53372383,0,0.86,-0.86,3,-0.161199735,0.752766864,0,0,123.774952,0,-0.483599204,0,0,0,0,0,0,0,0,0
10.4646635,2.46602058,0,0.86,-0.86,3,-0.15886321,0.736781809,0,0,123.874844,0,-0.476589631,0,0,0,0,0,0,0,0,0
10.5391769,2.39949131,0,0.86,-0.86,3,-0.156526699,0.721030113,0,0,123.974737,0,-0.469580097,0,0,0,0,0,0,0,0,0
10.6147223,2.33413506,0,0.86,-0.86,3,-0.154190201,0.705511775,0,0,124.074629,0,-0.462570602,0,0,0,0,0,0,0,0,0
10.6912642,2.26995015,0,0.86,-0.86,3,-0.151853715,0.690226795,0,0,124.174521,0,-0.455561145,0,0,0,0,0,0,0,0,0
10.7687721,2.20693326,0,0.86,-0.86,3,-0.149517241,0.675175174,0,0,124.274414,0,-0.448551724,0,0,0,0,0,0,0,0,0
10.8472118,2.14508128,0,0.86,-0.86,3,-0.14718078,0.660356911,0,0,124.374306,0,-0.441542341,0,0,0,0,0,0,0,0,0
10.9265528,2.08438897,0,0.86,-0.86,3,-0.144844331,0.645772007,0,0,124.474199,0,-0.434532993,0,0,0,0,0,0,0,0,0
11.0067625,2.02485085,0,0.86,-0.86,3,-0.142507894,0.631420461,0,0,124.574091,0,-0.427523681,0,0,0,0,0,0,0,0,0
11.0878124,1.96646047,0,0.86,-0.86,3,-0.140171468,0.617302274,0,0,124.673984,0,-0.420514403,0,0,0,0,0,0,0,0,0
11.169672,1.90921056,0,0.86,-0.86,3,-0.137835053,0.603417445,0,0,124.773876,0,-0.41350516,0,0,0,0,0,0,0,0,0
11.2523117,1.85309315,0,0.86,-0.86,3,-0.13549865,0.589765974,0,0,124.873769,0,-0.406495951,0,0,0,0,0,0,0,0,0
11.3357038,1.79809928,0,0.86,-0.86,3,-0.133162258,0.576347862,0,0,124.973661,0,-0.399486775,0,0,0,0,0,0,0,0,0
11.4198198,1.74421954,0,0.86,-0.86,3,-0.130825877,0.563163109,0,0,125.073554,0,-0.392477631,0,0,0,0,0,0,0,0,0
11.5046329,1.69144356,0,0.86,-0.86,3,-0.128489507,0.550211713,0,0,125.173446,0,-0.38546852,0,0,0,0,0,0,0,0,0
11.5901165,1.63976038,0,0.86,-0.86,3,-0.126153147,0.537493677,0,0,125.273339,0,-0.37845944,0,0,0,0,0,0,0,0,0
11.6762438,1.58915854,0,0.86,-0.86,3,-0.123816797,0.525008999,0,0,125.373232,0,-0.371450391,0,0,0,0,0,0,0,0,0
11.762991,1.53962576,0,0.86,-0.86,3,-0.121480457,0.512757679,0,0,125.473125,0,-0.364441372,0,0,0,0,0,0,0,0,0
11.8503332,1.49114919,0,0.86,-0.86,3,-0.119144128,0.500739718,0,0,125.573017,0,-0.357432383,0,0,0,0,0,0,0,0,0
11.9382448,1.44371545,0,0.86,-0.86,3,-0.116807808,0.488955115,0,0,125.67291,0,-0.350423423,0,0,0,0,0,0,0,0,0
12.0267048,1.39731073,0,0.86,-0.86,3,-0.114471497,0.477403871,0,0,125.772803,0,-0.343414492,0,0,0,0,0,0,0,0,0
12.1156902,1.35192049,0,0.86,-0.86,3,-0.112135196,0.466085985,0,0,125.872696,0,-0.336405589,0,0,0,0,0,0,0,0,0
12.2051773,1.30752993,0,0.86,-0.86,3,-0.109798904,0.455001457,0,0,125.972588,0,-0.329396713,0,0,0,0,0,0,0,0,0
12.2951469,1.26412332,0,0.86,-0.86,3,-0.107462622,0.444150288,0,0,126.072481,0,-0.322387865,0,0,0,0,0,0,0,0,0
12.3855772,1.22168505,0,0.86,-0.86,3,-0.105126347,0.433532478,0,0,126.172374,0,-0.315379042,0,0,0,0,0,0,0,0,0
12.4764471,1.18019867,0,0.86,-0.86,3,-0.102790082,0.423148026,0,0,126.272267,0,-0.308370245,0,0,0,0,0,0,0,0,0
12.5677395,1.13964748,0,0.86,-0.86,3,-0.100453825,0.412996932,0,0,126.37216,0,-0.301361474,0,0,0,0,0,0,0,0,0
12.6594334,1.10001445,0,0.86,-0.86,3,-0.0981175757,0.403079197,0,0,126.472053,0,-0.294352727,0,0,0,0,0,0,0,0,0
12.7515116,1.06128192,0,0.86,-0.86,3,-0.0957813347,0.393394821,0,0,126.571946,0,-0.287344004,0,0,0,0,0,0,0,0,0
12.843956,1.02343214,0,0.86,-0.86,3,-0.0934451016,0.383943803,0,0,126.671839,0,-0.280335305,0,0,0,0,0,0,0,0,0
12.9367504,0.986446917,0,0.86,-0.86,3,-0.0911088761,0.374726143,0,0,126.771732,0,-0.273326628,0,0,0,0,0,0,0,0,0
13.0298767,0.950307727,0,0.86,-0.86,3,-0.088772658,0.365741842,0,0,126.871625,0,-0.266317974,0,0,0,0,0,0,0,0,0
13.1233196,0.91499573,0,0.86,-0.86,3,-0.0864364472,0.356990899,0,0,126.971518,0,-0.259309342,0,0,0,0,0,0,0,0,0
13.2170649,0.880491853,0,0.86,-0.86,3,-0.0841002434,0.348473315,0,0,127.071411,0,-0.25230073,0,0,0,0,0,0,0,0,0
13.3110962,0.846776724,0,0.86,-0.86,3,-0.0817640465,0.340189089,0,0,127.171304,0,-0.24529214,0,0,0,0,0,0,0,0,0
13.4054003,0.813830733,0,0.86,-0.86,3,-0.0794278563,0.332138222,0,0,127.271197,0,-0.238283569,0,0,0,0,0,0,0,0,0
13.4999619,0.781633914,0,0.86,-0.86,3,-0.0770916726,0.324320713,0,0,127.37109,0,-0.231275018,0,0,0,0,0,0,0,0,0
13.5947695,0.750166297,0,0.86,-0.86,3,-0.0747554951,0.316736563,0,0,127.470983,0,-0.224266485,0,0,0,0,0,0,0,0,0
13.6898088,0.719407558,0,0.86,-0.86,3,-0.0724193238,0.309385771,0,0,127.570876,0,-0.217257971,0,0,0,0,0,0,0,0,0
13.7850685,0.689337075,0,0.86,-0.86,3,-0.0700831584,0.302268337,0,0,127.670769,0,-0.210249475,0,0,0,0,0,0,0,0,0
13.880537,0.659934223,0,0.86,-0.86,3,-0.0677469987,0.295384262,0,0,127.770662,0,-0.203240996,0,0,0,0,0,0,0,0,0
13.9762011,0.631178141,0,0.86,-0.86,3,-0.0654108445,0.288733546,0,0,127.870555,0,-0.196232534,0,0,0,0,0,0,0,0,0
14.072052,0.603047729,0,0.86,-0.86,3,-0.0630746957,0.282316188,0,0,127.970449,0,-0.189224087,0,0,0,0,0,0,0,0,0
14.1680775,0.575521767,0,0.86,-0.86,3,-0.0607385521,0.276132188,0,0,128.070342,0,-0.182215656,0,0,0,0,0,0,0,0,0
14.2642689,0.548578918,0,0.86,-0.86,3,-0.0584024134,0.270181547,0,0,128.170235,0,-0.17520724,0,0,0,0,0,0,0,0,0
14.3606157,0.522197723,0,0.86,-0.86,3,-0.0560662794,0.264464265,0,0,128.270128,0,-0.168198838,0,0,0,0,0,0,0,0,0
14.4571085,0.496356517,0,0.86,-0.86,3,-0.0537301501,0.258980341,0,0,128.370021,0,-0.16119045,0,0,0,0,0,0,0,0,0
14.5537386,0.471033603,0,0.86,-0.86,3,-0.0513940251,0.253729775,0,0,128.469915,0,-0.154182075,0,0,0,0,0,0,0,0,0
14.6504974,0.446207076,0,0.86,-0.86,3,-0.0490579043,0.248712568,0,0,128.569808,0,-0.147173713,0,0,0,0,0,0,0,0,0
14.7473774,0.421855032,0,0.86,-0.86,3,-0.0467217876,0.243928719,0,0,128.669701,0,-0.140165363,0,0,0,0,0,0,0,0,0
14.8443689,0.397955418,0,0.86,-0.86,3,-0.0443856746,0.239378229,0,0,128.769594,0,-0.133157024,0,0,0,0,0,0,0,0,0
14.9414663,0.374486059,0,0.86,-0.86,3,-0.0420495653,0.235061097,0,0,128.869488,0,-0.126148696,0,0,0,0,0,0,0,0,0
15.038661,0.351424754,0,0.86,-0.86,3,-0.0397134594,0.230977324,0,0,128.969381,0,-0.119140378,0,0,0,0,0,0,0,0,0
15.1359463,0.32874921,0,0.86,-0.86,3,-0.0373773568,0.227126909,0,0,129.069274,0,-0.11213207,0,0,0,0,0,0,0,0,0
15.2333164,0.306437075,0,0.86,-0.86,3,-0.0350412572,0.223509853,0,0,129.169167,0,-0.105123772,0,0,0,0,0,0,0,0,0
15.3307638,0.284465879,0,0.86,-0.86,3,-0.0327051605,0.220126155,0,0,129.269061,0,-0.0981154814,0,0,0,0,0,0,0,0,0
15.4282818,0.262813181,0,0.86,-0.86,3,-0.0303690664,0.216975816,0,0,129.368954,0,-0.0911071993,0,0,0,0,0,0,0,0,0
15.5258656,0.241456419,0,0.86,-0.86,3,-0.0280329749,0.214058835,0,0,129.468847,0,-0.0840989246,0,0,0,0,0,0,0,0,0
15.6235085,0.22037299,0,0.86,-0.86,3,-0.0256968856,0.211375212,0,0,129.56874,0,-0.0770906567,0,0,0,0,0,0,0,0,0
15.7212048,0.199540287,0,0.86,-0.86,3,-0.0233607984,0.208924948,0,0,129.668634,0,-0.0700823951,0,0,0,0,0,0,0,0,0
15.8189507,0.178935602,0,0.86,-0.86,3,-0.0210247131,0.206708043,0,0,129.768527,0,-0.0630741393,0,0,0,0,0,0,0,0,0
15.9167385,0.15853627,0,0.86,-0.86,3,-0.0186886295,0.204724496,0,0,129.86842,0,-0.0560658886,0,0,0,0,0,0,0,0,0
16.0145645,0.138319522,0,0.86,-0.86,3,-0.0163525475,0.202974307,0,0,129.968314,0,-0.0490576425,0,0,0,0,0,0,0,0,0
16.1124229,0.118262596,0,0.86,-0.86,3,-0.0140164668,0.201457477,0,0,130.068207,0,-0.0420494005,0,0,0,0,0,0,0,0,0
16.21031,0.0983427167,0,0.86,-0.86,3,-0.0116803873,0.200174006,0,0,130.1681,0,-0.0350411618,0,0,0,0,0,0,0,0,0
16.3082218,0.0785370544,0,0.86,-0.86,3,-0.00934430867,0.199123892,0,0,130.267994,0,-0.028032926,0,0,0,0,0,0,0,0,0
16.4061489,0.0588227995,0,0.86,-0.86,3,-0.00700823083,0.198307138,0,0,130.367887,0,-0.0210246925,0,0,0,0,0,0,0,0,0
16.5040913,0.0391771048,0,0.86,-0.86,3,-0.00467215357,0.197723742,0,0,130.46778,0,-0.0140164607,0,0,0,0,0,0,0,0,0
16.6020432,0.0195771232,0,0.86,-0.86,3,-0.00233607669,0.197373704,0,0,130.567674,0,-0.00700823007,0,0,0,0,0,0,0,0,0
16.7000008,0.0,0,0.86,-0.86,3,-8.91026792e-16,0.197257025,0,0,130.667567,0,-2.67308038e-15,0,0,0,0,0,0,0,0,0
16.7000008,-0.0,0,0.86,-0.86,3,8.91026792e-16,0.197257025,0,0,130.667567,0,2.67308038e-15,0,0,0,0,0,0,0,0,0
16.7979565,-0.0195771232,0,0.86,-0.86,3,0.00233607669,0.197373704,0,0,130.76746,0,0.00700823007,0,0,0,0,0,0,0,0,0
16.8959084,-0.0391771048,0,0.86,-0.86,3,0.00467215357,0.197723742,0,0,130.867354,0,0.0140164607,0,0,0,0,0,0,0,0,0
16.9938507,-0.0588227995,0,0.86,-0.86,3,0.00700823083,0.198307138,0,0,130.967247,0,0.0210246925,0,0,0,0,0,0,0,0,0
17.0917797,-0.0785370544,0,0.86,-0.86,3,0.00934430867,0.199123892,0,0,131.06714,0,0.028032926,0,0,0,0,0,0,0,0,0
17.1896896,-0.0983427167,0,0.86,-0.86,3,0.0116803873,0.200174006,0,0,131.167034,0,0.0350411618,0,0,0,0,0,0,0,0,0
17.2875767,-0.118262596,0,0.86,-0.86,3,0.0140164668,0.201457477,0,0,131.266927,0,0.0420494005,0,0,0,0,0,0,0,0,0
17.3854351,-0.138319522,0,0.86,-0.86,3,0.0163525475,0.202974307,0,0,131.36682,0,0.0490576425,0,0,0,0,0,0,0,0,0
17.4832611,-0.15853627,0,0.86,-0.86,3,0.0186886295,0.204724496,0,0,131.466714,0,0.0560658886,0,0,0,0,0,0,0,0,0
17.581049,-0.178935602,0,0.86,-0.86,3,0.0210247131,0.206708043,0,0,131.566607,0,0.0630741393,0,0,0,0,0,0,0,0,0
17.6787949,-0.199540287,0,0.86,-0.86,3,0.0233607984,0.208924948,0,0,131.6665,0,0.0700823951,0,0,0,0,0,0,0,0,0
17.7764912,-0.22037299,0,0.86,-0.86,3,0.0256968856,0.211375212,0,0,131.766393,0,0.0770906567,0,0,0,0,0,0,0,0,0
17.8741341,-0.241456419,0,0.86,-0.86,3,0.0280329749,0.214058835,0,0,131.866287,0,0.0840989246,0,0,0,0,0,0,0,0,0
17.9717178,-0.262813181,0,0.86,-0.86,3,0.0303690664,0.216975816,0,0,131.96618,0,0.0911071993,0,0,0,0,0,0,0,0,0
18.0692368,-0.284465879,0,0.86,-0.86,3,0.0327051605,0.220126155,0,0,132.066073,0,0.0981154814,0,0,0,0,0,0,0,0,0
18.1666832,-0.306437075,0,0.86,-0.86,3,0.0350412572,0.223509853,0,0,132.165967,0,0.105123772,0,0,0,0,0,0,0,0,0
18.2640533,-0.32874921,0,0.86,-0.86,3,0.0373773568,0.227126909,0,0,132.26586,0,0.11213207,0,0,0,0,0,0,0,0,0
18.3613396,-0.351424754,0,0.86,-0.86,3,0.0397134594,0.230977324,0,0,132.365753,0,0.119140378,0,0,0,0,0,0,0,0,0
18.4585342,-0.374486059,0,0.86,-0.86,3,0.0420495653,0.235061097,0,0,132.465646,0,0.126148696,0,0,0,0,0,0,0,0,0
18.5556316,-0.397955418,0,0.86,-0.86,3,0.0443856746,0.239378229,0,0,132.56554,0,0.133157024,0,0,0,0,0,0,0,0,0
18.6526222,-0.421855032,0,0.86,-0.86,3,0.0467217876,0.243928719,0,0,132.665433,0,0.140165363,0,0,0,0,0,0,0,0,0
18.7495022,-0.446207076,0,0.86,-0.86,3,0.0490579043,0.248712568,0,0,132.765326,0,0.147173713,0,0,0,0,0,0,0,0,0
18.846262,-0.471033603,0,0.86,-0.86,3,0.0513940251,0.253729775,0,0,132.865219,0,0.154182075,0,0,0,0,0,0,0,0,0
18.9428921,-0.496356517,0,0.86,-0.86,3,0.0537301501,0.258980341,0,0,132.965113,0,0.16119045,0,0,0,0,0,0,0,0,0
19.0393848,-0.522197723,0,0.86,-0.86,3,0.0560662794,0.264464265,0,0,133.065006,0,0.168198838,0,0,0,0,0,0,0,0,0
19.1357307,-0.548578918,0,0.86,-0.86,3,0.0584024134,0.270181547,0,0,133.164899,0,0.17520724,0,0,0,0,0,0,0,0,0
19.2319221,-0.575521767,0,0.86,-0.86,3,0.0607385521,0.276132188,0,0,133.264792,0,0.182215656,0,0,0,0,0,0,0,0,0
19.3279476,-0.603047729,0,0.86,-0.86,3,0.0630746957,0.282316188,0,0,133.364685,0,0.189224087,0,0,0,0,0,0,0,0,0
19.4237995,-0.631178141,0,0.86,-0.86,3,0.0654108445,0.288733546,0,0,133.464579,0,0.196232534,0,0,0,0,0,0,0,0,0
19.5194626,-0.659934223,0,0.86,-0.86,3,0.0677469987,0.295384262,0,0,133.564472,0,0.203240996,0,0,0,0,0,0,0,0,0
19.6149311,-0.689337075,0,0.86,-0.86,3,0.0700831584,0.302268337,0,0,133.664365,0,0.210249475,0,0,0,0,0,0,0,0,0
19.7101917,-0.719407558,0,0.86,-0.86,3,0.0724193238,0.309385771,0,0,133.764258,0,0.217257971,0,0,0,0,0,0,0,0,0
19.8052311,-0.750166297,0,0.86,-0.86,3,0.0747554951,0.316736563,0,0,133.864151,0,0.224266485,0,0,0,0,0,0,0,0,0
19.9000378,-0.781633914,0,0.86,-0.86,3,0.0770916726,0.324320713,0,0,133.964044,0,0.231275018,0,0,0,0,0,0,0,0,0
19.9946003,-0.813830733,0,0.86,-0.86,3,0.0794278563,0.332138222,0,0,134.063937,0,0.238283569,0,0,0,0,0,0,0,0,0
20.0889034,-0.846776724,0,0.86,-0.86,3,0.0817640465,0.340189089,0,0,134.16383,0,0.24529214,0,0,0,0,0,0,0,0,0
20.1829357,-0.880491853,0,0.86,-0.86,3,0.0841002434,0.348473315,0,0,134.263723,0,0.25230073,0,0,0,0,0,0,0,0,0
20.27668,-0.91499573,0,0.86,-0.86,3,0.0864364472,0.356990899,0,0,134.363616,0,0.259309342,0,0,0,0,0,0,0,0,0
20.3701229,-0.950307727,0,0.86,-0.86,3,0.088772658,0.365741842,0,0,134.463509,0,0.266317974,0,0,0,0,0,0,0,0,0
20.4632492,-0.986446917,0,0.86,-0.86,3,0.0911088761,0.374726143,0,0,134.563402,0,0.273326628,0,0,0,0,0,0,0,0,0
20.5560436,-1.02343214,0,0.86,-0.86,3,0.0934451016,0.383943803,0,0,134.663295,0,0.280335305,0,0,0,0,0,0,0,0,0
20.648489,-1.06128192,0,0.86,-0.86,3,0.0957813347,0.393394821,0,0,134.763188,0,0.287344004,0,0,0,0,0,0,0,0,0
20.7405663,-1.10001445,0,0.86,-0.86,3,0.0981175757,0.403079197,0,0,134.863081,0,0.294352727,0,0,0,0,0,0,0,0,0
20.8322601,-1.13964748,0,0.86,-0.86,3,0.100453825,0.412996932,0,0,134.962974,0,0.301361474,0,0,0,0,0,0,0,0,0
20.9235535,-1.18019867,0,0.86,-0.86,3,0.102790082,0.423148026,0,0,135.062867,0,0.308370245,0,0,0,0,0,0,0,0,0
21.0144234,-1.22168505,0,0.86,-0.86,3,0.105126347,0.433532478,0,0,135.16276,0,0.315379042,0,0,0,0,0,0,0,0,0
21.1048527,-1.26412332,0,0.86,-0.86,3,0.107462622,0.444150288,0,0,135.262653,0,0.322387865,0,0,0,0,0,0,0,0,0
21.1948223,-1.30752993,0,0.86,-0.86,3,0.109798904,0.455001457,0,0,135.362546,0,0.329396713,0,0,0,0,0,0,0,0,0
21.2843094,-1.35192049,0,0.86,-0.86,3,0.112135196,0.466085985,0,0,135.462438,0,0.336405589,0,0,0,0,0,0,0,0,0
21.3732948,-1.39731073,0,0.86,-0.86,3,0.114471497,0.477403871,0,0,135.562331,0,0.343414492,0,0,0,0,0,0,0,0,0
21.4617538,-1.44371545,0,0.86,-0.86,3,0.116807808,0.488955115,0,0,135.662224,0,0.350423423,0,0,0,0,0,0,0,0,0
21.5496674,-1.49114919,0,0.86,-0.86,3,0.119144128,0.500739718,0,0,135.762117,0,0.357432383,0,0,0,0,0,0,0,0,0
21.6370087,-1.53962576,0,0.86,-0.86,3,0.121480457,0.512757679,0,0,135.862009,0,0.364441372,0,0,0,0,0,0,0,0,0
21.7237568,-1.58915854,0,0.86,-0.86,3,0.123816797,0.525008999,0,0,135.961902,0,0.371450391,0,0,0,0,0,0,0,0,0
21.8098831,-1.63976038,0,0.86,-0.86,3,0.126153147,0.537493677,0,0,136.061795,0,0.37845944,0,0,0,0,0,0,0,0,0
21.8953667,-1.69144356,0,0.86,-0.86,3,0.128489507,0.550211713,0,0,136.161687,0,0.38546852,0,0,0,0,0,0,0,0,0
21.9801807,-1.74421954,0,0.86,-0.86,3,0.130825877,0.563163109,0,0,136.26158,0,0.392477631,0,0,0,0,0,0,0,0,0
22.0642967,-1.79809928,0,0.86,-0.86,3,0.133162258,0.576347862,0,0,136.361473,0,0.399486775,0,0,0,0,0,0,0,0,0
22.1476879,-1.85309315,0,0.86,-0.86,3,0.13549865,0.589765974,0,0,136.461365,0,0.406495951,0,0,0,0,0,0,0,0,0
22.2303276,-1.90921056,0,0.86,-0.86,3,0.137835053,0.603417445,0,0,136.561258,0,0.41350516,0,0,0,0,0,0,0,0,0
22.3121872,-1.96646047,0,0.86,-0.86,3,0.140171468,0.617302274,0,0,136.66115,0,0.420514403,0,0,0,0,0,0,0,0,0
22.3932381,-2.02485085,0,0.86,-0.86,3,0.142507894,0.631420461,0,0,136.761043,0,0.427523681,0,0,0,0,0,0,0,0,0
22.4734478,-2.08438897,0,0.86,-0.86,3,0.144844331,0.645772007,0,0,136.860935,0,0.434532993,0,0,0,0,0,0,0,0,0
22.5527878,-2.14508128,0,0.86,-0.86,3,0.14718078,0.660356911,0,0,136.960828,0,0.441542341,0,0,0,0,0,0,0,0,0
22.6312275,-2.20693326,0,0.86,-0.86,3,0.149517241,0.675175174,0,0,137.06072,0,0.448551724,0,0,0,0,0,0,0,0,0
22.7087364,-2.26995015,0,0.86,-0.86,3,0.151853715,0.690226795,0,0,137.160613,0,0.455561145,0,0,0,0,0,0,0,0,0
22.7852783,-2.33413506,0,0.86,-0.86,3,0.154190201,0.705511775,0,0,137.260505,0,0.462570602,0,0,0,0,0,0,0,0,0
22.8608227,-2.39949131,0,0.86,-0.86,3,0.156526699,0.721030113,0,0,137.360397,0,0.469580097,0,0,0,0,0,0,0,0,0
22.9353371,-2.46602058,0,0.86,-0.86,3,0.15886321,0.736781809,0,0,137.46029,0,0.476589631,0,0,0,0,0,0,0,0,0
23.0087852,-2.53372383,0,0.86,-0.86,3,0.161199735,0.752766864,0,0,137.560182,0,0.483599204,0,0,0,0,0,0,0,0,0
23.0811348,-2.60260105,0,0.86,-0.86,3,0.163536272,0.768985278,0,0,137.660074,0,0.490608816,0,0,0,0,0,0,0,0,0
23.1523495,-2.67265058,0,0.86,-0.86,3,0.137336678,0.784014884,0,0,137.759966,0,0.412010034,0,0,0,0,0,0,0,0,0
23.2226257,-2.74370074,0,0.86,-0.86,3,0.109592327,0.796349931,0,0,137.859901,0,0.328776982,0,0,0,0,0,0,0,0,0
23.29212,-2.81551623,0,0.86,-0.86,3,0.109592327,0.807301698,0,0,137.959835,0,0.328776982,0,0,0,0,0,0,0,0,0
23.3608227,-2.8880887,0,0.86,-0.86,3,0.109592327,0.818253465,0,0,138.059769,0,0.328776982,0,0,0,0,0,0,0,0,0
23.4287281,-2.96140885,0,0.86,-0.86,3,0.109592327,0.829205232,0,0,138.159704,0,0.328776982,0,0,0,0,0,0,0,0,0
23.4958248,-3.03546858,0,0.86,-0.86,3,0.109592327,0.840156999,0,0,138.259638,0,0.328776982,0,0,0,0,0,0,0,0,0
23.5621071,-3.11025858,0,0.86,-0.86,3,0.109592327,0.851108767,0,0,138.359573,0,0.328776982,0,0,0,0,0,0,0,0,0
23.6275654,-3.18577003,0,0.86,-0.86,3,0.109592327,0.862060534,0,0,138.459507,0,0.328776982,0,0,0,0,0,0,0,0,0
23.692194,-3.26199365,0,0.86,-0.86,3,0.109592327,0.873012301,0,0,138.559441,0,0.328776982,0,0,0,0,0,0,0,0,0
23.7559834,-3.33892059,0,0.86,-0.86,3,0.109592327,0.883964068,0,0,138.659376,0,0.328776982,0,0,0,0,0,0,0,0,0
23.8189278,-3.41654158,0,0.86,-0.86,3,0.109592327,0.894915836,0,0,138.75931,0,0.328776982,0,0,0,0,0,0,0,0,0
23.8810177,-3.4948473,0,0.86,-0.86,3,0.109592327,0.905867603,0,0,138.859244,0,0.328776982,0,0,0,0,0,0,0,0,0
23.9422455,-3.57382822,0,0.86,-0.86,3,0.109592327,0.91681937,0,0,138.959179,0,0.328776982,0,0,0,0,0,0,0,0,0
24.0026054,-3.65347481,0,0.86,-0.86,3,0.109592327,0.927771137,0,0,139.059113,0,0.328776982,0,0,0,0,0,0,0,0,0
24.062088,-3.73377776,0,0.86,-0.86,3,0.109592327,0.938722904,0,0,139.159048,0,0.328776982,0,0,0,0,0,0,0,0,0
24.1206894,-3.81472731,0,0.86,-0.86,3,0.109592327,0.949674672,0,0,139.258982,0,0.328776982,0,0,0,0,0,0,0,0,0
24.1784,-3.89631391,0,0.86,-0.86,3,0.109592327,0.960626439,0,0,139.358916,0,0.328776982,0,0,0,0,0,0,0,0,0
24.2352142,-3.97852755,0,0.86,-0.86,3,0.109592327,0.971578206,0,0,139.458851,0,0.328776982,0,0,0,0,0,0,0,0,0
24.2911243,-4.06135845,0,0.86,-0.86,3,0.109592327,0.982529973,0,0,139.558785,0,0.328776982,0,0,0,0,0,0,0,0,0
24.3461227,-4.14479637,0,0.86,-0.86,3,0.109592327,0.993481741,0,0,139.658719,0,0.328776982,0,0,0,0,0,0,0,0,0
24.4002056,-4.22883224,0,0.86,-0.86,3,0.109592327,1.00443351,0,0,139.758654,0,0.328776982,0,0,0,0,0,0,0,0,0
24.4533653,-4.3134551,0,0.86,-0.86,3,0.109592327,1.01538527,0,0,139.858588,0,0.328776982,0,0,0,0,0,0,0,0,0
24.5055923,-4.39865494,0,0.86,-0.86,3,0.109592327,1.02633704,0,0,139.958523,0,0.328776982,0,0,0,0,0,0,0,0,0
24.5568867,-4.48442173,0,0.86,-0.86,3,0.109592327,1.03728881,0,0,140.058457,0,0.328776982,0,0,0,0,0,0,0,0,0
24.6072369,-4.57074499,0,0.86,-0.86,3,0.109592327,1.04824058,0,0,140.158391,0,0.328776982,0,0,0,0,0,0,0,0,0
24.6566391,-4.65761471,0,0.86,-0.86,3,0.109592327,1.05919234,0,0,140.258326,0,0.328776982,0,0,0,0,0,0,0,0,0
24.7050858,-4.74501991,0,0.86,-0.86,3,0.109592327,1.07014411,0,0,140.35826,0,0.328776982,0,0,0,0,0,0,0,0,0
24.752573,-4.83295059,0,0.86,-0.86,3,0.109592327,1.08109588,0,0,140.458194,0,0.328776982,0,0,0,0,0,0,0,0,0
24.7990952,-4.92139626,0,0.86,-0.86,3,0.109592327,1.09204765,0,0,140.558129,0,0.328776982,0,0,0,0,0,0,0,0,0
24.8446445,-5.01034594,0,0.86,-0.86,3,0.109592327,1.10299941,0,0,140.658063,0,0.328776982,0,0,0,0,0,0,0,0,0
24.8892193,-5.09978914,0,0.86,-0.86,3,0.109592327,1.11395118,0,0,140.757998,0,0.328776982,0,0,0,0,0,0,0,0,0
24.9328098,-5.18971539,0,0.86,-0.86,3,0.109592327,1.12490295,0,0,140.857932,0,0.328776982,0,0,0,0,0,0,0,0,0
24.9754143,-5.28011322,0,0.86,-0.86,3,0.109592327,1.13585471,0,0,140.957866,0,0.328776982,0,0,0,0,0,0,0,0,0
25.017025,-5.37097263,0,0.86,-0.86,3,0.109592327,1.14680648,0,0,141.057801,0,0.328776982,0,0,0,0,0,0,0,0,0
25.0576382,-5.4622817,0,0.86,-0.86,3,0.109592327,1.15775825,0,0,141.157735,0,0.328776982,0,0,0,0,0,0,0,0,0
25.09725,-5.55403042,0,0.86,-0.86,3,0.109592327,1.16871002,0,0,141.257669,0,0.328776982,0,0,0,0,0,0,0,0,0
25.1358528,-5.64620781,0,0.86,-0.86,3,0.109592327,1.17966178,0,0,141.357604,0,0.328776982,0,0,0,0,0,0,0,0,0
25.1734467,-5.73880196,0,0.86,-0.86,3,0.109592327,1.19061355,0,0,141.457538,0,0.328776982,0,0,0,0,0,0,0,0,0
25.210022,-5.83180237,0,0.86,-0.86,3,0.109592327,1.20156532,0,0,141.557473,0,0.328776982,0,0,0,0,0,0,0,0,0
25.2455769,-5.9251976,0,0.86,-0.86,3,0.109592327,1.21251708,0,0,141.657407,0,0.328776982,0,0,0,0,0,0,0,0,0
25.2801075,-6.01897717,0,0.86,-0.86,3,0.109592327,1.22346885,0,0,141.757341,0,0.328776982,0,0,0,0,0,0,0,0,0
25.3136082,-6.11312866,0,0.86,-0.86,3,0.109592327,1.23442062,0,0,141.857276,0,0.328776982,0,0,0,0,0,0,0,0,0
25.346077,-6.2076416,0,0.86,-0.86,3,0.109592327,1.24537239,0,0,141.95721,0,0.328776982,0,0,0,0,0,0,0,0,0
25.3775082,-6.30250454,0,0.86,-0.86,3,0.109592327,1.25632415,0,0,142.057144,0,0.328776982,0,0,0,0,0,0,0,0,0
25.4078979,-6.39770603,0,0.86,-0.86,3,0.109592327,1.26727592,0,0,142.157079,0,0.328776982,0,0,0,0,0,0,0,0,0
25.4372444,-6.49323463,0,0.86,-0.86,3,0.109592327,1.27822769,0,0,142.257013,0,0.328776982,0,0,0,0,0,0,0,0,0
25.4655418,-6.58907843,0,0.86,-0.86,3,0.109592327,1.28917946,0,0,142.356948,0,0.328776982,0,0,0,0,0,0,0,0,0
25.4927883,-6.68522692,0,0.86,-0.86,3,0.109592327,1.30013122,0,0,142.456882,0,0.328776982,0,0,0,0,0,0,0,0,0
25.51898,-6.78166771,0,0.86,-0.86,3,0.109592327,1.31108299,0,0,142.556816,0,0.328776982,0,0,0,0,0,0,0,0,0
25.5441151,-6.87838984,0,0.86,-0.86,3,0.109592327,1.32203476,0,0,142.656751,0,0.328776982,0,0,0,0,0,0,0,0,0
25.5681877,-6.97538137,0,0.86,-0.86,3,0.109592327,1.33298652,0,0,142.756685,0,0.328776982,0,0,0,0,0,0,0,0,0
25.591198,-7.07263088,0,0.86,-0.86,3,0.109592327,1.34393829,0,0,142.856619,0,0.328776982,0,0,0,0,0,0,0,0,0
25.613142,-7.17012644,0,0.86,-0.86,3,0.109592327,1.35489006,0,0,142.956554,0,0.328776982,0,0,0,0,0,0,0,0,0
25.634016,-7.26785612,0,0.86,-0.86,3,0.109592327,1.36584183,0,0,143.056488,0,0.328776982,0,0,0,0,0,0,0,0,0
25.6538181,-7.36580896,0,0.86,-0.86,3,0.109592327,1.37679359,0,0,143.156423,0,0.328776982,0,0,0,0,0,0,0,0,0
25.6725483,-7.46397257,0,0.86,-0.86,3,0.109592327,1.38774536,0,0,143.256357,0,0.328776982,0,0,0,0,0,0,0,0,0
25.6902008,-7.56233549,0,0.86,-0.86,3,0.109592327,1.39869713,0,0,143.356291,0,0.328776982,0,0,0,0,0,0,0,0,0
25.7067757,-7.66088581,0,0.86,-0.86,3,0.109592327,1.40964889,0,0,143.456226,0,0.328776982,0,0,0,0,0,0,0,0,0
25.7222691,-7.75961161,0,0.86,-0.86,3,0.109592327,1.42060066,0,0,143.55616,0,0.328776982,0,0,0,0,0,0,0,0,0
25.736681,-7.85850143,0,0.86,-0.86,3,0.109592327,1.43155243,0,0,143.656094,0,0.328776982,0,0,0,0,0,0,0,0,0
25.7500095,-7.9575429,0,0.86,-0.86,3,0.109592327,1.4425042,0,0,143.756029,0,0.328776982,0,0,0,0,0,0,0,0,0
25.7622528,-8.05672455,0,0.86,-0.86,3,0.109592327,1.45345596,0,0,143.855963,0,0.328776982,0,0,0,0,0,0,0,0,0
25.773407,-8.15603447,0,0.86,-0.86,3,0.109592327,1.46440773,0,0,143.955898,0,0.328776982,0,0,0,0,0,0,0,0,0
25.7834759,-8.25546074,0,0.86,-0.86,3,0.109592327,1.4753595,0,0,144.055832,0,0.328776982,0,0,0,0,0,0,0,0,0
25.7924538,-8.35499096,0,0.86,-0.86,3,0.109592327,1.48631127,0,0,144.155766,0,0.328776982,0,0,0,0,0,0,0,0,0
25.8003407,-8.45461369,0,0.86,-0.86,3,0.109592327,1.49726303,0,0,144.255701,0,0.328776982,0,0,0,0,0,0,0,0,0
25.8071365,-8.55431652,0,0.86,-0.86,3,0.109592327,1.5082148,0,0,144.355635,0,0.328776982,0,0,0,0,0,0,0,0,0
25.8128414,-8.65408802,0,0.86,-0.86,3,0.109592327,1.51916657,0,0,144.455569,0,0.328776982,0,0,0,0,0,0,0,0,0
25.8174515,-8.75391579,0,0.86,-0.86,3,0.109592327,1.53011833,0,0,144.555504,0,0.328776982,0,0,0,0,0,0,0,0,0
25.8209686,-8.85378838,0,0.86,-0.86,3,0.109592327,1.5410701,0,0,144.655438,0,0.328776982,0,0,0,0,0,0,0,0,0
25.823391,-8.95369339,0,0.86,-0.86,3,0.109592327,1.55202187,0,0,144.755373,0,0.328776982,0,0,0,0,0,0,0,0,0
25.8247204,-9.05361843,0,0.86,-0.86,3,0.109592327,1.56297364,0,0,144.855307,0,0.328776982,0,0,0,0,0,0,0,0,0
25.824955,-9.15355301,0,0.86,-0.86,3,0.109592327,-4.7092599,0,0,144.955241,0,0.328776982,0,0,0,0,0,0,0,0,0
25.8240948,-9.25348377,0,0.86,-0.86,3,0.109592327,-4.69830814,0,0,145.055176,0,0.328776982,0,0,0,0,0,0,0,0,0
25.8221416,-9.35339832,0,0.86,-0.86,3,0.109592327,-4.68735637,0,0,145.15511,0,0.328776982,0,0,0,0,0,0,0,0,0
25.8190937,-9.45328617,0,0.86,-0.86,3,0.109592327,-4.6764046,0,0,145.255045,0,0.328776982,0,0,0,0,0,0,0,0,0
25.8149509,-9.55313492,0,0.86,-0.86,3,0.109592327,-4.66545284,0,0,145.354979,0,0.328776982,0,0,0,0,0,0,0,0,0
25.8097153,-9.65293217,0,0.86,-0.86,3,0.109592327,-4.65450107,0,0,145.454913,0,0.328776982,0,0,0,0,0,0,0,0,0
25.8033867,-9.75266647,0,0.86,-0.86,3,0.109592327,-4.6435493,0,0,145.554848,0,0.328776982,0,0,0,0,0,0,0,0,0
25.7959671,-9.85232449,0,0.86,-0.86,3,0.109592327,-4.63259753,0,0,145.654782,0,0.328776982,0,0,0,0,0,0,0,0,0
25.7874565,-9.95189571,0,0.86,-0.86,3,0.109592327,-4.62164577,0,0,145.754716,0,0.328776982,0,0,0,0,0,0,0,0,0
25.7778549,-10.0513678,0,0.86,-0.86,3,0.109592327,-4.610694,0,0,145.854651,0,0.328776982,0,0,0,0,0,0,0,0,0
25.7671661,-10.1507292,0,0.86,-0.86,3,0.109592327,-4.59974223,0,0,145.954585,0,0.328776982,0,0,0,0,0,0,0,0,0
25.7553902,-10.2499666,0,0.86,-0.86,3,0.109592327,-4.58879046,0,0,146.05452,0,0.328776982,0,0,0,0,0,0,0,0,0
25.7425251,-10.3490705,0,0.86,-0.86,3,0.109592327,-4.5778387,0,0,146.154454,0,0.328776982,0,0,0,0,0,0,0,0,0
25.7285786,-10.4480267,0,0.86,-0.86,3,0.109592327,-4.56688693,0,0,146.254388,0,0.328776982,0,0,0,0,0,0,0,0,0
25.7135468,-10.5468235,0,0.86,-0.86,3,0.109592327,-4.55593516,0,0,146.354323,0,0.328776982,0,0,0,0,0,0,0,0,0
25.6974354,-10.6454506,0,0.86,-0.86,3,0.109592327,-4.5449834,0,0,146.454257,0,0.328776982,0,0,0,0,0,0,0,0,0
25.6802444,-10.7438955,0,0.86,-0.86,3,0.109592327,-4.53403163,0,0,146.554191,0,0.328776982,0,0,0,0,0,0,0,0,0
25.6619778,-10.8421459,0,0.86,-0.86,3,0.109592327,-4.52307986,0,0,146.654126,0,0.328776982,0,0,0,0,0,0,0,0,0
25.6426334,-10.9401903,0,0.86,-0.86,3,0.109592327,-4.51212809,0,0,146.75406,0,0.328776982,0,0,0,0,0,0,0,0,0
25.6222191,-11.0380173,0,0.86,-0.86,3,0.109592327,-4.50117633,0,0,146.853995,0,0.328776982,0,0,0,0,0,0,0,0,0
25.6007328,-11.1356153,0,0.86,-0.86,3,0.109592327,-4.49022456,0,0,146.953929,0,0.328776982,0,0,0,0,0,0,0,0,0
25.5781803,-11.2329712,0,0.86,-0.86,3,0.109592327,-4.47927279,0,0,147.053863,0,0.328776982,0,0,0,0,0,0,0,0,0
25.5545616,-11.3300743,0,0.86,-0.86,3,0.109592327,-4.46832103,0,0,147.153798,0,0.328776982,0,0,0,0,0,0,0,0,0
25.5298824,-11.4269133,0,0.86,-0.86,3,0.109592327,-4.45736926,0,0,147.253732,0,0.328776982,0,0,0,0,0,0,0,0,0
25.5041428,-11.5234766,0,0.86,-0.86,3,0.109592327,-4.44641749,0,0,147.353666,0,0.328776982,0,0,0,0,0,0,0,0,0
25.4773483,-11.6197519,0,0.86,-0.86,3,0.109592327,-4.43546572,0,0,147.453601,0,0.328776982,0,0,0,0,0,0,0,0,0
25.449501,-11.7157278,0,0.86,-0.86,3,0.109592327,-4.42451396,0,0,147.553535,0,0.328776982,0,0,0,0,0,0,0,0,0
25.4206028,-11.8113928,0,0.86,-0.86,3,0.109592327,-4.41356219,0,0,147.65347,0,0.328776982,0,0,0,0,0,0,0,0,0
25.3906593,-11.9067354,0,0.86,-0.86,3,0.109592327,-4.40261042,0,0,147.753404,0,0.328776982,0,0,0,0,0,0,0,0,0
25.3596745,-12.0017452,0,0.86,-0.86,3,0.109592327,-4.39165865,0,0,147.853338,0,0.328776982,0,0,0,0,0,0,0,0,0
25.3276501,-12.0964098,0,0.86,-0.86,3,0.109592327,-4.38070689,0,0,147.953273,0,0.328776982,0,0,0,0,0,0,0,0,0
25.2945919,-12.1907177,0,0.86,-0.86,3,0.109592327,-4.36975512,0,0,148.053207,0,0.328776982,0,0,0,0,0,0,0,0,0
25.2605019,-12.2846575,0,0.86,-0.86,3,0.109592327,-4.35880335,0,0,148.153141,0,0.328776982,0,0,0,0,0,0,0,0,0
25.2253857,-12.3782187,0,0.86,-0.86,3,0.109592327,-4.34785159,0,0,148.253076,0,0.328776982,0,0,0,0,0,0,0,0,0
25.1892452,-12.4713898,0,0.86,-0.86,3,0.109592327,-4.33689982,0,0,148.35301,0,0.328776982,0,0,0,0,0,0,0,0,0
25.1520882,-12.5641594,0,0.86,-0.86,3,0.109592327,-4.32594805,0,0,148.452945,0,0.328776982,0,0,0,0,0,0,0,0,0
25.1139183,-12.656517,0,0.86,-0.86,3,0.109592327,-4.31499628,0,0,148.552879,0,0.328776982,0,0,0,0,0,0,0,0,0
25.0747375,-12.7484503,0,0.86,-0.86,3,0.109592327,-4.30404452,0,0,148.652813,0,0.328776982,0,0,0,0,0,0,0,0,0
25.0345535,-12.8399496,0,0.86,-0.86,3,0.109592327,-4.29309275,0,0,148.752748,0,0.328776982,0,0,0,0,0,0,0,0,0
24.9933681,-12.9310026,0,0.86,-0.86,3,0.109592327,-4.28214098,0,0,148.852682,0,0.328776982,0,0,0,0,0,0,0,0,0
24.951189,-13.0215998,0,0.86,-0.86,3,0.109592327,-4.27118922,0,0,148.952616,0,0.328776982,0,0,0,0,0,0,0,0,0
24.9080219,-13.1117296,0,0.86,-0.86,3,0.109592327,-4.26023745,0,0,149.052551,0,0.328776982,0,0,0,0,0,0,0,0,0
24.8638687,-13.2013807,0,0.86,-0.86,3,0.109592327,-4.24928568,0,0,149.152485,0,0.328776982,0,0,0,0,0,0,0,0,0
24.8187351,-13.2905436,0,0.86,-0.86,3,0.109592327,-4.23833391,0,0,149.25242,0,0.328776982,0,0,0,0,0,0,0,0,0
24.7726307,-13.3792067,0,0.86,-0.86,3,0.109592327,-4.22738215,0,0,149.352354,0,0.328776982,0,0,0,0,0,0,0,0,0
24.7255554,-13.4673595,0,0.86,-0.86,3,0.109592327,-4.21643038,0,0,149.452288,0,0.328776982,0,0,0,0,0,0,0,0,0
24.6775188,-13.5549908,0,0.86,-0.86,3,0.109592327,-4.20547861,0,0,149.552223,0,0.328776982,0,0,0,0,0,0,0,0,0
24.6285248,-13.6420918,0,0.86,-0.86,3,0.109592327,-4.19452684,0,0,149.652157,0,0.328776982,0,0,0,0,0,0,0,0,0
24.5785809,-13.7286501,0,0.86,-0.86,3,0.109592327,-4.18357508,0,0,149.752091,0,0.328776982,0,0,0,0,0,0,0,0,0
24.5276909,-13.8146572,0,0.86,-0.86,3,0.109592327,-4.17262331,0,0,149.852026,0,0.328776982,0,0,0,0,0,0,0,0,0
24.4758625,-13.9001007,0,0.86,-0.86,3,0.109592327,-4.16167154,0,0,149.95196,0,0.328776982,0,0,0,0,0,0,0,0,0
24.4231014,-13.984972,0,0.86,-0.86,3,0.109592327,-4.15071978,0,0,150.051895,0,0.328776982,0,0,0,0,0,0,0,0,0
24.3694134,-14.0692606,0,0.86,-0.86,3,0.109592327,-4.13976801,0,0,150.151829,0,0.328776982,0,0,0,0,0,0,0,0,0
24.314806,-14.152956,0,0.86,-0.86,3,0.109592327,-4.12881624,0,0,150.251763,0,0.328776982,0,0,0,0,0,0,0,0,0
24.2592869,-14.2360487,0,0.86,-0.86,3,0.109592327,-4.11786447,0,0,150.351698,0,0.328776982,0,0,0,0,0,0,0,0,0
24.2028599,-14.3185282,0,0.86,-0.86,3,0.109592327,-4.10691271,0,0,150.451632,0,0.328776982,0,0,0,0,0,0,0,0,0
24.1455326,-14.4003839,0,0.86,-0.86,3,0.109592327,-4.09596094,0,0,150.551566,0,0.328776982,0,0,0,0,0,0,0,0,0
24.0873108,-14.4816084,0,0.86,-0.86,3,0.109592327,-4.08500917,0,0,150.651501,0,0.328776982,0,0,0,0,0,0,0,0,0
24.0282059,-14.5621891,0,0.86,-0.86,3,0.109592327,-4.07405741,0,0,150.751435,0,0.328776982,0,0,0,0,0,0,0,0,0
23.9682198,-14.6421185,0,0.86,-0.86,3,0.109592327,-4.06310564,0,0,150.85137,0,0.328776982,0,0,0,0,0,0,0,0,0
23.9073639,-14.721386,0,0.86,-0.86,3,0.109592327,-4.05215387,0,0,150.951304,0,0.328776982,0,0,0,0,0,0,0,0,0
23.8456421,-14.7999821,0,0.86,-0.86,3,0.109592327,-4.0412021,0,0,151.051238,0,0.328776982,0,0,0,0,0,0,0,0,0
23.7830639,-14.8778973,0,0.86,-0.86,3,0.109592327,-4.03025034,0,0,151.151173,0,0.328776982,0,0,0,0,0,0,0,0,0
23.719635,-14.9551229,0,0.86,-0.86,3,0.109592327,-4.01929857,0,0,151.251107,0,0.328776982,0,0,0,0,0,0,0,0,0
23.6553669,-15.0316496,0,0.86,-0.86,3,0.109592327,-4.0083468,0,0,151.351041,0,0.328776982,0,0,0,0,0,0,0,0,0
23.5902615,-15.1074677,0,0.86,-0.86,3,0.109592327,-3.99739503,0,0,151.450976,0,0.328776982,0,0,0,0,0,0,0,0,0
23.524332,-15.1825676,0,0.86,-0.86,3,0.109592327,-3.98644327,0,0,151.55091,0,0.328776982,0,0,0,0,0,0,0,0,0
23.4575825,-15.2569408,0,0.86,-0.86,3,0.109592327,-3.9754915,0,0,151.650845,0,0.328776982,0,0,0,0,0,0,0,0,0
23.3900223,-15.3305798,0,0.86,-0.86,3,0.109592327,-3.96453973,0,0,151.750779,0,0.328776982,0,0,0,0,0,0,0,0,0
23.321661,-15.4034739,0,0.86,-0.86,3,0.109592327,-3.95358797,0,0,151.850713,0,0.328776982,0,0,0,0,0,0,0,0,0
23.2525043,-15.4756145,0,0.86,-0.86,3,0.109592327,-3.9426362,0,0,151.950648,0,0.328776982,0,0,0,0,0,0,0,0,0
23.1825638,-15.5469933,0,0.86,-0.86,3,0.109592327,-3.93168443,0,0,152.050582,0,0.328776982,0,0,0,0,0,0,0,0,0
23.1118431,-15.6176023,0,0.86,-0.86,3,0.109592327,-3.92073266,0,0,152.150516,0,0.328776982,0,0,0,0,0,0,0,0,0
23.0403557,-15.6874332,0,0.86,-0.86,3,0.109592327,-3.9097809,0,0,152.250451,0,0.328776982,0,0,0,0,0,0,0,0,0
22.9681053,-15.7564764,0,0.86,-0.86,3,0.109592327,-3.89882913,0,0,152.350385,0,0.328776982,0,0,0,0,0,0,0,0,0
22.8951054,-15.8247242,0,0.86,-0.86,3,0.109592327,-3.88787736,0,0,152.45032,0,0.328776982,0,0,0,0,0,0,0,0,0
22.8213615,-15.892168,0,0.86,-0.86,3,0.109592327,-3.8769256,0,0,152.550254,0,0.328776982,0,0,0,0,0,0,0,0,0
22.7468834,-15.9588003,0,0.86,-0.86,3,0.109592327,-3.86597383,0,0,152.650188,0,0.328776982,0,0,0,0,0,0,0,0,0
22.6716805,-16.0246143,0,0.86,-0.86,3,0.109592327,-3.85502206,0,0,152.750123,0,0.328776982,0,0,0,0,0,0,0,0,0
22.5957603,-16.0895996,0,0.86,-0.86,3,0.109592327,-3.84407029,0,0,152.850057,0,0.328776982,0,0,0,0,0,0,0,0,0
22.5191326,-16.1537495,0,0.86,-0.86,3,0.109592327,-3.83311853,0,0,152.949991,0,0.328776982,0,0,0,0,0,0,0,0,0
22.4418087,-16.2170563,0,0.86,-0.86,3,0.109592327,-3.82216676,0,0,153.049926,0,0.328776982,0,0,0,0,0,0,0,0,0
22.3637962,-16.2795124,0,0.86,-0.86,3,0.109592327,-3.81121499,0,0,153.14986,0,0.328776982,0,0,0,0,0,0,0,0,0
22.2851028,-16.3411102,0,0.86,-0.86,3,0.109592327,-3.80026322,0,0,153.249795,0,0.328776982,0,0,0,0,0,0,0,0,0
22.20574,-16.401844,0,0.86,-0.86,3,0.109592327,-3.78931146,0,0,153.349729,0,0.328776982,0,0,0,0,0,0,0,0,0
22.1257172,-16.4617023,0,0.86,-0.86,3,0.109592327,-3.77835969,0,0,153.449663,0,0.328776982,0,0,0,0,0,0,0,0,0
22.0450439,-16.5206833,0,0.86,-0.86,3,0.109592327,-3.76740792,0,0,153.549598,0,0.328776982,0,0,0,0,0,0,0,0,0
21.9637299,-16.5787754,0,0.86,-0.86,3,0.109592327,-3.75645616,0,0,153.649532,0,0.328776982,0,0,0,0,0,0,0,0,0
21.8817825,-16.6359749,0,0.86,-0.86,3,0.109592327,-3.74550439,0,0,153.749466,0,0.328776982,0,0,0,0,0,0,0,0,0
21.7992153,-16.6922741,0,0.86,-0.86,3,0.109592327,-3.73455262,0,0,153.849401,0,0.328776982,0,0,0,0,0,0,0,0,0
21.7160358,-16.7476635,0,0.86,-0.86,3,0.109592327,-3.72360085,0,0,153.949335,0,0.328776982,0,0,0,0,0,0,0,0,0
21.6322556,-16.8021393,0,0.86,-0.86,3,0.109592327,-3.71264909,0,0,154.04927,0,0.328776982,0,0,0,0,0,0,0,0,0
21.547884,-16.8556957,0,0.86,-0.86,3,0.109592327,-3.70169732,0,0,154.149204,0,0.328776982,0,0,0,0,0,0,0,0,0
21.4629288,-16.9083233,0,0.86,-0.86,3,0.109592327,-3.69074555,0,0,154.249138,0,0.328776982,0,0,0,0,0,0,0,0,0
21.3774052,-16.9600182,0,0.86,-0.86,3,0.109592327,-3.67979379,0,0,154.349073,0,0.328776982,0,0,0,0,0,0,0,0,0
21.2913189,-17.0107727,0,0.86,-0.86,3,0.109592327,-3.66884202,0,0,154.449007,0,0.328776982,0,0,0,0,0,0,0,0,0
21.2046814,-17.0605831,0,0.86,-0.86,3,0.109592327,-3.65789025,0,0,154.548942,0,0.328776982,0,0,0,0,0,0,0,0,0
21.1175041,-17.1094398,0,0.86,-0.86,3,0.109592327,-3.64693848,0,0,154.648876,0,0.328776982,0,0,0,0,0,0,0,0,0
21.0297966,-17.1573391,0,0.86,-0.86,3,0.109592327,-3.63598672,0,0,154.74881,0,0.328776982,0,0,0,0,0,0,0,0,0
20.9415722,-17.2042751,0,0.86,-0.86,3,0.109592327,-3.62503495,0,0,154.848745,0,0.328776982,0,0,0,0,0,0,0,0,0
20.8528366,-17.2502422,0,0.86,-0.86,3,0.109592327,-3.61408318,0,0,154.948679,0,0.328776982,0,0,0,0,0,0,0,0,0
20.7636032,-17.2952366,0,0.86,-0.86,3,0.109592327,-3.60313141,0,0,155.048613,0,0.328776982,0,0,0,0,0,0,0,0,0
20.6738834,-17.3392487,0,0.86,-0.86,3,0.109592327,-3.59217965,0,0,155.148548,0,0.328776982,0,0,0,0,0,0,0,0,0
20.5836849,-17.3822765,0,0.86,-0.86,3,0.109592327,-3.58122788,0,0,155.248482,0,0.328776982,0,0,0,0,0,0,0,0,0
20.4930229,-17.4243126,0,0.86,-0.86,3,0.109592327,-3.57027611,0,0,155.348417,0,0.328776982,0,0,0,0,0,0,0,0,0
20.4019051,-17.4653549,0,0.86,-0.86,3,0.109592327,-3.55932435,0,0,155.448351,0,0.328776982,0,0,0,0,0,0,0,0,0
20.3103428,-17.5053959,0,0.86,-0.86,3,0.109592327,-3.54837258,0,0,155.548285,0,0.328776982,0,0,0,0,0,0,0,0,0
20.2183495,-17.5444336,0,0.86,-0.86,3,0.109592327,-3.53742081,0,0,155.64822,0,0.328776982,0,0,0,0,0,0,0,0,0
20.1259308,-17.5824585,0,0.86,-0.86,3,0.109592327,-3.52646904,0,0,155.748154,0,0.328776982,0,0,0,0,0,0,0,0,0
20.0331039,-17.6194706,0,0.86,-0.86,3,0.109592327,-3.51551728,0,0,155.848088,0,0.328776982,0,0,0,0,0,0,0,0,0
19.9398766,-17.6554642,0,0.86,-0.86,3,0.109592327,-3.50456551,0,0,155.948023,0,0.328776982,0,0,0,0,0,0,0,0,0
19.8462601,-17.6904354,0,0.86,-0.86,3,0.109592327,-3.49361374,0,0,156.047957,0,0.328776982,0,0,0,0,0,0,0,0,0
19.7522678,-17.7243767,0,0.86,-0.86,3,0.109592327,-3.48266198,0,0,156.147892,0,0.328776982,0,0,0,0,0,0,0,0,0
19.6579075,-17.757288,0,0.86,-0.86,3,0.109592327,-3.47171021,0,0,156.247826,0,0.328776982,0,0,0,0,0,0,0,0,0
19.5631924,-17.7891655,0,0.86,-0.86,3,0.109592327,-3.46075844,0,0,156.34776,0,0.328776982,0,0,0,0,0,0,0,0,0
19.4681358,-17.8200016,0,0.86,-0.86,3,0.109592327,-3.44980667,0,0,156.447695,0,0.328776982,0,0,0,0,0,0,0,0,0
19.3727455,-17.8497963,0,0.86,-0.86,3,0.109592327,-3.43885491,0,0,156.547629,0,0.328776982,0,0,0,0,0,0,0,0,0
19.2770348,-17.8785439,0,0.86,-0.86,3,0.109592327,-3.42790314,0,0,156.647563,0,0.328776982,0,0,0,0,0,0,0,0,0
19.181015,-17.9062405,0,0.86,-0.86,3,0.109592327,-3.41695137,0,0,156.747498,0,0.328776982,0,0,0,0,0,0,0,0,0
19.0846996,-17.9328842,0,0.86,-0.86,3,0.109592327,-3.40599961,0,0,156.847432,0,0.328776982,0,0,0,0,0,0,0,0,0
18.9880962,-17.9584732,0,0.86,-0.86,3,0.109592327,-3.39504784,0,0,156.947367,0,0.328776982,0,0,0,0,0,0,0,0,0
18.8912182,-17.9830017,0,0.86,-0.86,3,0.109592327,-3.38409607,0,0,157.047301,0,0.328776982,0,0,0,0,0,0,0,0,0
18.7940788,-18.0064678,0,0.86,-0.86,3,0.109592327,-3.3731443,0,0,157.147235,0,0.328776982,0,0,0,0,0,0,0,0,0
18.6966877,-18.0288677,0,0.86,-0.86,3,0.109592327,-3.36219254,0,0,157.24717,0,0.328776982,0,0,0,0,0,0,0,0,0
18.5990562,-18.0502014,0,0.86,-0.86,3,0.109592327,-3.35124077,0,0,157.347104,0,0.328776982,0,0,0,0,0,0,0,0,0
18.5011978,-18.0704632,0,0.86,-0.86,3,0.109592327,-3.340289,0,0,157.447038,0,0.328776982,0,0,0,0,0,0,0,0,0
18.4031219,-18.089653,0,0.86,-0.86,3,0.109592327,-3.32933723,0,0,157.546973,0,0.328776982,0,0,0,0,0,0,0,0,0
18.3048439,-18.1077671,0,0.86,-0.86,3,0.109592327,-3.31838547,0,0,157.646907,0,0.328776982,0,0,0,0,0,0,0,0,0
18.2063732,-18.1248035,0,0.86,-0.86,3,0.109592327,-3.3074337,0,0,157.746842,0,0.328776982,0,0,0,0,0,0,0,0,0
18.1077194,-18.1407604,0,0.86,-0.86,3,0.109592327,-3.29648193,0,0,157.846776,0,0.328776982,0,0,0,0,0,0,0,0,0
18.0088997,-18.1556377,0,0.86,-0.86,3,0.109592327,-3.28553017,0,0,157.94671,0,0.328776982,0,0,0,0,0,0,0,0,0
17.9099216,-18.1694298,0,0.86,-0.86,3,0.109592327,-3.2745784,0,0,158.046645,0,0.328776982,0,0,0,0,0,0,0,0,0
17.8107986,-18.1821384,0,0.86,-0.86,3,0.109592327,-3.26362663,0,0,158.146579,0,0.328776982,0,0,0,0,0,0,0,0,0
17.7115421,-18.1937599,0,0.86,-0.86,3,0.109592327,-3.25267486,0,0,158.246513,0,0.328776982,0,0,0,0,0,0,0,0,0
17.6121635,-18.2042942,0,0.86,-0.86,3,0.109592327,-3.2417231,0,0,158.346448,0,0.328776982,0,0,0,0,0,0,0,0,0
17.5126781,-18.2137394,0,0.86,-0.86,3,0.109592327,-3.23077133,0,0,158.446382,0,0.328776982,0,0,0,0,0,0,0,0,0
17.4130936,-18.2220936,0,0.86,-0.86,3,0.109592327,-3.21981956,0,0,158.546317,0,0.328776982,0,0,0,0,0,0,0,0,0
17.3134232,-18.2293587,0,0.86,-0.86,3,0.109592327,-3.2088678,0,0,158.646251,0,0.328776982,0,0,0,0,0,0,0,0,0
17.2136784,-18.2355309,0,0.86,-0.86,3,0.109592327,-3.19791603,0,0,158.746185,0,0.328776982,0,0,0,0,0,0,0,0,0
17.1138744,-18.2406101,0,0.86,-0.86,3,0.109592327,-3.18696426,0,0,158.84612,0,0.328776982,0,0,0,0,0,0,0,0,0
17.014019,-18.2445946,0,0.86,-0.86,3,0.109592327,-3.17601249,0,0,158.946054,0,0.328776982,0,0,0,0,0,0,0,0,0
16.9141273,-18.247488,0,0.86,-0.86,3,0.109592327,-3.16506073,0,0,159.045988,0,0.328776982,0,0,0,0,0,0,0,0,0
16.814209,-18.2492847,0,0.86,-0.86,3,0.109592327,-3.15410896,0,0,159.145923,0,0.328776982,0,0,0,0,0,0,0,0,0
16.7142773,-18.2499886,0,0.86,-0.86,3,0.109592327,-3.14315719,0,0,159.245857,0,0.328776982,0,0,0,0,0,0,0,0,0
16.6143436,-18.2495975,0,0.86,-0.86,3,0.109592327,-3.13220542,0,0,159.345792,0,0.328776982,0,0,0,0,0,0,0,0,0
16.5144196,-18.2481117,0,0.86,-0.86,3,0.109592327,-3.12125366,0,0,159.445726,0,0.328776982,0,0,0,0,0,0,0,0,0
16.4145184,-18.245533,0,0.86,-0.86,3,0.109592327,-3.11030189,0,0,159.54566,0,0.328776982,0,0,0,0,0,0,0,0,0
16.3146515,-18.2418594,0,0.86,-0.86,3,0.109592327,-3.09935012,0,0,159.645595,0,0.328776982,0,0,0,0,0,0,0,0,0
16.2148304,-18.237093,0,0.86,-0.86,3,0.109592327,-3.08839836,0,0,159.745529,0,0.328776982,0,0,0,0,0,0,0,0,0
16.1150684,-18.2312336,0,0.86,-0.86,3,0.109592327,-3.07744659,0,0,159.845463,0,0.328776982,0,0,0,0,0,0,0,0,0
16.015377,-18.2242813,0,0.86,-0.86,3,0.109592327,-3.06649482,0,0,159.945398,0,0.328776982,0,0,0,0,0,0,0,0,0
15.9157658,-18.216238,0,0.86,-0.86,3,0.109592327,-3.05554305,0,0,160.045332,0,0.328776982,0,0,0,0,0,0,0,0,0
15.8162498,-18.2071037,0,0.86,-0.86,3,0.109592327,-3.04459129,0,0,160.145267,0,0.328776982,0,0,0,0,0,0,0,0,0
15.7168398,-18.1968803,0,0.86,-0.86,3,0.109592327,-3.03363952,0,0,160.245201,0,0.328776982,0,0,0,0,0,0,0,0,0
15.617548,-18.1855698,0,0.86,-0.86,3,0.109592327,-3.02268775,0,0,160.345135,0,0.328776982,0,0,0,0,0,0,0,0,0
15.5183849,-18.173172,0,0.86,-0.86,3,0.109592327,-3.01173599,0,0,160.44507,0,0.328776982,0,0,0,0,0,0,0,0,0
15.4193649,-18.1596889,0,0.86,-0.86,3,0.109592327,-3.00078422,0,0,160.545004,0,0.328776982,0,0,0,0,0,0,0,0,0
15.3204975,-18.1451225,0,0.86,-0.86,3,0.109592327,-2.98983245,0,0,160.644938,0,0.328776982,0,0,0,0,0,0,0,0,0
15.221796,-18.1294727,0,0.86,-0.86,3,0.109592327,-2.97888068,0,0,160.744873,0,0.328776982,0,0,0,0,0,0,0,0,0
15.1232719,-18.1127453,0,0.86,-0.86,3,0.109592327,-2.96792892,0,0,160.844807,0,0.328776982,0,0,0,0,0,0,0,0,0
15.0249367,-18.0949383,0,0.86,-0.86,3,0.109592327,-2.95697715,0,0,160.944742,0,0.328776982,0,0,0,0,0,0,0,0,0
14.9268026,-18.0760555,0,0.86,-0.86,3,0.109592327,-2.94602538,0,0,161.044676,0,0.328776982,0,0,0,0,0,0,0,0,0
14.8288813,-18.0560989,0,0.86,-0.86,3,0.109592327,-2.93507361,0,0,161.14461,0,0.328776982,0,0,0,0,0,0,0,0,0
14.731184,-18.0350723,0,0.86,-0.86,3,0.109592327,-2.92412185,0,0,161.244545,0,0.328776982,0,0,0,0,0,0,0,0,0
14.6337223,-18.0129757,0,0.86,-0.86,3,0.109592327,-2.91317008,0,0,161.344479,0,0.328776982,0,0,0,0,0,0,0,0,0
14.5365095,-17.9898148,0,0.86,-0.86,3,0.109592327,-2.90221831,0,0,161.444413,0,0.328776982,0,0,0,0,0,0,0,0,0
14.4395561,-17.9655895,0,0.86,-0.86,3,0.109592327,-2.89126655,0,0,161.544348,0,0.328776982,0,0,0,0,0,0,0,0,0
14.3428736,-17.9403038,0,0.86,-0.86,3,0.109592327,-2.88031478,0,0,161.644282,0,0.328776982,0,0,0,0,0,0,0,0,0
14.2464733,-17.9139614,0,0.86,-0.86,3,0.109592327,-2.86936301,0,0,161.744217,0,0.328776982,0,0,0,0,0,0,0,0,0
14.1503677,-17.8865643,0,0.86,-0.86,3,0.109592327,-2.85841124,0,0,161.844151,0,0.328776982,0,0,0,0,0,0,0,0,0
14.0545683,-17.8581161,0,0.86,-0.86,3,0.109592327,-2.84745948,0,0,161.944085,0,0.328776982,0,0,0,0,0,0,0,0,0
13.9590855,-17.8286209,0,0.86,-0.86,3,0.109592327,-2.83650771,0,0,162.04402,0,0.328776982,0,0,0,0,0,0,0,0,0
13.8639317,-17.7980824,0,0.86,-0.86,3,0.109592327,-2.82555594,0,0,162.143954,0,0.328776982,0,0,0,0,0,0,0,0,0
13.7691183,-17.7665024,0,0.86,-0.86,3,0.109592327,-2.81460418,0,0,162.243888,0,0.328776982,0,0,0,0,0,0,0,0,0
13.6746559,-17.7338867,0,0.86,-0.86,3,0.109592327,-2.80365241,0,0,162.343823,0,0.328776982,0,0,0,0,0,0,0,0,0
13.5805569,-17.7002373,0,0.86,-0.86,3,0.109592327,-2.79270064,0,0,162.443757,0,0.328776982,0,0,0,0,0,0,0,0,0
13.4868317,-17.6655598,0,0.86,-0.86,3,0.109592327,-2.78174887,0,0,162.543692,0,0.328776982,0,0,0,0,0,0,0,0,0
13.3934917,-17.6298599,0,0.86,-0.86,3,0.109592327,-2.77079711,0,0,162.643626,0,0.328776982,0,0,0,0,0,0,0,0,0
13.3005495,-17.5931377,0,0.86,-0.86,3,0.109592327,-2.75984534,0,0,162.74356,0,0.328776982,0,0,0,0,0,0,0,0,0
13.2080135,-17.5554008,0,0.86,-0.86,3,0.109592327,-2.74889357,0,0,162.843495,0,0.328776982,0,0,0,0,0,0,0,0,0
13.1158972,-17.5166531,0,0.86,-0.86,3,0.109592327,-2.7379418,0,0,162.943429,0,0.328776982,0,0,0,0,0,0,0,0,0
13.0242109,-17.4768982,0,0.86,-0.86,3,0.109592327,-2.72699004,0,0,163.043364,0,0.328776982,0,0,0,0,0,0,0,0,0
12.9329643,-17.436142,0,0.86,-0.86,3,0.109592327,-2.71603827,0,0,163.143298,0,0.328776982,0,0,0,0,0,0,0,0,0
12.8421707,-17.3943882,0,0.86,-0.86,3,0.109592327,-2.7050865,0,0,163.243232,0,0.328776982,0,0,0,0,0,0,0,0,0
12.7518396,-17.3516426,0,0.86,-0.86,3,0.109592327,-2.69413474,0,0,163.343167,0,0.328776982,0,0,0,0,0,0,0,0,0
12.6619816,-17.3079109,0,0.86,-0.86,3,0.109592327,-2.68318297,0,0,163.443101,0,0.328776982,0,0,0,0,0,0,0,0,0
12.572608,-17.2631969,0,0.86,-0.86,3,0.109592327,-2.6722312,0,0,163.543035,0,0.328776982,0,0,0,0,0,0,0,0,0
12.4837303,-17.2175083,0,0.86,-0.86,3,0.109592327,-2.66127943,0,0,163.64297,0,0.328776982,0,0,0,0,0,0,0,0,0
12.3953571,-17.1708488,0,0.86,-0.86,3,0.109592327,-2.65032767,0,0,163.742904,0,0.328776982,0,0,0,0,0,0,0,0,0
12.3075008,-17.1232243,0,0.86,-0.86,3,0.109592327,-2.6393759,0,0,163.842839,0,0.328776982,0,0,0,0,0,0,0,0,0
12.2201719,-17.0746384,0,0.86,-0.86,3,0.109592327,-2.62842413,0,0,163.942773,0,0.328776982,0,0,0,0,0,0,0,0,0
12.133379,-17.0251007,0,0.86,-0.86,3,0.109592327,-2.61747237,0,0,164.042707,0,0.328776982,0,0,0,0,0,0,0,0,0
12.0471354,-16.9746151,0,0.86,-0.86,3,0.109592327,-2.6065206,0,0,164.142642,0,0.328776982,0,0,0,0,0,0,0,0,0
11.9614487,-16.9231892,0,0.86,-0.86,3,0.109592327,-2.59556883,0,0,164.242576,0,0.328776982,0,0,0,0,0,0,0,0,0
11.8763304,-16.8708267,0,0.86,-0.86,3,0.109592327,-2.58461706,0,0,164.34251,0,0.328776982,0,0,0,0,0,0,0,0,0
11.791791,-16.8175354,0,0.86,-0.86,3,0.109592327,-2.5736653,0,0,164.442445,0,0.328776982,0,0,0,0,0,0,0,0,0
11.70784,-16.7633228,0,0.86,-0.86,3,0.109592327,-2.56271353,0,0,164.542379,0,0.328776982,0,0,0,0,0,0,0,0,0
11.6244879,-16.7081928,0,0.86,-0.86,3,0.109592327,-2.55176176,0,0,164.642314,0,0.328776982,0,0,0,0,0,0,0,0,0
11.5417442,-16.652153,0,0.86,-0.86,3,0.109592327,-2.54080999,0,0,164.742248,0,0.328776982,0,0,0,0,0,0,0,0,0
11.4596205,-16.595211,0,0.86,-0.86,3,0.109592327,-2.52985823,0,0,164.842182,0,0.328776982,0,0,0,0,0,0,0,0,0
11.3781242,-16.5373726,0,0.86,-0.86,3,0.109592327,-2.51890646,0,0,164.942117,0,0.328776982,0,0,0,0,0,0,0,0,0
11.297266,-16.4786453,0,0.86,-0.86,3,0.109592327,-2.50795469,0,0,165.042051,0,0.328776982,0,0,0,0,0,0,0,0,0
11.2170563,-16.419035,0,0.86,-0.86,3,0.109592327,-2.49700293,0,0,165.141985,0,0.328776982,0,0,0,0,0,0,0,0,0
11.1375046,-16.358551,0,0.86,-0.86,3,0.109592327,-2.48605116,0,0,165.24192,0,0.328776982,0,0,0,0,0,0,0,0,0
11.0586195,-16.2971992,0,0.86,-0.86,3,0.109592327,-2.47509939,0,0,165.341854,0,0.328776982,0,0,0,0,0,0,0,0,0
10.9804106,-16.2349873,0,0.86,-0.86,3,0.109592327,-2.46414762,0,0,165.441789,0,0.328776982,0,0,0,0,0,0,0,0,0
10.9028883,-16.1719227,0,0.86,-0.86,3,0.109592327,-2.45319586,0,0,165.541723,0,0.328776982,0,0,0,0,0,0,0,0,0
10.8260612,-16.1080132,0,0.86,-0.86,3,0.109592327,-2.44224409,0,0,165.641657,0,0.328776982,0,0,0,0,0,0,0,0,0
10.749939,-16.0432663,0,0.86,-0.86,3,0.109592327,-2.43129232,0,0,165.741592,0,0.328776982,0,0,0,0,0,0,0,0,0
10.67453,-15.9776878,0,0.86,-0.86,3,0.109592327,-2.42034056,0,0,165.841526,0,0.328776982,0,0,0,0,0,0,0,0,0
10.599844,-15.9112892,0,0.86,-0.86,3,0.109592327,-2.40938879,0,0,165.94146,0,0.328776982,0,0,0,0,0,0,0,0,0
10.5258894,-15.8440762,0,0.86,-0.86,3,0.109592327,-2.39843702,0,0,166.041395,0,0.328776982,0,0,0,0,0,0,0,0,0
10.4526749,-15.7760572,0,0.86,-0.86,3,0.109592327,-2.38748525,0,0,166.141329,0,0.328776982,0,0,0,0,0,0,0,0,0
10.3802109,-15.7072401,0,0.86,-0.86,3,0.109592327,-2.37653349,0,0,166.241264,0,0.328776982,0,0,0,0,0,0,0,0,0
10.3085041,-15.6376343,0,0.86,-0.86,3,0.109592327,-2.36558172,0,0,166.341198,0,0.328776982,0,0,0,0,0,0,0,0,0
10.2375631,-15.5672464,0,0.86,-0.86,3,0.109592327,-2.35462995,0,0,166.441132,0,0.328776982,0,0,0,0,0,0,0,0,0
10.1673985,-15.4960861,0,0.86,-0.86,3,0.109592327,-2.34367818,0,0,166.541067,0,0.328776982,0,0,0,0,0,0,0,0,0
10.0980167,-15.4241619,0,0.86,-0.86,3,0.109592327,-2.33272642,0,0,166.641001,0,0.328776982,0,0,0,0,0,0,0,0,0
10.0294275,-15.3514824,0,0.86,-0.86,3,0.109592327,-2.32177465,0,0,166.740935,0,0.328776982,0,0,0,0,0,0,0,0,0
9.9616375,-15.2780561,0,0.86,-0.86,3,0.109592327,-2.31082288,0,0,166.84087,0,0.328776982,0,0,0,0,0,0,0,0,0
9.89465618,-15.2038918,0,0.86,-0.86,3,0.109592327,-2.29987112,0,0,166.940804,0,0.328776982,0,0,0,0,0,0,0,0,0
9.82849121,-15.1289978,0,0.86,-0.86,3,0.109592327,-2.28891935,0,0,167.040739,0,0.328776982,0,0,0,0,0,0,0,0,0
9.76315022,-15.0533848,0,0.86,-0.86,3,0.109592327,-2.27796758,0,0,167.140673,0,0.328776982,0,0,0,0,0,0,0,0,0
9.69864082,-14.9770594,0,0.86,-0.86,3,0.109592327,-2.26701581,0,0,167.240607,0,0.328776982,0,0,0,0,0,0,0,0,0
9.63497162,-14.900033,0,0.86,-0.86,3,0.109592327,-2.25606405,0,0,167.340542,0,0.328776982,0,0,0,0,0,0,0,0,0
9.57215023,-14.8223133,0,0.86,-0.86,3,0.109592327,-2.24511228,0,0,167.440476,0,0.328776982,0,0,0,0,0,0,0,0,0
9.51018333,-14.7439108,0,0.86,-0.86,3,0.109592327,-2.23416051,0,0,167.54041,0,0.328776982,0,0,0,0,0,0,0,0,0
9.44907856,-14.664834,0,0.86,-0.86,3,0.109592327,-2.22320875,0,0,167.640345,0,0.328776982,0,0,0,0,0,0,0,0,0
9.38884354,-14.5850935,0,0.86,-0.86,3,0.109592327,-2.21225698,0,0,167.740279,0,0.328776982,0,0,0,0,0,0,0,0,0
9.32948589,-14.5046978,0,0.86,-0.86,3,0.109592327,-2.20130521,0,0,167.840214,0,0.328776982,0,0,0,0,0,0,0,0,0
9.27101135,-14.4236565,0,0.86,-0.86,3,0.109592327,-2.19035344,0,0,167.940148,0,0.328776982,0,0,0,0,0,0,0,0,0
9.2134285,-14.341979,0,0.86,-0.86,3,0.109592327,-2.17940168,0,0,168.040082,0,0.328776982,0,0,0,0,0,0,0,0,0
9.156744,-14.2596769,0,0.86,-0.86,3,0.109592327,-2.16844991,0,0,168.140017,0,0.328776982,0,0,0,0,0,0,0,0,0
9.10096359,-14.1767588,0,0.86,-0.86,3,0.109592327,-2.15749814,0,0,168.239951,0,0.328776982,0,0,0,0,0,0,0,0,0
9.04609489,-14.093235,0,0.86,-0.86,3,0.109592327,-2.14654637,0,0,168.339885,0,0.328776982,0,0,0,0,0,0,0,0,0
8.99214363,-14.0091143,0,0.86,-0.86,3,0.109592327,-2.13559461,0,0,168.43982,0,0.328776982,0,0,0,0,0,0,0,0,0
8.93911743,-13.9244089,0,0.86,-0.86,3,0.109592327,-2.12464284,0,0,168.539754,0,0.328776982,0,0,0,0,0,0,0,0,0
8.88702202,-13.8391275,0,0.86,-0.86,3,0.109592327,-2.11369107,0,0,168.639689,0,0.328776982,0,0,0,0,0,0,0,0,0
8.83586311,-13.7532806,0,0.86,-0.86,3,0.109592327,-2.10273931,0,0,168.739623,0,0.328776982,0,0,0,0,0,0,0,0,0
8.78564835,-13.6668787,0,0.86,-0.86,3,0.109592327,-2.09178754,0,0,168.839557,0,0.328776982,0,0,0,0,0,0,0,0,0
8.73638248,-13.5799313,0,0.86,-0.86,3,0.109592327,-2.08083577,0,0,168.939492,0,0.328776982,0,0,0,0,0,0,0,0,0
8.68807125,-13.4924507,0,0.86,-0.86,3,0.109592327,-2.069884,0,0,169.039426,0,0.328776982,0,0,0,0,0,0,0,0,0
8.64072132,-13.4044456,0,0.86,-0.86,3,0.109592327,-2.05893224,0,0,169.13936,0,0.328776982,0,0,0,0,0,0,0,0,0
8.59433842,-13.3159275,0,0.86,-0.86,3,0.109592327,-2.04798047,0,0,169.239295,0,0.328776982,0,0,0,0,0,0,0,0,0
8.54892731,-13.2269068,0,0.86,-0.86,3,0.109592327,-2.0370287,0,0,169.339229,0,0.328776982,0,0,0,0,0,0,0,0,0
8.50449371,-13.137394,0,0.86,-0.86,3,0.109592327,-2.02607694,0,0,169.439164,0,0.328776982,0,0,0,0,0,0,0,0,0
8.46104336,-13.0473995,0,0.86,-0.86,3,0.109592327,-2.01512517,0,0,169.539098,0,0.328776982,0,0,0,0,0,0,0,0,0
8.41858101,-12.9569349,0,0.86,-0.86,3,0.109592327,-2.0041734,0,0,169.639032,0,0.328776982,0,0,0,0,0,0,0,0,0
8.37711239,-12.8660107,0,0.86,-0.86,3,0.109592327,-1.99322163,0,0,169.738967,0,0.328776982,0,0,0,0,0,0,0,0,0
8.33664131,-12.7746382,0,0.86,-0.86,3,0.109592327,-1.98226987,0,0,169.838901,0,0.328776982,0,0,0,0,0,0,0,0,0
8.2971735,-12.682827,0,0.86,-0.86,3,0.109592327,-1.9713181,0,0,169.938835,0,0.328776982,0,0,0,0,0,0,0,0,0
8.25871372,-12.5905895,0,0.86,-0.86,3,0.109592327,-1.96036633,0,0,170.03877,0,0.328776982,0,0,0,0,0,0,0,0,0
8.22126675,-12.4979372,0,0.86,-0.86,3,0.109592327,-1.94941456,0,0,170.138704,0,0.328776982,0,0,0,0,0,0,0,0,0
8.18483639,-12.4048796,0,0.86,-0.86,3,0.109592327,-1.9384628,0,0,170.238639,0,0.328776982,0,0,0,0,0,0,0,0,0
8.14942741,-12.3114281,0,0.86,-0.86,3,0.109592327,-1.92751103,0,0,170.338573,0,0.328776982,0,0,0,0,0,0,0,0,0
8.11504364,-12.2175951,0,0.86,-0.86,3,0.109592327,-1.91655926,0,0,170.438507,0,0.328776982,0,0,0,0,0,0,0,0,0
8.08168983,-12.1233912,0,0.86,-0.86,3,0.109592327,-1.9056075,0,0,170.538442,0,0.328776982,0,0,0,0,0,0,0,0,0
8.04936981,-12.0288277,0,0.86,-0.86,3,0.109592327,-1.89465573,0,0,170.638376,0,0.328776982,0,0,0,0,0,0,0,0,0
8.01808643,-11.9339161,0,0.86,-0.86,3,0.109592327,-1.88370396,0,0,170.73831,0,0.328776982,0,0,0,0,0,0,0,0,0
7.98784542,-11.8386669,0,0.86,-0.86,3,0.109592327,-1.87275219,0,0,170.838245,0,0.328776982,0,0,0,0,0,0,0,0,0
7.95864916,-11.7430925,0,0.86,-0.86,3,0.109592327,-1.86180043,0,0,170.938179,0,0.328776982,0,0,0,0,0,0,0,0,0
7.93050098,-11.6472044,0,0.86,-0.86,3,0.109592327,-1.85084866,0,0,171.038114,0,0.328776982,0,0,0,0,0,0,0,0,0
7.90340519,-11.551013,0,0.86,-0.86,3,0.109592327,-1.83989689,0,0,171.138048,0,0.328776982,0,0,0,0,0,0,0,0,0
7.87736368,-11.4545317,0,0.86,-0.86,3,0.109592327,-1.82894513,0,0,171.237982,0,0.328776982,0,0,0,0,0,0,0,0,0
7.85238123,-11.35777,0,0.86,-0.86,3,0.109592327,-1.81799336,0,0,171.337917,0,0.328776982,0,0,0,0,0,0,0,0,0
7.82845926,-11.2607412,0,0.86,-0.86,3,0.109592327,-1.80704159,0,0,171.437851,0,0.328776982,0,0,0,0,0,0,0,0,0
7.8056016,-11.163456,0,0.86,-0.86,3,0.109592327,-1.79608982,0,0,171.537786,0,0.328776982,0,0,0,0,0,0,0,0,0
7.78381062,-11.0659266,0,0.86,-0.86,3,0.109592327,-1.78513806,0,0,171.63772,0,0.328776982,0,0,0,0,0,0,0,0,0
7.76308918,-10.9681644,0,0.86,-0.86,3,0.109592327,-1.77418629,0,0,171.737654,0,0.328776982,0,0,0,0,0,0,0,0,0
7.74343967,-10.8701801,0,0.86,-0.86,3,0.109592327,-1.76323452,0,0,171.837589,0,0.328776982,0,0,0,0,0,0,0,0,0
7.72486448,-10.7719879,0,0.86,-0.86,3,0.109592327,-1.75228275,0,0,171.937523,0,0.328776982,0,0,0,0,0,0,0,0,0
7.70736551,-10.6735973,0,0.86,-0.86,3,0.109592327,-1.74133099,0,0,172.037457,0,0.328776982,0,0,0,0,0,0,0,0,0
7.69094563,-10.5750208,0,0.86,-0.86,3,0.109592327,-1.73037922,0,0,172.137392,0,0.328776982,0,0,0,0,0,0,0,0,0
7.67560577,-10.4762707,0,0.86,-0.86,3,0.109592327,-1.71942745,0,0,172.237326,0,0.328776982,0,0,0,0,0,0,0,0,0
7.66134834,-10.3773584,0,0.86,-0.86,3,0.109592327,-1.70847569,0,0,172.337261,0,0.328776982,0,0,0,0,0,0,0,0,0
7.64817524,-10.2782965,0,0.86,-0.86,3,0.109592327,-1.69752392,0,0,172.437195,0,0.328776982,0,0,0,0,0,0,0,0,0
7.63608789,-10.1790962,0,0.86,-0.86,3,0.109592327,-1.68657215,0,0,172.537129,0,0.328776982,0,0,0,0,0,0,0,0,0
7.62508726,-10.0797691,0,0.86,-0.86,3,0.109592327,-1.67562038,0,0,172.637064,0,0.328776982,0,0,0,0,0,0,0,0,0
7.61517525,-9.98032761,0,0.86,-0.86,3,0.109592327,-1.66466862,0,0,172.736998,0,0.328776982,0,0,0,0,0,0,0,0,0
7.60635281,-9.88078308,0,0.86,-0.86,3,0.109592327,-1.65371685,0,0,172.836932,0,0.328776982,0,0,0,0,0,0,0,0,0
7.59862137,-9.78114796,0,0.86,-0.86,3,0.109592327,-1.64276508,0,0,172.936867,0,0.328776982,0,0,0,0,0,0,0,0,0
7.59198141,-9.68143463,0,0.86,-0.86,3,0.109592327,-1.63181332,0,0,173.036801,0,0.328776982,0,0,0,0,0,0,0,0,0
7.58643341,-9.58165455,0,0.86,-0.86,3,0.109592327,-1.62086155,0,0,173.136736,0,0.328776982,0,0,0,0,0,0,0,0,0
7.58197927,-9.48181915,0,0.86,-0.86,3,0.109592327,-1.60990978,0,0,173.23667,0,0.328776982,0,0,0,0,0,0,0,0,0
7.57861805,-9.3819418,0,0.86,-0.86,3,0.109592327,-1.59895801,0,0,173.336604,0,0.328776982,0,0,0,0,0,0,0,0,0
7.57635117,-9.28203297,0,0.86,-0.86,3,0.109592327,-1.58800625,0,0,173.436539,0,0.328776982,0,0,0,0,0,0,0,0,0
7.57517862,-9.18210506,0,0.86,-0.86,3,0.109592327,-1.57705448,0,0,173.536473,0,0.328776982,0,0,0,0,0,0,0,0,0
7.57510042,-9.08217049,0,0.86,-0.86,3,0.109592327,-1.56610271,0,0,173.636407,0,0.328776982,0,0,0,0,0,0,0,0,0
7.57611656,-8.98224163,0,0.86,-0.86,3,0.109592327,-1.55515095,0,0,173.736342,0,0.328776982,0,0,0,0,0,0,0,0,0
7.57822752,-8.88232994,0,0.86,-0.86,3,0.109592327,-1.54419918,0,0,173.836276,0,0.328776982,0,0,0,0,0,0,0,0,0
7.58143187,-8.78244686,0,0.86,-0.86,3,0.109592327,-1.53324741,0,0,173.936211,0,0.328776982,0,0,0,0,0,0,0,0,0
7.58573055,-8.68260479,0,0.86,-0.86,3,0.109592327,-1.52229564,0,0,174.036145,0,0.328776982,0,0,0,0,0,0,0,0,0
7.59112167,-8.58281612,0,0.86,-0.86,3,0.109592327,-1.51134388,0,0,174.136079,0,0.328776982,0,0,0,0,0,0,0,0,0
7.59760571,-8.48309231,0,0.86,-0.86,3,0.109592327,-1.50039211,0,0,174.236014,0,0.328776982,0,0,0,0,0,0,0,0,0
7.60518169,-8.38344574,0,0.86,-0.86,3,0.109592327,-1.48944034,0,0,174.335948,0,0.328776982,0,0,0,0,0,0,0,0,0
7.61384821,-8.28388786,0,0.86,-0.86,3,0.109592327,-1.47848857,0,0,174.435882,0,0.328776982,0,0,0,0,0,0,0,0,0
7.62360477,-8.18443012,0,0.86,-0.86,3,0.109592327,-1.46753681,0,0,174.535817,0,0.328776982,0,0,0,0,0,0,0,0,0
7.63444948,-8.08508587,0,0.86,-0.86,3,0.109592327,-1.45658504,0,0,174.635751,0,0.328776982,0,0,0,0,0,0,0,0,0
7.64638186,-7.98586702,0,0.86,-0.86,3,0.109592327,-1.44563327,0,0,174.735686,0,0.328776982,0,0,0,0,0,0,0,0,0
7.65939999,-7.88678408,0,0.86,-0.86,3,0.109592327,-1.43468151,0,0,174.83562,0,0.328776982,0,0,0,0,0,0,0,0,0
7.67350245,-7.7878499,0,0.86,-0.86,3,0.109592327,-1.42372974,0,0,174.935554,0,0.328776982,0,0,0,0,0,0,0,0,0
7.6886878,-7.68907595,0,0.86,-0.86,3,0.109592327,-1.41277797,0,0,175.035489,0,0.328776982,0,0,0,0,0,0,0,0,0
7.70495367,-7.59047413,0,0.86,-0.86,3,0.109592327,-1.4018262,0,0,175.135423,0,0.328776982,0,0,0,0,0,0,0,0,0
7.72229862,-7.49205637,0,0.86,-0.86,3,0.109592327,-1.39087444,0,0,175.235357,0,0.328776982,0,0,0,0,0,0,0,0,0
7.74072027,-7.39383459,0,0.86,-0.86,3,0.109592327,-1.37992267,0,0,175.335292,0,0.328776982,0,0,0,0,0,0,0,0,0
7.76021671,-7.29582024,0,0.86,-0.86,3,0.109592327,-1.3689709,0,0,175.435226,0,0.328776982,0,0,0,0,0,0,0,0,0
7.78078508,-7.1980257,0,0.86,-0.86,3,0.109592327,-1.35801914,0,0,175.535161,0,0.328776982,0,0,0,0,0,0,0,0,0
7.80242348,-7.10046196,0,0.86,-0.86,3,0.109592327,-1.34706737,0,0,175.635095,0,0.328776982,0,0,0,0,0,0,0,0,0
7.82512856,-7.00314093,0,0.86,-0.86,3,0.109592327,-1.3361156,0,0,175.735029,0,0.328776982,0,0,0,0,0,0,0,0,0
7.84889841,-6.906075,0,0.86,-0.86,3,0.109592327,-1.32516383,0,0,175.834964,0,0.328776982,0,0,0,0,0,0,0,0,0
7.87373018,-6.80927467,0,0.86,-0.86,3,0.109592327,-1.31421207,0,0,175.934898,0,0.328776982,0,0,0,0,0,0,0,0,0
7.89962006,-6.71275234,0,0.86,-0.86,3,0.109592327,-1.3032603,0,0,176.034832,0,0.328776982,0,0,0,0,0,0,0,0,0
7.92656565,-6.61651897,0,0.86,-0.86,3,0.109592327,-1.29230853,0,0,176.134767,0,0.328776982,0,0,0,0,0,0,0,0,0
7.95456362,-6.52058697,0,0.86,-0.86,3,0.109592327,-1.28135676,0,0,176.234701,0,0.328776982,0,0,0,0,0,0,0,0,0
7.98361063,-6.42496681,0,0.86,-0.86,3,0.109592327,-1.270405,0,0,176.334636,0,0.328776982,0,0,0,0,0,0,0,0,0
8.01370239,-6.32967091,0,0.86,-0.86,3,0.109592327,-1.25945323,0,0,176.43457,0,0.328776982,0,0,0,0,0,0,0,0,0
8.044837,-6.23471022,0,0.86,-0.86,3,0.109592327,-1.24850146,0,0,176.534504,0,0.328776982,0,0,0,0,0,0,0,0,0
8.0770092,-6.14009619,0,0.86,-0.86,3,0.109592327,-1.2375497,0,0,176.634439,0,0.328776982,0,0,0,0,0,0,0,0,0
8.11021519,-6.04583979,0,0.86,-0.86,3,0.109592327,-1.22659793,0,0,176.734373,0,0.328776982,0,0,0,0,0,0,0,0,0
8.1444521,-5.95195293,0,0.86,-0.86,3,0.109592327,-1.21564616,0,0,176.834307,0,0.328776982,0,0,0,0,0,0,0,0,0
8.17971516,-5.85844707,0,0.86,-0.86,3,0.109592327,-1.20469439,0,0,176.934242,0,0.328776982,0,0,0,0,0,0,0,0,0
8.2159996,-5.7653327,0,0.86,-0.86,3,0.109592327,-1.19374263,0,0,177.034176,0,0.328776982,0,0,0,0,0,0,0,0,0
8.25330257,-5.67262125,0,0.86,-0.86,3,0.109592327,-1.18279086,0,0,177.134111,0,0.328776982,0,0,0,0,0,0,0,0,0
8.29161739,-5.5803237,0,0.86,-0.86,3,0.109592327,-1.17183909,0,0,177.234045,0,0.328776982,0,0,0,0,0,0,0,0,0
8.3309412,-5.48845148,0,0.86,-0.86,3,0.109592327,-1.16088733,0,0,177.333979,0,0.328776982,0,0,0,0,0,0,0,0,0
8.37126923,-5.39701557,0,0.86,-0.86,3,0.109592327,-1.14993556,0,0,177.433914,0,0.328776982,0,0,0,0,0,0,0,0,0
8.41259575,-5.30602646,0,0.86,-0.86,3,0.109592327,-1.13898379,0,0,177.533848,0,0.328776982,0,0,0,0,0,0,0,0,0
8.45491695,-5.21549559,0,0.86,-0.86,3,0.109592327,-1.12803202,0,0,177.633782,0,0.328776982,0,0,0,0,0,0,0,0,0
8.49822617,-5.12543344,0,0.86,-0.86,3,0.109592327,-1.11708026,0,0,177.733717,0,0.328776982,0,0,0,0,0,0,0,0,0
8.54251957,-5.03585148,0,0.86,-0.86,3,0.109592327,-1.10612849,0,0,177.833651,0,0.328776982,0,0,0,0,0,0,0,0,0
8.58779144,-4.9467597,0,0.86,-0.86,3,0.109592327,-1.09517672,0,0,177.933586,0,0.328776982,0,0,0,0,0,0,0,0,0
8.63403606,-4.8581686,0,0.86,-0.86,3,0.109592327,-1.08422495,0,0,178.03352,0,0.328776982,0,0,0,0,0,0,0,0,0
8.68124771,-4.7700901,0,0.86,-0.86,3,0.109592327,-1.07327319,0,0,178.133454,0,0.328776982,0,0,0,0,0,0,0,0,0
8.72942162,-4.68253326,0,0.86,-0.86,3,0.109592327,-1.06232142,0,0,178.233389,0,0.328776982,0,0,0,0,0,0,0,0,0
8.77855206,-4.59550953,0,0.86,-0.86,3,0.109592327,-1.05136965,0,0,178.333323,0,0.328776982,0,0,0,0,0,0,0,0,0
8.8286314,-4.50902891,0,0.86,-0.86,3,0.109592327,-1.04041789,0,0,178.433257,0,0.328776982,0,0,0,0,0,0,0,0,0
8.87965584,-4.42310238,0,0.86,-0.86,3,0.109592327,-1.02946612,0,0,178.533192,0,0.328776982,0,0,0,0,0,0,0,0,0
8.93161774,-4.33773947,0,0.86,-0.86,3,0.109592327,-1.01851435,0,0,178.633126,0,0.328776982,0,0,0,0,0,0,0,0,0
8.98451138,-4.25295067,0,0.86,-0.86,3,0.109592327,-1.00756258,0,0,178.733061,0,0.328776982,0,0,0,0,0,0,0,0,0
9.03833103,-4.16874647,0,0.86,-0.86,3,0.109592327,-0.996610817,0,0,178.832995,0,0.328776982,0,0,0,0,0,0,0,0,0
9.09306908,-4.08513641,0,0.86,-0.86,3,0.109592327,-0.98565905,0,0,178.932929,0,0.328776982,0,0,0,0,0,0,0,0,0
9.14871979,-4.00213099,0,0.86,-0.86,3,0.109592327,-0.974707282,0,0,179.032864,0,0.328776982,0,0,0,0,0,0,0,0,0
9.20527554,-3.91973996,0,0.86,-0.86,3,0.109592327,-0.963755515,0,0,179.132798,0,0.328776982,0,0,0,0,0,0,0,0,0
9.2627306,-3.83797312,0,0.86,-0.86,3,0.109592327,-0.952803748,0,0,179.232732,0,0.328776982,0,0,0,0,0,0,0,0,0
9.3210783,-3.75684071,0,0.86,-0.86,3,0.109592327,-0.941851981,0,0,179.332667,0,0.328776982,0,0,0,0,0,0,0,0,0
9.38031006,-3.67635202,0,0.86,-0.86,3,0.109592327,-0.930900214,0,0,179.432601,0,0.328776982,0,0,0,0,0,0,0,0,0
9.44042015,-3.59651685,0,0.86,-0.86,3,0.109592327,-0.919948446,0,0,179.532536,0,0.328776982,0,0,0,0,0,0,0,0,0
9.50140095,-3.51734471,0,0.86,-0.86,3,0.109592327,-0.908996679,0,0,179.63247,0,0.328776982,0,0,0,0,0,0,0,0,0
9.56324482,-3.43884516,0,0.86,-0.86,3,0.109592327,-0.898044912,0,0,179.732404,0,0.328776982,0,0,0,0,0,0,0,0,0
9.62594509,-3.36102772,0,0.86,-0.86,3,0.109592327,-0.887093145,0,0,179.832339,0,0.328776982,0,0,0,0,0,0,0,0,0
9.68949413,-3.28390145,0,0.86,-0.86,3,0.109592327,-0.876141377,0,0,179.932273,0,0.328776982,0,0,0,0,0,0,0,0,0
9.75388336,-3.2074759,0,0.86,-0.86,3,0.109592327,-0.86518961,0,0,180.032208,0,0.328776982,0,0,0,0,0,0,0,0,0
9.8191061,-3.13176012,0,0.86,-0.86,3,0.109592327,-0.854237843,0,0,180.132142,0,0.328776982,0,0,0,0,0,0,0,0,0
9.88515377,-3.05676293,0,0.86,-0.86,3,0.109592327,-0.843286076,0,0,180.232076,0,0.328776982,0,0,0,0,0,0,0,0,0
9.95201969,-2.98249388,0,0.86,-0.86,3,0.109592327,-0.832334309,0,0,180.332011,0,0.328776982,0,0,0,0,0,0,0,0,0
10.0196943,-2.9089613,0,0.86,-0.86,3,0.109592327,-0.821382541,0,0,180.431945,0,0.328776982,0,0,0,0,0,0,0,0,0
10.0881701,-2.83617449,0,0.86,-0.86,3,0.109592327,-0.810430774,0,0,180.531879,0,0.328776982,0,0,0,0,0,0,0,0,0
10.1574383,-2.7641418,0,0.86,-0.86,3,0.109592327,-0.799479007,0,0,180.631814,0,0.328776982,0,0,0,0,0,0,0,0,0
10.2274923,-2.69287205,0,0.86,-0.86,3,0.109592327,-0.78852724,0,0,180.731748,0,0.328776982,0,0,0,0,0,0,0,0,0
10.2983227,-2.62237382,0,0.86,-0.86,3,0.109592327,-0.777575473,0,0,180.831683,0,0.328776982,0,0,0,0,0,0,0,0,0
10.3699198,-2.55265546,0,0.86,-0.86,3,0.109592327,-0.766623705,0,0,180.931617,0,0.328776982,0,0,0,0,0,0,0,0,0
10.442277,-2.48372555,0,0.86,-0.86,3,0.109592327,-0.755671938,0,0,181.031551,0,0.328776982,0,0,0,0,0,0,0,0,0
10.5153847,-2.41559196,0,0.86,-0.86,3,0.109592327,-0.744720171,0,0,181.131486,0,0.328776982,0,0,0,0,0,0,0,0,0
10.5892334,-2.34826326,0,0.86,-0.86,3,0.109592327,-0.733768404,0,0,181.23142,0,0.328776982,0,0,0,0,0,0,0,0,0
10.6638165,-2.28174734,0,0.86,-0.86,3,0.109592327,-0.722816636,0,0,181.331354,0,0.328776982,0,0,0,0,0,0,0,0,0
10.7391224,-2.21605206,0,0.86,-0.86,3,0.109592327,-0.711864869,0,0,181.431289,0,0.328776982,0,0,0,0,0,0,0,0,0
10.8151436,-2.15118551,0,0.86,-0.86,3,0.109592327,-0.700913102,0,0,181.531223,0,0.328776982,0,0,0,0,0,0,0,0,0
10.8918705,-2.08715558,0,0.86,-0.86,3,0.109592327,-0.689961335,0,0,181.631158,0,0.328776982,0,0,0,0,0,0,0,0,0
10.9692936,-2.02396965,0,0.86,-0.86,3,0.109592327,-0.679009568,0,0,181.731092,0,0.328776982,0,0,0,0,0,0,0,0,0
11.0474052,-1.96163535,0,0.86,-0.86,3,0.109592327,-0.6680578,0,0,181.831026,0,0.328776982,0,0,0,0,0,0,0,0,0
11.126194,-1.90016019,0,0.86,-0.86,3,0.109592327,-0.657106033,0,0,181.930961,0,0.328776982,0,0,0,0,0,0,0,0,0
11.2056513,-1.83955169,0,0.86,-0.86,3,0.109592327,-0.646154266,0,0,182.030895,0,0.328776982,0,0,0,0,0,0,0,0,0
11.2857676,-1.77981699,0,0.86,-0.86,3,0.109592327,-0.635202499,0,0,182.130829,0,0.328776982,0,0,0,0,0,0,0,0,0
11.3665333,-1.72096324,0,0.86,-0.86,3,0.109592327,-0.624250731,0,0,182.230764,0,0.328776982,0,0,0,0,0,0,0,0,0
11.4479389,-1.6629976,0,0.86,-0.86,3,0.109592327,-0.613298964,0,0,182.330698,0,0.328776982,0,0,0,0,0,0,0,0,0
11.529974,-1.60592687,0,0.86,-0.86,3,0.109592327,-0.602347197,0,0,182.430633,0,0.328776982,0,0,0,0,0,0,0,0,0
11.6126299,-1.54975796,0,0.86,-0.86,3,0.109592327,-0.59139543,0,0,182.530567,0,0.328776982,0,0,0,0,0,0,0,0,0
11.6958961,-1.49449766,0,0.86,-0.86,3,0.109592327,-0.580443663,0,0,182.630501,0,0.328776982,0,0,0,0,0,0,0,0,0
11.7797613,-1.44015265,0,0.86,-0.86,3,0.109592327,-0.569491895,0,0,182.730436,0,0.328776982,0,0,0,0,0,0,0,0,0
11.8642178,-1.38672924,0,0.86,-0.86,3,0.109592327,-0.558540128,0,0,182.83037,0,0.328776982,0,0,0,0,0,0,0,0,0
11.949254,-1.334234,0,0.86,-0.86,3,0.109592327,-0.547588361,0,0,182.930304,0,0.328776982,0,0,0,0,0,0,0,0,0
12.0348597,-1.28267324,0,0.86,-0.86,3,0.109592327,-0.536636594,0,0,183.030239,0,0.328776982,0,0,0,0,0,0,0,0,0
12.1210251,-1.23205304,0,0.86,-0.86,3,0.109592327,-0.525684826,0,0,183.130173,0,0.328776982,0,0,0,0,0,0,0,0,0
12.2077398,-1.18237948,0,0.86,-0.86,3,0.109592327,-0.514733059,0,0,183.230108,0,0.328776982,0,0,0,0,0,0,0,0,0
12.2949934,-1.13365853,0,0.86,-0.86,3,0.109592327,-0.503781292,0,0,183.330042,0,0.328776982,0,0,0,0,0,0,0,0,0
12.3827744,-1.08589613,0,0.86,-0.86,3,0.109592327,-0.492829525,0,0,183.429976,0,0.328776982,0,0,0,0,0,0,0,0,0
12.4710741,-1.03909802,0,0.86,-0.86,3,0.109592327,-0.481877758,0,0,183.529911,0,0.328776982,0,0,0,0,0,0,0,0,0
12.5598812,-0.993269622,0,0.86,-0.86,3,0.109592327,-0.47092599,0,0,183.629845,0,0.328776982,0,0,0,0,0,0,0,0,0
12.6491842,-0.948416531,0,0.86,-0.86,3,0.109592327,-0.459974223,0,0,183.729779,0,0.328776982,0,0,0,0,0,0,0,0,0
12.7389736,-0.904544175,0,0.86,-0.86,3,0.109592327,-0.449022456,0,0,183.829714,0,0.328776982,0,0,0,0,0,0,0,0,0
12.8292379,-0.861657798,0,0.86,-0.86,3,0.109592327,-0.438070689,0,0,183.929648,0,0.328776982,0,0,0,0,0,0,0,0,0
12.9199667,-0.819762528,0,0.86,-0.86,3,0.109592327,-0.427118922,0,0,184.029583,0,0.328776982,0,0,0,0,0,0,0,0,0
13.0111485,-0.77886337,0,0.86,-0.86,3,0.109592327,-0.416167154,0,0,184.129517,0,0.328776982,0,0,0,0,0,0,0,0,0
13.1027727,-0.738965213,0,0.86,-0.86,3,0.109592327,-0.405215387,0,0,184.229451,0,0.328776982,0,0,0,0,0,0,0,0,0
13.194828,-0.700072944,0,0.86,-0.86,3,0.109592327,-0.39426362,0,0,184.329386,0,0.328776982,0,0,0,0,0,0,0,0,0
13.2873049,-0.662191093,0,0.86,-0.86,3,0.109592327,-0.383311853,0,0,184.42932,0,0.328776982,0,0,0,0,0,0,0,0,0
13.3801899,-0.625324309,0,0.86,-0.86,3,0.109592327,-0.372360085,0,0,184.529254,0,0.328776982,0,0,0,0,0,0,0,0,0
13.4734735,-0.589477003,0,0.86,-0.86,3,0.109592327,-0.361408318,0,0,184.629189,0,0.328776982,0,0,0,0,0,0,0,0,0
13.5671444,-0.554653406,0,0.86,-0.86,3,0.109592327,-0.350456551,0,0,184.729123,0,0.328776982,0,0,0,0,0,0,0,0,0
13.661191,-0.520857751,0,0.86,-0.86,3,0.109592327,-0.339504784,0,0,184.829058,0,0.328776982,0,0,0,0,0,0,0,0,0
13.7556019,-0.488094091,0,0.86,-0.86,3,0.109592327,-0.328553017,0,0,184.928992,0,0.328776982,0,0,0,0,0,0,0,0,0
13.8503656,-0.456366301,0,0.86,-0.86,3,0.109592327,-0.317601249,0,0,185.028926,0,0.328776982,0,0,0,0,0,0,0,0,0
13.9454718,-0.425678253,0,0.86,-0.86,3,0.109592327,-0.306649482,0,0,185.128861,0,0.328776982,0,0,0,0,0,0,0,0,0
14.0409079,-0.396033615,0,0.86,-0.86,3,0.109592327,-0.295697715,0,0,185.228795,0,0.328776982,0,0,0,0,0,0,0,0,0
14.1366634,-0.367435902,0,0.86,-0.86,3,0.109592327,-0.284745948,0,0,185.328729,0,0.328776982,0,0,0,0,0,0,0,0,0
14.2327261,-0.339888602,0,0.86,-0.86,3,0.109592327,-0.27379418,0,0,185.428664,0,0.328776982,0,0,0,0,0,0,0,0,0
14.3290844,-0.313394964,0,0.86,-0.86,3,0.109592327,-0.262842413,0,0,185.528598,0,0.328776982,0,0,0,0,0,0,0,0,0
14.4257269,-0.287958205,0,0.86,-0.86,3,0.109592327,-0.251890646,0,0,185.628533,0,0.328776982,0,0,0,0,0,0,0,0,0
14.5226431,-0.263581336,0,0.86,-0.86,3,0.109592327,-0.240938879,0,0,185.728467,0,0.328776982,0,0,0,0,0,0,0,0,0
14.6198196,-0.240267336,0,0.86,-0.86,3,0.109592327,-0.229987112,0,0,185.828401,0,0.328776982,0,0,0,0,0,0,0,0,0
14.7172461,-0.218018949,0,0.86,-0.86,3,0.109592327,-0.219035344,0,0,185.928336,0,0.328776982,0,0,0,0,0,0,0,0,0
14.8149099,-0.196838886,0,0.86,-0.86,3,0.109592327,-0.208083577,0,0,186.02827,0,0.328776982,0,0,0,0,0,0,0,0,0
14.9127998,-0.176729649,0,0.86,-0.86,3,0.109592327,-0.19713181,0,0,186.128204,0,0.328776982,0,0,0,0,0,0,0,0,0
15.0109053,-0.157693669,0,0.86,-0.86,3,0.109592327,-0.186180043,0,0,186.228139,0,0.328776982,0,0,0,0,0,0,0,0,0
15.1092119,-0.13973324,0,0.86,-0.86,3,0.109592327,-0.175228275,0,0,186.328073,0,0.328776982,0,0,0,0,0,0,0,0,0
15.2077103,-0.122850493,0,0.86,-0.86,3,0.109592327,-0.164276508,0,0,186.428008,0,0.328776982,0,0,0,0,0,0,0,0,0
15.3063869,-0.107047468,0,0.86,-0.86,3,0.109592327,-0.153324741,0,0,186.527942,0,0.328776982,0,0,0,0,0,0,0,0,0
15.4052315,-0.0923260525,0,0.86,-0.86,3,0.109592327,-0.142372974,0,0,186.627876,0,0.328776982,0,0,0,0,0,0,0,0,0
15.5042305,-0.078688018,0,0.86,-0.86,3,0.109592327,-0.131421207,0,0,186.727811,0,0.328776982,0,0,0,0,0,0,0,0,0
15.6033735,-0.0661349967,0,0.86,-0.86,3,0.109592327,-0.120469439,0,0,186.827745,0,0.328776982,0,0,0,0,0,0,0,0,0
15.7026482,-0.054668501,0,0.86,-0.86,3,0.109592327,-0.109517672,0,0,186.927679,0,0.328776982,0,0,0,0,0,0,0,0,0
15.802042,-0.0442898981,0,0.86,-0.86,3,0.109592327,-0.098565905,0,0,187.027614,0,0.328776982,0,0,0,0,0,0,0,0,0
15.9015436,-0.0350004323,0,0.86,-0.86,3,0.109592327,-0.0876141377,0,0,187.127548,0,0.328776982,0,0,0,0,0,0,0,0,0
16.0011406,-0.0268012248,0,0.86,-0.86,3,0.109592327,-0.0766623705,0,0,187.227483,0,0.328776982,0,0,0,0,0,0,0,0,0
16.1008224,-0.0196932554,0,0.86,-0.86,3,0.109592327,-0.0657106033,0,0,187.327417,0,0.328776982,0,0,0,0,0,0,0,0,0
16.2005749,-0.0136773754,0,0.86,-0.86,3,0.109592327,-0.0547588361,0,0,187.427351,0,0.328776982,0,0,0,0,0,0,0,0,0
16.3003883,-0.0087543074,0,0.86,-0.86,3,0.109592327,-0.0438070689,0,0,187.527286,0,0.328776982,0,0,0,0,0,0,0,0,0
16.4002495,-0.00492464285,0,0.86,-0.86,3,0.109592327,-0.0328553017,0,0,187.62722,0,0.328776982,0,0,0,0,0,0,0,0,0
16.5001469,-0.00218883948,0,0.86,-0.86,3,0.109592327,-0.0219035344,0,0,187.727154,0,0.328776982,0,0,0,0,0,0,0,0,0
16.6000671,-0.000547226286,0,0.86,-0.86,3,0.109592327,-0.0109517672,0,0,187.827089,0,0.328776982,0,0,0,0,0,0,0,0,0
16.7000008,0.0,0,0.86,-0.86,3,0.109592317,3.63846087e-06,0,0,187.927023,0,0.328776952,0,0,0,0,0,0,0,0,0
16.7999992,-0.000547953707,0,0.86,-0.86,3,0.109592332,0.0109590441,0,0,188.027024,0,0.328776995,0,0,0,0,0,0,0,0,0
16.8999863,-0.00219174917,0,0.86,-0.86,3,0.109592332,0.0219180883,0,0,188.127025,0,0.328776995,0,0,0,0,0,0,0,0,0
16.9999504,-0.00493118865,0,0.86,-0.86,3,0.109592332,0.0328771324,0,0,188.227026,0,0.328776995,0,0,0,0,0,0,0,0,0
17.0998764,-0.00876594335,0,0.86,-0.86,3,0.109592332,0.0438361766,0,0,188.327026,0,0.328776995,0,0,0,0,0,0,0,0,0
17.1997566,-0.0136955529,0,0.86,-0.86,3,0.109592332,0.0547952207,0,0,188.427027,0,0.328776995,0,0,0,0,0,0,0,0,0
17.2995758,-0.0197194256,0,0.86,-0.86,3,0.109592332,0.0657542648,0,0,188.527028,0,0.328776995,0,0,0,0,0,0,0,0,0
17.3993225,-0.0268368367,0,0.86,-0.86,3,0.109592332,0.076713309,0,0,188.627029,0,0.328776995,0,0,0,0,0,0,0,0,0
17.4989853,-0.0350469314,0,0.86,-0.86,3,0.109592332,0.0876723531,0,0,188.727029,0,0.328776995,0,0,0,0,0,0,0,0,0
17.5985527,-0.0443487242,0,0.86,-0.86,3,0.109592332,0.0986313973,0,0,188.82703,0,0.328776995,0,0,0,0,0,0,0,0,0
17.6980114,-0.0547410995,0,0.86,-0.86,3,0.109592332,0.109590441,0,0,188.927031,0,0.328776995,0,0,0,0,0,0,0,0,0
17.7973518,-0.0662228093,0,0.86,-0.86,3,0.109592332,0.120549486,0,0,189.027032,0,0.328776995,0,0,0,0,0,0,0,0,0
17.8965588,-0.0787924752,0,0.86,-0.86,3,0.109592332,0.13150853,0,0,189.127033,0,0.328776995,0,0,0,0,0,0,0,0,0
17.9956226,-0.0924485773,0,0.86,-0.86,3,0.109592332,0.142467574,0,0,189.227033,0,0.328776995,0,0,0,0,0,0,0,0,0
18.094532,-0.107189491,0,0.86,-0.86,3,0.109592332,0.153426618,0,0,189.327034,0,0.328776995,0,0,0,0,0,0,0,0,0
18.1932716,-0.123013437,0,0.86,-0.86,3,0.109592332,0.164385662,0,0,189.427035,0,0.328776995,0,0,0,0,0,0,0,0,0
18.2918339,-0.139918521,0,0.86,-0.86,3,0.109592332,0.175344706,0,0,189.527036,0,0.328776995,0,0,0,0,0,0,0,0,0
18.3902035,-0.157902703,0,0.86,-0.86,3,0.109592332,0.18630375,0,0,189.627036,0,0.328776995,0,0,0,0,0,0,0,0,0
18.4883709,-0.176963821,0,0.86,-0.86,3,0.109592332,0.197262795,0,0,189.727037,0,0.328776995,0,0,0,0,0,0,0,0,0
18.5863247,-0.197099596,0,0.86,-0.86,3,0.109592332,0.208221839,0,0,189.827038,0,0.328776995,0,0,0,0,0,0,0,0,0
18.6840496,-0.218307614,0,0.86,-0.86,3,0.109592332,0.219180883,0,0,189.927039,0,0.328776995,0,0,0,0,0,0,0,0,0
18.781538,-0.240585327,0,0.86,-0.86,3,0.109592332,0.230139927,0,0,190.02704,0,0.328776995,0,0,0,0,0,0,0,0,0
18.8787766,-0.263930053,0,0.86,-0.86,3,0.109592332,0.241098971,0,0,190.12704,0,0.328776995,0,0,0,0,0,0,0,0,0
18.9757519,-0.288338959,0,0.86,-0.86,3,0.109592332,0.252058015,0,0,190.227041,0,0.328776995,0,0,0,0,0,0,0,0,0
19.0724545,-0.313809186,0,0.86,-0.86,3,0.109592332,0.263017059,0,0,190.327042,0,0.328776995,0,0,0,0,0,0,0,0,0
19.1688728,-0.340337604,0,0.86,-0.86,3,0.109592332,0.273976104,0,0,190.427043,0,0.328776995,0,0,0,0,0,0,0,0,0
19.2649937,-0.367921054,0,0.86,-0.86,3,0.109592332,0.284935148,0,0,190.527043,0,0.328776995,0,0,0,0,0,0,0,0,0
19.3608074,-0.396556228,0,0.86,-0.86,3,0.109592332,0.295894192,0,0,190.627044,0,0.328776995,0,0,0,0,0,0,0,0,0
19.4563007,-0.426239699,0,0.86,-0.86,3,0.109592332,0.306853236,0,0,190.727045,0,0.328776995,0,0,0,0,0,0,0,0,0
19.5514641,-0.45696786,0,0.86,-0.86,3,0.109592332,0.31781228,0,0,190.827046,0,0.328776995,0,0,0,0,0,0,0,0,0
19.6462841,-0.488737077,0,0.86,-0.86,3,0.109592332,0.328771324,0,0,190.927047,0,0.328776995,0,0,0,0,0,0,0,0,0
19.7407494,-0.521543503,0,0.86,-0.86,3,0.109592332,0.339730368,0,0,191.027047,0,0.328776995,0,0,0,0,0,0,0,0,0
19.8348503,-0.555383146,0,0.86,-0.86,3,0.109592332,0.350689412,0,0,191.127048,0,0.328776995,0,0,0,0,0,0,0,0,0
19.9285755,-0.590252042,0,0.86,-0.86,3,0.109592332,0.361648457,0,0,191.227049,0,0.328776995,0,0,0,0,0,0,0,0,0
20.0219135,-0.626145959,0,0.86,-0.86,3,0.109592332,0.372607501,0,0,191.32705,0,0.328776995,0,0,0,0,0,0,0,0,0
20.114851,-0.663060546,0,0.86,-0.86,3,0.109592332,0.383566545,0,0,191.42705,0,0.328776995,0,0,0,0,0,0,0,0,0
20.2073784,-0.700991452,0,0.86,-0.86,3,0.109592332,0.394525589,0,0,191.527051,0,0.328776995,0,0,0,0,0,0,0,0,0
20.2994862,-0.739934087,0,0.86,-0.86,3,0.109592332,0.405484633,0,0,191.627052,0,0.328776995,0,0,0,0,0,0,0,0,0
20.3911591,-0.779883742,0,0.86,-0.86,3,0.109592332,0.416443677,0,0,191.727053,0,0.328776995,0,0,0,0,0,0,0,0,0
20.4823914,-0.82083559,0,0.86,-0.86,3,0.109592332,0.427402721,0,0,191.827054,0,0.328776995,0,0,0,0,0,0,0,0,0
20.5731678,-0.862784863,0,0.86,-0.86,3,0.109592332,0.438361766,0,0,191.927054,0,0.328776995,0,0,0,0,0,0,0,0,0
20.6634789,-0.905726314,0,0.86,-0.86,3,0.109592332,0.44932081,0,0,192.027055,0,0.328776995,0,0,0,0,0,0,0,0,0
20.753315,-0.949654996,0,0.86,-0.86,3,0.109592332,0.460279854,0,0,192.127056,0,0.328776995,0,0,0,0,0,0,0,0,0
20.8426628,-0.994565487,0,0.86,-0.86,3,0.109592332,0.471238898,0,0,192.227057,0,0.328776995,0,0,0,0,0,0,0,0,0
20.9315147,-1.04045236,0,0.86,-0.86,3,0.109592332,0.482197942,0,0,192.327057,0,0.328776995,0,0,0,0,0,0,0,0,0
21.0198574,-1.08731031,0,0.86,-0.86,3,0.109592332,0.493156986,0,0,192.427058,0,0.328776995,0,0,0,0,0,0,0,0,0
21.1076813,-1.1351335,0,0.86,-0.86,3,0.109592332,0.50411603,0,0,192.527059,0,0.328776995,0,0,0,0,0,0,0,0,0
21.1949768,-1.18391633,0,0.86,-0.86,3,0.109592332,0.515075075,0,0,192.62706,0,0.328776995,0,0,0,0,0,0,0,0,0
21.2817326,-1.23365283,0,0.86,-0.86,3,0.109592332,0.526034119,0,0,192.727061,0,0.328776995,0,0,0,0,0,0,0,0,0
21.3679371,-1.28433716,0,0.86,-0.86,3,0.109592332,0.536993163,0,0,192.827061,0,0.328776995,0,0,0,0,0,0,0,0,0
21.4535809,-1.33596301,0,0.86,-0.86,3,0.109592332,0.547952207,0,0,192.927062,0,0.328776995,0,0,0,0,0,0,0,0,0
21.5386543,-1.38852441,0,0.86,-0.86,3,0.109592332,0.558911251,0,0,193.027063,0,0.328776995,0,0,0,0,0,0,0,0,0
21.6231461,-1.44201493,0,0.86,-0.86,3,0.109592332,0.569870295,0,0,193.127064,0,0.328776995,0,0,0,0,0,0,0,0,0
21.7070465,-1.49642825,0,0.86,-0.86,3,0.109592332,0.580829339,0,0,193.227064,0,0.328776995,0,0,0,0,0,0,0,0,0
21.7903461,-1.55175769,0,0.86,-0.86,3,0.109592332,0.591788384,0,0,193.327065,0,0.328776995,0,0,0,0,0,0,0,0,0
21.8730354,-1.6079967,0,0.86,-0.86,3,0.109592332,0.602747428,0,0,193.427066,0,0.328776995,0,0,0,0,0,0,0,0,0
21.955101,-1.66513848,0,0.86,-0.86,3,0.109592332,0.613706472,0,0,193.527067,0,0.328776995,0,0,0,0,0,0,0,0,0
22.0365372,-1.72317612,0,0.86,-0.86,3,0.109592332,0.624665516,0,0,193.627068,0,0.328776995,0,0,0,0,0,0,0,0,0
22.1173325,-1.78210282,0,0.86,-0.86,3,0.109592332,0.63562456,0,0,193.727068,0,0.328776995,0,0,0,0,0,0,0,0,0
22.1974754,-1.84191132,0,0.86,-0.86,3,0.109592332,0.646583604,0,0,193.827069,0,0.328776995,0,0,0,0,0,0,0,0,0
22.2769604,-1.90259457,0,0.86,-0.86,3,0.109592332,0.657542648,0,0,193.92707,0,0.328776995,0,0,0,0,0,0,0,0,0
22.3557739,-1.96414518,0,0.86,-0.86,3,0.109592332,0.668501693,0,0,194.027071,0,0.328776995,0,0,0,0,0,0,0,0,0
22.4339085,-2.02655578,0,0.86,-0.86,3,0.109592332,0.679460737,0,0,194.127071,0,0.328776995,0,0,0,0,0,0,0,0,0
22.5113564,-2.08981895,0,0.86,-0.86,3,0.109592332,0.690419781,0,0,194.227072,0,0.328776995,0,0,0,0,0,0,0,0,0
22.5881042,-2.15392709,0,0.86,-0.86,3,0.109592332,0.701378825,0,0,194.327073,0,0.328776995,0,0,0,0,0,0,0,0,0
22.6641445,-2.21887231,0,0.86,-0.86,3,0.109592332,0.712337869,0,0,194.427074,0,0.328776995,0,0,0,0,0,0,0,0,0
22.7394695,-2.28464723,0,0.86,-0.86,3,0.109592332,0.723296913,0,0,194.527075,0,0.328776995,0,0,0,0,0,0,0,0,0
22.8140697,-2.35124326,0,0.86,-0.86,3,0.109592332,0.734255957,0,0,194.627075,0,0.328776995,0,0,0,0,0,0,0,0,0
22.8879356,-2.41865325,0,0.86,-0.86,3,0.109592332,0.745215002,0,0,194.727076,0,0.328776995,0,0,0,0,0,0,0,0,0
22.9610577,-2.48686838,0,0.86,-0.86,3,0.109592332,0.756174046,0,0,194.827077,0,0.328776995,0,0,0,0,0,0,0,0,0
23.0334263,-2.55588078,0,0.86,-0.86,3,0.109592332,0.76713309,0,0,194.927078,0,0.328776995,0,0,0,0,0,0,0,0,0
23.1050358,-2.62568212,0,0.86,-0.86,3,0.109592332,0.778092134,0,0,195.027078,0,0.328776995,0,0,0,0,0,0,0,0,0
23.1758766,-2.69626427,0,0.86,-0.86,3,0.109592332,0.789051178,0,0,195.127079,0,0.328776995,0,0,0,0,0,0,0,0,0
23.2459393,-2.76761818,0,0.86,-0.86,3,0.109592332,0.800010222,0,0,195.22708,0,0.328776995,0,0,0,0,0,0,0,0,0
23.3152161,-2.83973575,0,0.86,-0.86,3,0.109592332,0.810969266,0,0,195.327081,0,0.328776995,0,0,0,0,0,0,0,0,0
23.3836975,-2.91260815,0,0.86,-0.86,3,0.109592332,0.821928311,0,0,195.427082,0,0.328776995,0,0,0,0,0,0,0,0,0
23.451376,-2.9862268,0,0.86,-0.86,3,0.109592332,0.832887355,0,0,195.527082,0,0.328776995,0,0,0,0,0,0,0,0,0
23.5182457,-3.0605824,0,0.86,-0.86,3,0.109592332,0.843846399,0,0,195.627083,0,0.328776995,0,0,0,0,0,0,0,0,0
23.5842953,-3.13566661,0,0.86,-0.86,3,0.109592332,0.854805443,0,0,195.727084,0,0.328776995,0,0,0,0,0,0,0,0,0
23.6495171,-3.21147013,0,0.86,-0.86,3,0.109592332,0.865764487,0,0,195.827085,0,0.328776995,0,0,0,0,0,0,0,0,0
23.7139053,-3.28798366,0,0.86,-0.86,3,0.109592332,0.876723531,0,0,195.927085,0,0.328776995,0,0,0,0,0,0,0,0,0
23.7774506,-3.36519837,0,0.86,-0.86,3,0.109592332,0.887682575,0,0,196.027086,0,0.328776995,0,0,0,0,0,0,0,0,0
23.840147,-3.44310474,0,0.86,-0.86,3,0.109592332,0.89864162,0,0,196.127087,0,0.328776995,0,0,0,0,0,0,0,0,0
23.9019852,-3.52169347,0,0.86,-0.86,3,0.109592332,0.909600664,0,0,196.227088,0,0.328776995,0,0,0,0,0,0,0,0,0
23.9629574,-3.60095525,0,0.86,-0.86,3,0.109592332,0.920559708,0,0,196.327089,0,0.328776995,0,0,0,0,0,0,0,0,0
24.0230579,-3.68088055,0,0.86,-0.86,3,0.109592332,0.931518752,0,0,196.427089,0,0.328776995,0,0,0,0,0,0,0,0,0
24.0822792,-3.76145959,0,0.86,-0.86,3,0.109592332,0.942477796,0,0,196.52709,0,0.328776995,0,0,0,0,0,0,0,0,0
24.1406155,-3.84268284,0,0.86,-0.86,3,0.109592332,0.95343684,0,0,196.627091,0,0.328776995,0,0,0,0,0,0,0,0,0
24.1980553,-3.92454028,0,0.86,-0.86,3,0.109592332,0.964395884,0,0,196.727092,0,0.328776995,0,0,0,0,0,0,0,0,0
24.2545967,-4.00702238,0,0.86,-0.86,3,0.109592332,0.975354928,0,0,196.827092,0,0.328776995,0,0,0,0,0,0,0,0,0
24.3102303,-4.09011936,0,0.86,-0.86,3,0.109592332,0.986313973,0,0,196.927093,0,0.328776995,0,0,0,0,0,0,0,0,0
24.3649502,-4.17382097,0,0.86,-0.86,3,0.109592332,0.997273017,0,0,197.027094,0,0.328776995,0,0,0,0,0,0,0,0,0
24.4187489,-4.2581172,0,0.86,-0.86,3,0.109592332,1.00823206,0,0,197.127095,0,0.328776995,0,0,0,0,0,0,0,0,0
24.4716206,-4.34299755,0,0.86,-0.86,3,0.109592332,1.01919111,0,0,197.227096,0,0.328776995,0,0,0,0,0,0,0,0,0
24.5235577,-4.42845249,0,0.86,-0.86,3,0.109592332,1.03015015,0,0,197.327096,0,0.328776995,0,0,0,0,0,0,0,0,0
24.5745583,-4.51447153,0,0.86,-0.86,3,0.109592332,1.04110919,0,0,197.427097,0,0.328776995,0,0,0,0,0,0,0,0,0
24.6246109,-4.60104465,0,0.86,-0.86,3,0.109592332,1.05206824,0,0,197.527098,0,0.328776995,0,0,0,0,0,0,0,0,0
24.6737118,-4.68816042,0,0.86,-0.86,3,0.109592332,1.06302728,0,0,197.627099,0,0.328776995,0,0,0,0,0,0,0,0,0
24.7218552,-4.77580929,0,0.86,-0.86,3,0.109592332,1.07398633,0,0,197.727099,0,0.328776995,0,0,0,0,0,0,0,0,0
24.7690353,-4.86398077,0,0.86,-0.86,3,0.109592332,1.08494537,0,0,197.8271,0,0.328776995,0,0,0,0,0,0,0,0,0
24.8152466,-4.9526639,0,0.86,-0.86,3,0.109592332,1.09590441,0,0,197.927101,0,0.328776995,0,0,0,0,0,0,0,0,0
24.8604832,-5.04184771,0,0.86,-0.86,3,0.109592332,1.10686346,0,0,198.027102,0,0.328776995,0,0,0,0,0,0,0,0,0
24.9047394,-5.13152266,0,0.86,-0.86,3,0.109592332,1.1178225,0,0,198.127103,0,0.328776995,0,0,0,0,0,0,0,0,0
24.9480114,-5.22167635,0,0.86,-0.86,3,0.109592332,1.12878155,0,0,198.227103,0,0.328776995,0,0,0,0,0,0,0,0,0
24.9902916,-5.31229925,0,0.86,-0.86,3,0.109592332,1.13974059,0,0,198.327104,0,0.328776995,0,0,0,0,0,0,0,0,0
25.0315762,-5.40338039,0,0.86,-0.86,3,0.109592332,1.15069963,0,0,198.427105,0,0.328776995,0,0,0,0,0,0,0,0,0
25.0718613,-5.49490786,0,0.86,-0.86,3,0.109592332,1.16165868,0,0,198.527106,0,0.328776995,0,0,0,0,0,0,0,0,0
25.1111393,-5.58687162,0,0.86,-0.86,3,0.109592332,1.17261772,0,0,198.627106,0,0.328776995,0,0,0,0,0,0,0,0,0
25.1494083,-5.67926025,0,0.86,-0.86,3,0.109592332,1.18357677,0,0,198.727107,0,0.328776995,0,0,0,0,0,0,0,0,0
25.1866627,-5.77206278,0,0.86,-0.86,3,0.109592332,1.19453581,0,0,198.827108,0,0.328776995,0,0,0,0,0,0,0,0,0
25.2228966,-5.86526823,0,0.86,-0.86,3,0.109592332,1.20549486,0,0,198.927109,0,0.328776995,0,0,0,0,0,0,0,0,0
25.2581081,-5.95886469,0,0.86,-0.86,3,0.109592332,1.2164539,0,0,199.02711,0,0.328776995,0,0,0,0,0,0,0,0,0
25.2922916,-6.05284166,0,0.86,-0.86,3,0.109592332,1.22741294,0,0,199.12711,0,0.328776995,0,0,0,0,0,0,0,0,0
25.3254433,-6.14718771,0,0.86,-0.86,3,0.109592332,1.23837199,0,0,199.227111,0,0.328776995,0,0,0,0,0,0,0,0,0
25.3575573,-6.24189138,0,0.86,-0.86,3,0.109592332,1.24933103,0,0,199.327112,0,0.328776995,0,0,0,0,0,0,0,0,0
25.3886337,-6.33694077,0,0.86,-0.86,3,0.109592332,1.26029008,0,0,199.427113,0,0.328776995,0,0,0,0,0,0,0,0,0
25.4186649,-6.43232536,0,0.86,-0.86,3,0.109592332,1.27124912,0,0,199.527113,0,0.328776995,0,0,0,0,0,0,0,0,0
25.4476509,-6.52803373,0,0.86,-0.86,3,0.109592332,1.28220816,0,0,199.627114,0,0.328776995,0,0,0,0,0,0,0,0,0
25.475584,-6.62405348,0,0.86,-0.86,3,0.109592332,1.29316721,0,0,199.727115,0,0.328776995,0,0,0,0,0,0,0,0,0
25.5024662,-6.72037363,0,0.86,-0.86,3,0.109592332,1.30412625,0,0,199.827116,0,0.328776995,0,0,0,0,0,0,0,0,0
25.5282879,-6.81698275,0,0.86,-0.86,3,0.109592332,1.3150853,0,0,199.927117,0,0.328776995,0,0,0,0,0,0,0,0,0
25.553051,-6.91386938,0,0.86,-0.86,3,0.109592332,1.32604434,0,0,200.027117,0,0.328776995,0,0,0,0,0,0,0,0,0
25.5767517,-7.01102114,0,0.86,-0.86,3,0.109592332,1.33700339,0,0,200.127118,0,0.328776995,0,0,0,0,0,0,0,0,0
25.5993843,-7.10842657,0,0.86,-0.86,3,0.109592332,1.34796243,0,0,200.227119,0,0.328776995,0,0,0,0,0,0,0,0,0
25.6209507,-7.20607471,0,0.86,-0.86,3,0.109592332,1.35892147,0,0,200.32712,0,0.328776995,0,0,0,0,0,0,0,0,0
25.6414433,-7.30395317,0,0.86,-0.86,3,0.109592332,1.36988052,0,0,200.42712,0,0.328776995,0,0,0,0,0,0,0,0,0
25.6608639,-7.40205002,0,0.86,-0.86,3,0.109592332,1.38083956,0,0,200.527121,0,0.328776995,0,0,0,0,0,0,0,0,0
25.6792068,-7.50035381,0,0.86,-0.86,3,0.109592332,1.39179861,0,0,200.627122,0,0.328776995,0,0,0,0,0,0,0,0,0
25.6964722,-7.59885311,0,0.86,-0.86,3,0.109592332,1.40275765,0,0,200.727123,0,0.328776995,0,0,0,0,0,0,0,0,0
25.712656,-7.69753551,0,0.86,-0.86,3,0.109592332,1.41371669,0,0,200.827124,0,0.328776995,0,0,0,0,0,0,0,0,0
25.7277584,-7.79638958,0,0.86,-0.86,3,0.109592332,1.42467574,0,0,200.927124,0,0.328776995,0,0,0,0,0,0,0,0,0
25.7417755,-7.89540291,0,0.86,-0.86,3,0.109592332,1.43563478,0,0,201.027125,0,0.328776995,0,0,0,0,0,0,0,0,0
25.7547073,-7.99456406,0,0.86,-0.86,3,0.109592332,1.44659383,0,0,201.127126,0,0.328776995,0,0,0,0,0,0,0,0,0
25.766552,-8.09386063,0,0.86,-0.86,3,0.109592332,1.45755287,0,0,201.227127,0,0.328776995,0,0,0,0,0,0,0,0,0
25.7773075,-8.19328117,0,0.86,-0.86,3,0.109592332,1.46851191,0,0,201.327127,0,0.328776995,0,0,0,0,0,0,0,0,0
25.786974,-8.29281425,0,0.86,-0.86,3,0.109592332,1.47947096,0,0,201.427128,0,0.328776995,0,0,0,0,0,0,0,0,0
25.7955475,-8.39244652,0,0.86,-0.86,3,0.109592332,1.49043,0,0,201.527129,0,0.328776995,0,0,0,0,0,0,0,0,0
25.80303,-8.49216652,0,0.86,-0.86,3,0.109592332,1.50138905,0,0,201.62713,0,0.328776995,0,0,0,0,0,0,0,0,0
25.8094177,-8.59196377,0,0.86,-0.86,3,0.109592332,1.51234809,0,0,201.727131,0,0.328776995,0,0,0,0,0,0,0,0,0
25.8147125,-8.69182396,0,0.86,-0.86,3,0.109592332,1.52330714,0,0,201.827131,0,0.328776995,0,0,0,0,0,0,0,0,0
25.8189125,-8.7917366,0,0.86,-0.86,3,0.109592332,1.53426618,0,0,201.927132,0,0.328776995,0,0,0,0,0,0,0,0,0
25.8220177,-8.8916893,0,0.86,-0.86,3,0.109592332,1.54522522,0,0,202.027133,0,0.328776995,0,0,0,0,0,0,0,0,0
25.8240261,-8.99166965,0,0.86,-0.86,3,0.109592332,1.55618427,0,0,202.127134,0,0.328776995,0,0,0,0,0,0,0,0,0
25.8249397,-9.09166622,0,0.86,-0.86,3,0.109592332,1.56714331,0,0,202.227134,0,0.328776995,0,0,0,0,0,0,0,0,0
25.8247566,-9.1916666,0,0.86,-0.86,3,0.109592332,-4.70508295,0,0,202.327135,0,0.328776995,0,0,0,0,0,0,0,0,0
25.8234787,-9.29165936,0,0.86,-0.86,3,0.109592332,-4.69412391,0,0,202.427136,0,0.328776995,0,0,0,0,0,0,0,0,0
25.821104,-9.39163208,0,0.86,-0.86,3,0.109592332,-4.68316486,0,0,202.527137,0,0.328776995,0,0,0,0,0,0,0,0,0
25.8176346,-9.49157238,0,0.86,-0.86,3,0.109592332,-4.67220582,0,0,202.627138,0,0.328776995,0,0,0,0,0,0,0,0,0
25.8130684,-9.59146881,0,0.86,-0.86,3,0.109592332,-4.66124677,0,0,202.727138,0,0.328776995,0,0,0,0,0,0,0,0,0
25.8074093,-9.69130993,0,0.86,-0.86,3,0.109592332,-4.65028773,0,0,202.827139,0,0.328776995,0,0,0,0,0,0,0,0,0
25.8006573,-9.79108238,0,0.86,-0.86,3,0.109592332,-4.63932869,0,0,202.92714,0,0.328776995,0,0,0,0,0,0,0,0,0
25.7928104,-9.89077473,0,0.86,-0.86,3,0.109592332,-4.62836964,0,0,203.027141,0,0.328776995,0,0,0,0,0,0,0,0,0
25.7838726,-9.99037552,0,0.86,-0.86,3,0.109592332,-4.6174106,0,0,203.127141,0,0.328776995,0,0,0,0,0,0,0,0,0
25.7738438,-10.0898724,0,0.86,-0.86,3,0.109592332,-4.60645155,0,0,203.227142,0,0.328776995,0,0,0,0,0,0,0,0,0
25.7627258,-10.1892529,0,0.86,-0.86,3,0.109592332,-4.59549251,0,0,203.327143,0,0.328776995,0,0,0,0,0,0,0,0,0
25.7505188,-10.2885056,0,0.86,-0.86,3,0.109592332,-4.58453347,0,0,203.427144,0,0.328776995,0,0,0,0,0,0,0,0,0
25.7372246,-10.387619,0,0.86,-0.86,3,0.109592332,-4.57357442,0,0,203.527145,0,0.328776995,0,0,0,0,0,0,0,0,0
25.7228451,-10.4865799,0,0.86,-0.86,3,0.109592332,-4.56261538,0,0,203.627145,0,0.328776995,0,0,0,0,0,0,0,0,0
25.7073822,-10.5853786,0,0.86,-0.86,3,0.109592332,-4.55165633,0,0,203.727146,0,0.328776995,0,0,0,0,0,0,0,0,0
25.690836,-10.684001,0,0.86,-0.86,3,0.109592332,-4.54069729,0,0,203.827147,0,0.328776995,0,0,0,0,0,0,0,0,0
25.6732121,-10.7824364,0,0.86,-0.86,3,0.109592332,-4.52973824,0,0,203.927148,0,0.328776995,0,0,0,0,0,0,0,0,0
25.6545086,-10.8806725,0,0.86,-0.86,3,0.109592332,-4.5187792,0,0,204.027148,0,0.328776995,0,0,0,0,0,0,0,0,0
25.6347313,-10.9786978,0,0.86,-0.86,3,0.109592332,-4.50782016,0,0,204.127149,0,0.328776995,0,0,0,0,0,0,0,0,0
25.6138802,-11.0765009,0,0.86,-0.86,3,0.109592332,-4.49686111,0,0,204.22715,0,0.328776995,0,0,0,0,0,0,0,0,0
25.591959,-11.1740694,0,0.86,-0.86,3,0.109592332,-4.48590207,0,0,204.327151,0,0.328776995,0,0,0,0,0,0,0,0,0
25.5689697,-11.2713919,0,0.86,-0.86,3,0.109592332,-4.47494302,0,0,204.427152,0,0.328776995,0,0,0,0,0,0,0,0,0
25.5449162,-11.3684559,0,0.86,-0.86,3,0.109592332,-4.46398398,0,0,204.527152,0,0.328776995,0,0,0,0,0,0,0,0,0
25.5197983,-11.4652519,0,0.86,-0.86,3,0.109592332,-4.45302494,0,0,204.627153,0,0.328776995,0,0,0,0,0,0,0,0,0
25.4936218,-11.5617657,0,0.86,-0.86,3,0.109592332,-4.44206589,0,0,204.727154,0,0.328776995,0,0,0,0,0,0,0,0,0
25.4663906,-11.6579866,0,0.86,-0.86,3,0.109592332,-4.43110685,0,0,204.827155,0,0.328776995,0,0,0,0,0,0,0,0,0
25.4381046,-11.7539043,0,0.86,-0.86,3,0.109592332,-4.4201478,0,0,204.927155,0,0.328776995,0,0,0,0,0,0,0,0,0
25.4087715,-11.8495054,0,0.86,-0.86,3,0.109592332,-4.40918876,0,0,205.027156,0,0.328776995,0,0,0,0,0,0,0,0,0
25.3783913,-11.9447803,0,0.86,-0.86,3,0.109592332,-4.39822972,0,0,205.127157,0,0.328776995,0,0,0,0,0,0,0,0,0
25.3469677,-12.0397158,0,0.86,-0.86,3,0.109592332,-4.38727067,0,0,205.227158,0,0.328776995,0,0,0,0,0,0,0,0,0
25.3145065,-12.1343012,0,0.86,-0.86,3,0.109592332,-4.37631163,0,0,205.327159,0,0.328776995,0,0,0,0,0,0,0,0,0
25.2810116,-12.2285252,0,0.86,-0.86,3,0.109592332,-4.36535258,0,0,205.427159,0,0.328776995,0,0,0,0,0,0,0,0,0
25.2464848,-12.3223772,0,0.86,-0.86,3,0.109592332,-4.35439354,0,0,205.52716,0,0.328776995,0,0,0,0,0,0,0,0,0
25.2109318,-12.415844,0,0.86,-0.86,3,0.109592332,-4.34343449,0,0,205.627161,0,0.328776995,0,0,0,0,0,0,0,0,0
25.1743584,-12.5089169,0,0.86,-0.86,3,0.109592332,-4.33247545,0,0,205.727162,0,0.328776995,0,0,0,0,0,0,0,0,0
25.1367645,-12.6015825,0,0.86,-0.86,3,0.109592332,-4.32151641,0,0,205.827162,0,0.328776995,0,0,0,0,0,0,0,0,0
25.0981598,-12.6938305,0,0.86,-0.86,3,0.109592332,-4.31055736,0,0,205.927163,0,0.328776995,0,0,0,0,0,0,0,0,0
25.0585442,-12.7856503,0,0.86,-0.86,3,0.109592332,-4.29959832,0,0,206.027164,0,0.328776995,0,0,0,0,0,0,0,0,0
25.0179253,-12.8770304,0,0.86,-0.86,3,0.109592332,-4.28863927,0,0,206.127165,0,0.328776995,0,0,0,0,0,0,0,0,0
24.9763088,-12.9679594,0,0.86,-0.86,3,0.109592332,-4.27768023,0,0,206.227165,0,0.328776995,0,0,0,0,0,0,0,0,0
24.9336967,-13.0584278,0,0.86,-0.86,3,0.109592332,-4.26672119,0,0,206.327166,0,0.328776995,0,0,0,0,0,0,0,0,0
24.8900967,-13.1484232,0,0.86,-0.86,3,0.109592332,-4.25576214,0,0,206.427167,0,0.328776995,0,0,0,0,0,0,0,0,0
24.8455143,-13.2379351,0,0.86,-0.86,3,0.109592332,-4.2448031,0,0,206.527168,0,0.328776995,0,0,0,0,0,0,0,0,0
24.7999516,-13.3269539,0,0.86,-0.86,3,0.109592332,-4.23384405,0,0,206.627169,0,0.328776995,0,0,0,0,0,0,0,0,0
24.7534161,-13.4154673,0,0.86,-0.86,3,0.109592332,-4.22288501,0,0,206.727169,0,0.328776995,0,0,0,0,0,0,0,0,0
24.7059135,-13.5034657,0,0.86,-0.86,3,0.109592332,-4.21192596,0,0,206.82717,0,0.328776995,0,0,0,0,0,0,0,0,0
24.6574516,-13.5909376,0,0.86,-0.86,3,0.109592332,-4.20096692,0,0,206.927171,0,0.328776995,0,0,0,0,0,0,0,0,0
24.6080322,-13.6778736,0,0.86,-0.86,3,0.109592332,-4.19000788,0,0,207.027172,0,0.328776995,0,0,0,0,0,0,0,0,0
24.557663,-13.7642632,0,0.86,-0.86,3,0.109592332,-4.17904883,0,0,207.127172,0,0.328776995,0,0,0,0,0,0,0,0,0
24.5063496,-13.8500957,0,0.86,-0.86,3,0.109592332,-4.16808979,0,0,207.227173,0,0.328776995,0,0,0,0,0,0,0,0,0
24.4540997,-13.93536,0,0.86,-0.86,3,0.109592332,-4.15713074,0,0,207.327174,0,0.328776995,0,0,0,0,0,0,0,0,0
24.400919,-14.0200472,0,0.86,-0.86,3,0.109592332,-4.1461717,0,0,207.427175,0,0.328776995,0,0,0,0,0,0,0,0,0
24.3468113,-14.104146,0,0.86,-0.86,3,0.109592332,-4.13521266,0,0,207.527176,0,0.328776995,0,0,0,0,0,0,0,0,0
24.2917862,-14.1876469,0,0.86,-0.86,3,0.109592332,-4.12425361,0,0,207.627176,0,0.328776995,0,0,0,0,0,0,0,0,0
24.2358494,-14.2705402,0,0.86,-0.86,3,0.109592332,-4.11329457,0,0,207.727177,0,0.328776995,0,0,0,0,0,0,0,0,0
24.1790085,-14.3528156,0,0.86,-0.86,3,0.109592332,-4.10233552,0,0,207.827178,0,0.328776995,0,0,0,0,0,0,0,0,0
24.1212692,-14.4344625,0,0.86,-0.86,3,0.109592332,-4.09137648,0,0,207.927179,0,0.328776995,0,0,0,0,0,0,0,0,0
24.0626373,-14.5154724,0,0.86,-0.86,3,0.109592332,-4.08041743,0,0,208.027179,0,0.328776995,0,0,0,0,0,0,0,0,0
24.0031223,-14.5958347,0,0.86,-0.86,3,0.109592332,-4.06945839,0,0,208.12718,0,0.328776995,0,0,0,0,0,0,0,0,0
23.9427299,-14.675539,0,0.86,-0.86,3,0.109592332,-4.05849935,0,0,208.227181,0,0.328776995,0,0,0,0,0,0,0,0,0
23.8814678,-14.7545776,0,0.86,-0.86,3,0.109592332,-4.0475403,0,0,208.327182,0,0.328776995,0,0,0,0,0,0,0,0,0
23.8193436,-14.8329401,0,0.86,-0.86,3,0.109592332,-4.03658126,0,0,208.427183,0,0.328776995,0,0,0,0,0,0,0,0,0
23.7563629,-14.9106169,0,0.86,-0.86,3,0.109592332,-4.02562221,0,0,208.527183,0,0.328776995,0,0,0,0,0,0,0,0,0
23.6925354,-14.9875994,0,0.86,-0.86,3,0.109592332,-4.01466317,0,0,208.627184,0,0.328776995,0,0,0,0,0,0,0,0,0
23.6278687,-15.0638771,0,0.86,-0.86,3,0.109592332,-4.00370413,0,0,208.727185,0,0.328776995,0,0,0,0,0,0,0,0,0
23.5623703,-15.1394415,0,0.86,-0.86,3,0.109592332,-3.99274508,0,0,208.827186,0,0.328776995,0,0,0,0,0,0,0,0,0
23.4960461,-15.2142839,0,0.86,-0.86,3,0.109592332,-3.98178604,0,0,208.927186,0,0.328776995,0,0,0,0,0,0,0,0,0
23.4289074,-15.2883949,0,0.86,-0.86,3,0.109592332,-3.97082699,0,0,209.027187,0,0.328776995,0,0,0,0,0,0,0,0,0
23.3609581,-15.3617659,0,0.86,-0.86,3,0.109592332,-3.95986795,0,0,209.127188,0,0.328776995,0,0,0,0,0,0,0,0,0
23.2922115,-15.4343882,0,0.86,-0.86,3,0.109592332,-3.94890891,0,0,209.227189,0,0.328776995,0,0,0,0,0,0,0,0,0
23.2226715,-15.5062513,0,0.86,-0.86,3,0.109592332,-3.93794986,0,0,209.32719,0,0.328776995,0,0,0,0,0,0,0,0,0
23.1523495,-15.5773497,0,0.86,-0.86,3,0.109592332,-3.92699082,0,0,209.42719,0,0.328776995,0,0,0,0,0,0,0,0,0
23.0812511,-15.6476717,0,0.86,-0.86,3,0.109592332,-3.91603177,0,0,209.527191,0,0.328776995,0,0,0,0,0,0,0,0,0
23.009388,-15.7172117,0,0.86,-0.86,3,0.109592332,-3.90507273,0,0,209.627192,0,0.328776995,0,0,0,0,0,0,0,0,0
22.9367657,-15.7859592,0,0.86,-0.86,3,0.109592332,-3.89411368,0,0,209.727193,0,0.328776995,0,0,0,0,0,0,0,0,0
22.8633957,-15.8539066,0,0.86,-0.86,3,0.109592332,-3.88315464,0,0,209.827193,0,0.328776995,0,0,0,0,0,0,0,0,0
22.7892838,-15.9210463,0,0.86,-0.86,3,0.109592332,-3.8721956,0,0,209.927194,0,0.328776995,0,0,0,0,0,0,0,0,0
22.7144413,-15.9873695,0,0.86,-0.86,3,0.109592332,-3.86123655,0,0,210.027195,0,0.328776995,0,0,0,0,0,0,0,0,0
22.6388779,-16.0528679,0,0.86,-0.86,3,0.109592332,-3.85027751,0,0,210.127196,0,0.328776995,0,0,0,0,0,0,0,0,0
22.5625992,-16.1175365,0,0.86,-0.86,3,0.109592332,-3.83931846,0,0,210.227197,0,0.328776995,0,0,0,0,0,0,0,0,0
22.4856167,-16.1813622,0,0.86,-0.86,3,0.109592332,-3.82835942,0,0,210.327197,0,0.328776995,0,0,0,0,0,0,0,0,0
22.4079399,-16.2443428,0,0.86,-0.86,3,0.109592332,-3.81740038,0,0,210.427198,0,0.328776995,0,0,0,0,0,0,0,0,0
22.3295784,-16.3064671,0,0.86,-0.86,3,0.109592332,-3.80644133,0,0,210.527199,0,0.328776995,0,0,0,0,0,0,0,0,0
22.2505398,-16.3677292,0,0.86,-0.86,3,0.109592332,-3.79548229,0,0,210.6272,0,0.328776995,0,0,0,0,0,0,0,0,0
22.1708336,-16.4281216,0,0.86,-0.86,3,0.109592332,-3.78452324,0,0,210.7272,0,0.328776995,0,0,0,0,0,0,0,0,0
22.0904713,-16.4876385,0,0.86,-0.86,3,0.109592332,-3.7735642,0,0,210.827201,0,0.328776995,0,0,0,0,0,0,0,0,0
22.0094624,-16.5462685,0,0.86,-0.86,3,0.109592332,-3.76260515,0,0,210.927202,0,0.328776995,0,0,0,0,0,0,0,0,0
21.9278145,-16.6040096,0,0.86,-0.86,3,0.109592332,-3.75164611,0,0,211.027203,0,0.328776995,0,0,0,0,0,0,0,0,0
21.845541,-16.6608505,0,0.86,-0.86,3,0.109592332,-3.74068707,0,0,211.127204,0,0.328776995,0,0,0,0,0,0,0,0,0
21.7626476,-16.7167873,0,0.86,-0.86,3,0.109592332,-3.72972802,0,0,211.227204,0,0.328776995,0,0,0,0,0,0,0,0,0
21.6791458,-16.7718124,0,0.86,-0.86,3,0.109592332,-3.71876898,0,0,211.327205,0,0.328776995,0,0,0,0,0,0,0,0,0
21.595047,-16.8259182,0,0.86,-0.86,3,0.109592332,-3.70780993,0,0,211.427206,0,0.328776995,0,0,0,0,0,0,0,0,0
21.5103607,-16.8790989,0,0.86,-0.86,3,0.109592332,-3.69685089,0,0,211.527207,0,0.328776995,0,0,0,0,0,0,0,0,0
21.4250946,-16.9313507,0,0.86,-0.86,3,0.109592332,-3.68589185,0,0,211.627207,0,0.328776995,0,0,0,0,0,0,0,0,0
21.3392639,-16.9826622,0,0.86,-0.86,3,0.109592332,-3.6749328,0,0,211.727208,0,0.328776995,0,0,0,0,0,0,0,0,0
21.2528744,-17.0330315,0,0.86,-0.86,3,0.109592332,-3.66397376,0,0,211.827209,0,0.328776995,0,0,0,0,0,0,0,0,0
21.1659374,-17.0824509,0,0.86,-0.86,3,0.109592332,-3.65301471,0,0,211.92721,0,0.328776995,0,0,0,0,0,0,0,0,0
21.0784645,-17.1309147,0,0.86,-0.86,3,0.109592332,-3.64205567,0,0,212.027211,0,0.328776995,0,0,0,0,0,0,0,0,0
20.9904671,-17.1784172,0,0.86,-0.86,3,0.109592332,-3.63109663,0,0,212.127211,0,0.328776995,0,0,0,0,0,0,0,0,0
20.9019527,-17.2249508,0,0.86,-0.86,3,0.109592332,-3.62013758,0,0,212.227212,0,0.328776995,0,0,0,0,0,0,0,0,0
20.8129349,-17.2705135,0,0.86,-0.86,3,0.109592332,-3.60917854,0,0,212.327213,0,0.328776995,0,0,0,0,0,0,0,0,0
20.723423,-17.3150978,0,0.86,-0.86,3,0.109592332,-3.59821949,0,0,212.427214,0,0.328776995,0,0,0,0,0,0,0,0,0
20.6334267,-17.3586979,0,0.86,-0.86,3,0.109592332,-3.58726045,0,0,212.527214,0,0.328776995,0,0,0,0,0,0,0,0,0
20.5429592,-17.4013081,0,0.86,-0.86,3,0.109592332,-3.5763014,0,0,212.627215,0,0.328776995,0,0,0,0,0,0,0,0,0
20.4520302,-17.4429264,0,0.86,-0.86,3,0.109592332,-3.56534236,0,0,212.727216,0,0.328776995,0,0,0,0,0,0,0,0,0
20.360651,-17.4835453,0,0.86,-0.86,3,0.109592332,-3.55438332,0,0,212.827217,0,0.328776995,0,0,0,0,0,0,0,0,0
20.2688313,-17.523159,0,0.86,-0.86,3,0.109592332,-3.54342427,0,0,212.927218,0,0.328776995,0,0,0,0,0,0,0,0,0
20.1765823,-17.5617657,0,0.86,-0.86,3,0.109592332,-3.53246523,0,0,213.027218,0,0.328776995,0,0,0,0,0,0,0,0,0
20.0839157,-17.5993576,0,0.86,-0.86,3,0.109592332,-3.52150618,0,0,213.127219,0,0.328776995,0,0,0,0,0,0,0,0,0
19.9908447,-17.6359329,0,0.86,-0.86,3,0.109592332,-3.51054714,0,0,213.22722,0,0.328776995,0,0,0,0,0,0,0,0,0
19.897377,-17.6714859,0,0.86,-0.86,3,0.109592332,-3.4995881,0,0,213.327221,0,0.328776995,0,0,0,0,0,0,0,0,0
19.8035259,-17.7060108,0,0.86,-0.86,3,0.109592332,-3.48862905,0,0,213.427221,0,0.328776995,0,0,0,0,0,0,0,0,0
19.709301,-17.7395077,0,0.86,-0.86,3,0.109592332,-3.47767001,0,0,213.527222,0,0.328776995,0,0,0,0,0,0,0,0,0
19.6147156,-17.7719688,0,0.86,-0.86,3,0.109592332,-3.46671096,0,0,213.627223,0,0.328776995,0,0,0,0,0,0,0,0,0
19.5197792,-17.8033905,0,0.86,-0.86,3,0.109592332,-3.45575192,0,0,213.727224,0,0.328776995,0,0,0,0,0,0,0,0,0
19.4245052,-17.8337708,0,0.86,-0.86,3,0.109592332,-3.44479287,0,0,213.827225,0,0.328776995,0,0,0,0,0,0,0,0,0
19.3289051,-17.8631058,0,0.86,-0.86,3,0.109592332,-3.43383383,0,0,213.927225,0,0.328776995,0,0,0,0,0,0,0,0,0
19.2329865,-17.8913898,0,0.86,-0.86,3,0.109592332,-3.42287479,0,0,214.027226,0,0.328776995,0,0,0,0,0,0,0,0,0
19.1367664,-17.918623,0,0.86,-0.86,3,0.109592332,-3.41191574,0,0,214.127227,0,0.328776995,0,0,0,0,0,0,0,0,0
19.0402508,-17.9447994,0,0.86,-0.86,3,0.109592332,-3.4009567,0,0,214.227228,0,0.328776995,0,0,0,0,0,0,0,0,0
18.9434566,-17.9699154,0,0.86,-0.86,3,0.109592332,-3.38999765,0,0,214.327228,0,0.328776995,0,0,0,0,0,0,0,0,0
18.8463917,-17.9939709,0,0.86,-0.86,3,0.109592332,-3.37903861,0,0,214.427229,0,0.328776995,0,0,0,0,0,0,0,0,0
18.7490692,-18.0169601,0,0.86,-0.86,3,0.109592332,-3.36807957,0,0,214.52723,0,0.328776995,0,0,0,0,0,0,0,0,0
18.6515007,-18.0388813,0,0.86,-0.86,3,0.109592332,-3.35712052,0,0,214.627231,0,0.328776995,0,0,0,0,0,0,0,0,0
18.5536976,-18.0597324,0,0.86,-0.86,3,0.109592332,-3.34616148,0,0,214.727232,0,0.328776995,0,0,0,0,0,0,0,0,0
18.4556732,-18.0795097,0,0.86,-0.86,3,0.109592332,-3.33520243,0,0,214.827232,0,0.328776995,0,0,0,0,0,0,0,0,0
18.3574371,-18.0982113,0,0.86,-0.86,3,0.109592332,-3.32424339,0,0,214.927233,0,0.328776995,0,0,0,0,0,0,0,0,0
18.2590008,-18.1158371,0,0.86,-0.86,3,0.109592332,-3.31328435,0,0,215.027234,0,0.328776995,0,0,0,0,0,0,0,0,0
18.1603775,-18.1323814,0,0.86,-0.86,3,0.109592332,-3.3023253,0,0,215.127235,0,0.328776995,0,0,0,0,0,0,0,0,0
18.0615807,-18.1478443,0,0.86,-0.86,3,0.109592332,-3.29136626,0,0,215.227235,0,0.328776995,0,0,0,0,0,0,0,0,0
17.9626179,-18.1622238,0,0.86,-0.86,3,0.109592332,-3.28040721,0,0,215.327236,0,0.328776995,0,0,0,0,0,0,0,0,0
17.8635063,-18.175518,0,0.86,-0.86,3,0.109592332,-3.26944817,0,0,215.427237,0,0.328776995,0,0,0,0,0,0,0,0,0
17.7642517,-18.1877251,0,0.86,-0.86,3,0.109592332,-3.25848912,0,0,215.527238,0,0.328776995,0,0,0,0,0,0,0,0,0
17.6648712,-18.1988449,0,0.86,-0.86,3,0.109592332,-3.24753008,0,0,215.627239,0,0.328776995,0,0,0,0,0,0,0,0,0
17.5653744,-18.2088737,0,0.86,-0.86,3,0.109592332,-3.23657104,0,0,215.727239,0,0.328776995,0,0,0,0,0,0,0,0,0
17.4657745,-18.2178116,0,0.86,-0.86,3,0.109592332,-3.22561199,0,0,215.82724,0,0.328776995,0,0,0,0,0,0,0,0,0
17.3660831,-18.2256565,0,0.86,-0.86,3,0.109592332,-3.21465295,0,0,215.927241,0,0.328776995,0,0,0,0,0,0,0,0,0
17.2663097,-18.2324104,0,0.86,-0.86,3,0.109592332,-3.2036939,0,0,216.027242,0,0.328776995,0,0,0,0,0,0,0,0,0
17.1664696,-18.2380695,0,0.86,-0.86,3,0.109592332,-3.19273486,0,0,216.127242,0,0.328776995,0,0,0,0,0,0,0,0,0
17.0665722,-18.2426338,0,0.86,-0.86,3,0.109592332,-3.18177582,0,0,216.227243,0,0.328776995,0,0,0,0,0,0,0,0,0
16.9666328,-18.2461033,0,0.86,-0.86,3,0.109592332,-3.17081677,0,0,216.327244,0,0.328776995,0,0,0,0,0,0,0,0,0
16.8666592,-18.2484779,0,0.86,-0.86,3,0.109592332,-3.15985773,0,0,216.427245,0,0.328776995,0,0,0,0,0,0,0,0,0
16.7666664,-18.2497559,0,0.86,-0.86,3,0.109592332,-3.14889868,0,0,216.527246,0,0.328776995,0,0,0,0,0,0,0,0,0
16.666666,-18.249939,0,0.86,-0.86,3,0.109592332,-3.13793964,0,0,216.627246,0,0.328776995,0,0,0,0,0,0,0,0,0
16.5666695,-18.2490253,0,0.86,-0.86,3,0.109592332,-3.12698059,0,0,216.727247,0,0.328776995,0,0,0,0,0,0,0,0,0
16.4666901,-18.2470169,0,0.86,-0.86,3,0.109592332,-3.11602155,0,0,216.827248,0,0.328776995,0,0,0,0,0,0,0,0,0
16.3667374,-18.2439117,0,0.86,-0.86,3,0.109592332,-3.10506251,0,0,216.927249,0,0.328776995,0,0,0,0,0,0,0,0,0
16.2668247,-18.2397118,0,0.86,-0.86,3,0.109592332,-3.09410346,0,0,217.027249,0,0.328776995,0,0,0,0,0,0,0,0,0
16.1669636,-18.2344189,0,0.86,-0.86,3,0.109592332,-3.08314442,0,0,217.12725,0,0.328776995,0,0,0,0,0,0,0,0,0
16.0671673,-18.2280293,0,0.86,-0.86,3,0.109592332,-3.07218537,0,0,217.227251,0,0.328776995,0,0,0,0,0,0,0,0,0
15.9674463,-18.2205486,0,0.86,-0.86,3,0.109592332,-3.06122633,0,0,217.327252,0,0.328776995,0,0,0,0,0,0,0,0,0
15.8678141,-18.2119732,0,0.86,-0.86,3,0.109592332,-3.05026729,0,0,217.427253,0,0.328776995,0,0,0,0,0,0,0,0,0
15.768281,-18.2023087,0,0.86,-0.86,3,0.109592332,-3.03930824,0,0,217.527253,0,0.328776995,0,0,0,0,0,0,0,0,0
15.6688604,-18.1915531,0,0.86,-0.86,3,0.109592332,-3.0283492,0,0,217.627254,0,0.328776995,0,0,0,0,0,0,0,0,0
15.5695639,-18.1797085,0,0.86,-0.86,3,0.109592332,-3.01739015,0,0,217.727255,0,0.328776995,0,0,0,0,0,0,0,0,0
15.4704027,-18.1667767,0,0.86,-0.86,3,0.109592332,-3.00643111,0,0,217.827256,0,0.328776995,0,0,0,0,0,0,0,0,0
15.3713894,-18.1527576,0,0.86,-0.86,3,0.109592332,-2.99547207,0,0,217.927256,0,0.328776995,0,0,0,0,0,0,0,0,0
15.2725353,-18.1376553,0,0.86,-0.86,3,0.109592332,-2.98451302,0,0,218.027257,0,0.328776995,0,0,0,0,0,0,0,0,0
15.1738529,-18.1214714,0,0.86,-0.86,3,0.109592332,-2.97355398,0,0,218.127258,0,0.328776995,0,0,0,0,0,0,0,0,0
15.0753536,-18.1042061,0,0.86,-0.86,3,0.109592332,-2.96259493,0,0,218.227259,0,0.328776995,0,0,0,0,0,0,0,0,0
14.9770498,-18.0858631,0,0.86,-0.86,3,0.109592332,-2.95163589,0,0,218.32726,0,0.328776995,0,0,0,0,0,0,0,0,0
14.878953,-18.0664444,0,0.86,-0.86,3,0.109592332,-2.94067684,0,0,218.42726,0,0.328776995,0,0,0,0,0,0,0,0,0
14.7810745,-18.0459499,0,0.86,-0.86,3,0.109592332,-2.9297178,0,0,218.527261,0,0.328776995,0,0,0,0,0,0,0,0,0
14.6834269,-18.0243855,0,0.86,-0.86,3,0.109592332,-2.91875876,0,0,218.627262,0,0.328776995,0,0,0,0,0,0,0,0,0
14.5860214,-18.0017509,0,0.86,-0.86,3,0.109592332,-2.90779971,0,0,218.727263,0,0.328776995,0,0,0,0,0,0,0,0,0
14.4888687,-17.9780521,0,0.86,-0.86,3,0.109592332,-2.89684067,0,0,218.827263,0,0.328776995,0,0,0,0,0,0,0,0,0
14.391983,-17.953289,0,0.86,-0.86,3,0.109592332,-2.88588162,0,0,218.927264,0,0.328776995,0,0,0,0,0,0,0,0,0
14.2953739,-17.9274654,0,0.86,-0.86,3,0.109592332,-2.87492258,0,0,219.027265,0,0.328776995,0,0,0,0,0,0,0,0,0
14.1990538,-17.9005852,0,0.86,-0.86,3,0.109592332,-2.86396354,0,0,219.127266,0,0.328776995,0,0,0,0,0,0,0,0,0
14.103034,-17.8726501,0,0.86,-0.86,3,0.109592332,-2.85300449,0,0,219.227267,0,0.328776995,0,0,0,0,0,0,0,0,0
14.0073252,-17.8436661,0,0.86,-0.86,3,0.109592332,-2.84204545,0,0,219.327267,0,0.328776995,0,0,0,0,0,0,0,0,0
13.9119406,-17.813633,0,0.86,-0.86,3,0.109592332,-2.8310864,0,0,219.427268,0,0.328776995,0,0,0,0,0,0,0,0,0
13.8168907,-17.7825584,0,0.86,-0.86,3,0.109592332,-2.82012736,0,0,219.527269,0,0.328776995,0,0,0,0,0,0,0,0,0
13.722188,-17.7504425,0,0.86,-0.86,3,0.109592332,-2.80916831,0,0,219.62727,0,0.328776995,0,0,0,0,0,0,0,0,0
13.6278419,-17.7172909,0,0.86,-0.86,3,0.109592332,-2.79820927,0,0,219.72727,0,0.328776995,0,0,0,0,0,0,0,0,0
13.533865,-17.6831074,0,0.86,-0.86,3,0.109592332,-2.78725023,0,0,219.827271,0,0.328776995,0,0,0,0,0,0,0,0,0
13.4402685,-17.6478977,0,0.86,-0.86,3,0.109592332,-2.77629118,0,0,219.927272,0,0.328776995,0,0,0,0,0,0,0,0,0
13.3470631,-17.6116619,0,0.86,-0.86,3,0.109592332,-2.76533214,0,0,220.027273,0,0.328776995,0,0,0,0,0,0,0,0,0
13.2542601,-17.5744076,0,0.86,-0.86,3,0.109592332,-2.75437309,0,0,220.127274,0,0.328776995,0,0,0,0,0,0,0,0,0
13.1618719,-17.5361404,0,0.86,-0.86,3,0.109592332,-2.74341405,0,0,220.227274,0,0.328776995,0,0,0,0,0,0,0,0,0
13.0699081,-17.4968605,0,0.86,-0.86,3,0.109592332,-2.73245501,0,0,220.327275,0,0.328776995,0,0,0,0,0,0,0,0,0
12.9783802,-17.4565773,0,0.86,-0.86,3,0.109592332,-2.72149596,0,0,220.427276,0,0.328776995,0,0,0,0,0,0,0,0,0
12.8872995,-17.4152927,0,0.86,-0.86,3,0.109592332,-2.71053692,0,0,220.527277,0,0.328776995,0,0,0,0,0,0,0,0,0
12.7966766,-17.3730106,0,0.86,-0.86,3,0.109592332,-2.69957787,0,0,220.627277,0,0.328776995,0,0,0,0,0,0,0,0,0
12.706522,-17.3297405,0,0.86,-0.86,3,0.109592332,-2.68861883,0,0,220.727278,0,0.328776995,0,0,0,0,0,0,0,0,0
12.616848,-17.2854843,0,0.86,-0.86,3,0.109592332,-2.67765978,0,0,220.827279,0,0.328776995,0,0,0,0,0,0,0,0,0
12.5276642,-17.2402477,0,0.86,-0.86,3,0.109592332,-2.66670074,0,0,220.92728,0,0.328776995,0,0,0,0,0,0,0,0,0
12.4389811,-17.1940365,0,0.86,-0.86,3,0.109592332,-2.6557417,0,0,221.027281,0,0.328776995,0,0,0,0,0,0,0,0,0
12.3508091,-17.1468563,0,0.86,-0.86,3,0.109592332,-2.64478265,0,0,221.127281,0,0.328776995,0,0,0,0,0,0,0,0,0
12.2631607,-17.098711,0,0.86,-0.86,3,0.109592332,-2.63382361,0,0,221.227282,0,0.328776995,0,0,0,0,0,0,0,0,0
12.1760445,-17.0496101,0,0.86,-0.86,3,0.109592332,-2.62286456,0,0,221.327283,0,0.328776995,0,0,0,0,0,0,0,0,0
12.0894718,-16.9995575,0,0.86,-0.86,3,0.109592332,-2.61190552,0,0,221.427284,0,0.328776995,0,0,0,0,0,0,0,0,0
12.0034523,-16.9485588,0,0.86,-0.86,3,0.109592332,-2.60094648,0,0,221.527284,0,0.328776995,0,0,0,0,0,0,0,0,0
11.9179974,-16.8966198,0,0.86,-0.86,3,0.109592332,-2.58998743,0,0,221.627285,0,0.328776995,0,0,0,0,0,0,0,0,0
11.8331175,-16.8437481,0,0.86,-0.86,3,0.109592332,-2.57902839,0,0,221.727286,0,0.328776995,0,0,0,0,0,0,0,0,0
11.7488213,-16.7899494,0,0.86,-0.86,3,0.109592332,-2.56806934,0,0,221.827287,0,0.328776995,0,0,0,0,0,0,0,0,0
11.6651192,-16.7352295,0,0.86,-0.86,3,0.109592332,-2.5571103,0,0,221.927288,0,0.328776995,0,0,0,0,0,0,0,0,0
11.5820227,-16.6795959,0,0.86,-0.86,3,0.109592332,-2.54615126,0,0,222.027288,0,0.328776995,0,0,0,0,0,0,0,0,0
11.4995403,-16.6230564,0,0.86,-0.86,3,0.109592332,-2.53519221,0,0,222.127289,0,0.328776995,0,0,0,0,0,0,0,0,0
11.4176826,-16.5656147,0,0.86,-0.86,3,0.109592332,-2.52423317,0,0,222.22729,0,0.328776995,0,0,0,0,0,0,0,0,0
11.3364592,-16.5072803,0,0.86,-0.86,3,0.109592332,-2.51327412,0,0,222.327291,0,0.328776995,0,0,0,0,0,0,0,0,0
11.2558804,-16.4480591,0,0.86,-0.86,3,0.109592332,-2.50231508,0,0,222.427291,0,0.328776995,0,0,0,0,0,0,0,0,0
11.1759558,-16.3879585,0,0.86,-0.86,3,0.109592332,-2.49135603,0,0,222.527292,0,0.328776995,0,0,0,0,0,0,0,0,0
11.096694,-16.3269844,0,0.86,-0.86,3,0.109592332,-2.48039699,0,0,222.627293,0,0.328776995,0,0,0,0,0,0,0,0,0
11.0181046,-16.2651463,0,0.86,-0.86,3,0.109592332,-2.46943795,0,0,222.727294,0,0.328776995,0,0,0,0,0,0,0,0,0
10.9401979,-16.2024517,0,0.86,-0.86,3,0.109592332,-2.4584789,0,0,222.827295,0,0.328776995,0,0,0,0,0,0,0,0,0
10.8629837,-16.1389046,0,0.86,-0.86,3,0.109592332,-2.44751986,0,0,222.927295,0,0.328776995,0,0,0,0,0,0,0,0,0
10.7864704,-16.0745163,0,0.86,-0.86,3,0.109592332,-2.43656081,0,0,223.027296,0,0.328776995,0,0,0,0,0,0,0,0,0
10.7106667,-16.0092945,0,0.86,-0.86,3,0.109592332,-2.42560177,0,0,223.127297,0,0.328776995,0,0,0,0,0,0,0,0,0
10.6355829,-15.9432449,0,0.86,-0.86,3,0.109592332,-2.41464273,0,0,223.227298,0,0.328776995,0,0,0,0,0,0,0,0,0
10.5612268,-15.8763771,0,0.86,-0.86,3,0.109592332,-2.40368368,0,0,223.327298,0,0.328776995,0,0,0,0,0,0,0,0,0
10.487608,-15.8086977,0,0.86,-0.86,3,0.109592332,-2.39272464,0,0,223.427299,0,0.328776995,0,0,0,0,0,0,0,0,0
10.4147358,-15.7402153,0,0.86,-0.86,3,0.109592332,-2.38176559,0,0,223.5273,0,0.328776995,0,0,0,0,0,0,0,0,0
10.342618,-15.6709394,0,0.86,-0.86,3,0.109592332,-2.37080655,0,0,223.627301,0,0.328776995,0,0,0,0,0,0,0,0,0
10.2712641,-15.6008768,0,0.86,-0.86,3,0.109592332,-2.3598475,0,0,223.727302,0,0.328776995,0,0,0,0,0,0,0,0,0
10.2006826,-15.5300369,0,0.86,-0.86,3,0.109592332,-2.34888846,0,0,223.827302,0,0.328776995,0,0,0,0,0,0,0,0,0
10.1308804,-15.4584274,0,0.86,-0.86,3,0.109592332,-2.33792942,0,0,223.927303,0,0.328776995,0,0,0,0,0,0,0,0,0
10.0618687,-15.3860569,0,0.86,-0.86,3,0.109592332,-2.32697037,0,0,224.027304,0,0.328776995,0,0,0,0,0,0,0,0,0
9.9936533,-15.3129349,0,0.86,-0.86,3,0.109592332,-2.31601133,0,0,224.127305,0,0.328776995,0,0,0,0,0,0,0,0,0
9.92624378,-15.2390699,0,0.86,-0.86,3,0.109592332,-2.30505228,0,0,224.227305,0,0.328776995,0,0,0,0,0,0,0,0,0
9.8596468,-15.1644697,0,0.86,-0.86,3,0.109592332,-2.29409324,0,0,224.327306,0,0.328776995,0,0,0,0,0,0,0,0,0
9.79387283,-15.0891447,0,0.86,-0.86,3,0.109592332,-2.2831342,0,0,224.427307,0,0.328776995,0,0,0,0,0,0,0,0,0
9.72892666,-15.0131035,0,0.86,-0.86,3,0.109592332,-2.27217515,0,0,224.527308,0,0.328776995,0,0,0,0,0,0,0,0,0
9.66481876,-14.9363556,0,0.86,-0.86,3,0.109592332,-2.26121611,0,0,224.627309,0,0.328776995,0,0,0,0,0,0,0,0,0
9.60155582,-14.8589096,0,0.86,-0.86,3,0.109592332,-2.25025706,0,0,224.727309,0,0.328776995,0,0,0,0,0,0,0,0,0
9.53914547,-14.7807741,0,0.86,-0.86,3,0.109592332,-2.23929802,0,0,224.82731,0,0.328776995,0,0,0,0,0,0,0,0,0
9.47759438,-14.7019606,0,0.86,-0.86,3,0.109592332,-2.22833898,0,0,224.927311,0,0.328776995,0,0,0,0,0,0,0,0,0
9.41691113,-14.6224766,0,0.86,-0.86,3,0.109592332,-2.21737993,0,0,225.027312,0,0.328776995,0,0,0,0,0,0,0,0,0
9.35710239,-14.5423317,0,0.86,-0.86,3,0.109592332,-2.20642089,0,0,225.127312,0,0.328776995,0,0,0,0,0,0,0,0,0
9.29817581,-14.4615374,0,0.86,-0.86,3,0.109592332,-2.19546184,0,0,225.227313,0,0.328776995,0,0,0,0,0,0,0,0,0
9.24013805,-14.3801012,0,0.86,-0.86,3,0.109592332,-2.1845028,0,0,225.327314,0,0.328776995,0,0,0,0,0,0,0,0,0
9.18299675,-14.2980347,0,0.86,-0.86,3,0.109592332,-2.17354375,0,0,225.427315,0,0.328776995,0,0,0,0,0,0,0,0,0
9.12675762,-14.2153463,0,0.86,-0.86,3,0.109592332,-2.16258471,0,0,225.527316,0,0.328776995,0,0,0,0,0,0,0,0,0
9.0714283,-14.1320467,0,0.86,-0.86,3,0.109592332,-2.15162567,0,0,225.627316,0,0.328776995,0,0,0,0,0,0,0,0,0
9.01701546,-14.0481462,0,0.86,-0.86,3,0.109592332,-2.14066662,0,0,225.727317,0,0.328776995,0,0,0,0,0,0,0,0,0
8.96352482,-13.9636536,0,0.86,-0.86,3,0.109592332,-2.12970758,0,0,225.827318,0,0.328776995,0,0,0,0,0,0,0,0,0
8.91096306,-13.878581,0,0.86,-0.86,3,0.109592332,-2.11874853,0,0,225.927319,0,0.328776995,0,0,0,0,0,0,0,0,0
8.85933685,-13.7929363,0,0.86,-0.86,3,0.109592332,-2.10778949,0,0,226.027319,0,0.328776995,0,0,0,0,0,0,0,0,0
8.80865288,-13.7067318,0,0.86,-0.86,3,0.109592332,-2.09683045,0,0,226.12732,0,0.328776995,0,0,0,0,0,0,0,0,0
8.7589159,-13.619977,0,0.86,-0.86,3,0.109592332,-2.0858714,0,0,226.227321,0,0.328776995,0,0,0,0,0,0,0,0,0
8.71013355,-13.5326815,0,0.86,-0.86,3,0.109592332,-2.07491236,0,0,226.327322,0,0.328776995,0,0,0,0,0,0,0,0,0
8.6623106,-13.4448576,0,0.86,-0.86,3,0.109592332,-2.06395331,0,0,226.427323,0,0.328776995,0,0,0,0,0,0,0,0,0
8.61545277,-13.3565149,0,0.86,-0.86,3,0.109592332,-2.05299427,0,0,226.527323,0,0.328776995,0,0,0,0,0,0,0,0,0
8.56956577,-13.267663,0,0.86,-0.86,3,0.109592332,-2.04203522,0,0,226.627324,0,0.328776995,0,0,0,0,0,0,0,0,0
8.52465534,-13.1783142,0,0.86,-0.86,3,0.109592332,-2.03107618,0,0,226.727325,0,0.328776995,0,0,0,0,0,0,0,0,0
8.48072624,-13.088479,0,0.86,-0.86,3,0.109592332,-2.02011714,0,0,226.827326,0,0.328776995,0,0,0,0,0,0,0,0,0
8.43778515,-12.998167,0,0.86,-0.86,3,0.109592332,-2.00915809,0,0,226.927326,0,0.328776995,0,0,0,0,0,0,0,0,0
8.39583588,-12.9073906,0,0.86,-0.86,3,0.109592332,-1.99819905,0,0,227.027327,0,0.328776995,0,0,0,0,0,0,0,0,0
8.35488415,-12.8161592,0,0.86,-0.86,3,0.109592332,-1.98724,0,0,227.127328,0,0.328776995,0,0,0,0,0,0,0,0,0
8.31493378,-12.7244854,0,0.86,-0.86,3,0.109592332,-1.97628096,0,0,227.227329,0,0.328776995,0,0,0,0,0,0,0,0,0
8.27599144,-12.6323786,0,0.86,-0.86,3,0.109592332,-1.96532192,0,0,227.32733,0,0.328776995,0,0,0,0,0,0,0,0,0
8.23806095,-12.5398512,0,0.86,-0.86,3,0.109592332,-1.95436287,0,0,227.42733,0,0.328776995,0,0,0,0,0,0,0,0,0
8.20114613,-12.4469128,0,0.86,-0.86,3,0.109592332,-1.94340383,0,0,227.527331,0,0.328776995,0,0,0,0,0,0,0,0,0
8.16525173,-12.3535757,0,0.86,-0.86,3,0.109592332,-1.93244478,0,0,227.627332,0,0.328776995,0,0,0,0,0,0,0,0,0
8.13038349,-12.2598515,0,0.86,-0.86,3,0.109592332,-1.92148574,0,0,227.727333,0,0.328776995,0,0,0,0,0,0,0,0,0
8.09654331,-12.1657505,0,0.86,-0.86,3,0.109592332,-1.9105267,0,0,227.827333,0,0.328776995,0,0,0,0,0,0,0,0,0
8.06373692,-12.0712833,0,0.86,-0.86,3,0.109592332,-1.89956765,0,0,227.927334,0,0.328776995,0,0,0,0,0,0,0,0,0
8.03196812,-11.9764633,0,0.86,-0.86,3,0.109592332,-1.88860861,0,0,228.027335,0,0.328776995,0,0,0,0,0,0,0,0,0
8.00123978,-11.8813009,0,0.86,-0.86,3,0.109592332,-1.87764956,0,0,228.127336,0,0.328776995,0,0,0,0,0,0,0,0,0
7.97155619,-11.7858067,0,0.86,-0.86,3,0.109592332,-1.86669052,0,0,228.227337,0,0.328776995,0,0,0,0,0,0,0,0,0
7.94292116,-11.6899939,0,0.86,-0.86,3,0.109592332,-1.85573147,0,0,228.327337,0,0.328776995,0,0,0,0,0,0,0,0,0
7.91533756,-11.5938721,0,0.86,-0.86,3,0.109592332,-1.84477243,0,0,228.427338,0,0.328776995,0,0,0,0,0,0,0,0,0
7.8888092,-11.4974546,0,0.86,-0.86,3,0.109592332,-1.83381339,0,0,228.527339,0,0.328776995,0,0,0,0,0,0,0,0,0
7.86333895,-11.4007521,0,0.86,-0.86,3,0.109592332,-1.82285434,0,0,228.62734,0,0.328776995,0,0,0,0,0,0,0,0,0
7.83893013,-11.3037758,0,0.86,-0.86,3,0.109592332,-1.8118953,0,0,228.72734,0,0.328776995,0,0,0,0,0,0,0,0,0
7.81558514,-11.2065382,0,0.86,-0.86,3,0.109592332,-1.80093625,0,0,228.827341,0,0.328776995,0,0,0,0,0,0,0,0,0
7.79330778,-11.1090508,0,0.86,-0.86,3,0.109592332,-1.78997721,0,0,228.927342,0,0.328776995,0,0,0,0,0,0,0,0,0
7.77209949,-11.0113239,0,0.86,-0.86,3,0.109592332,-1.77901817,0,0,229.027343,0,0.328776995,0,0,0,0,0,0,0,0,0
7.75196362,-10.913372,0,0.86,-0.86,3,0.109592332,-1.76805912,0,0,229.127344,0,0.328776995,0,0,0,0,0,0,0,0,0
7.73290253,-10.8152046,0,0.86,-0.86,3,0.109592332,-1.75710008,0,0,229.227344,0,0.328776995,0,0,0,0,0,0,0,0,0
7.71491861,-10.7168341,0,0.86,-0.86,3,0.109592332,-1.74614103,0,0,229.327345,0,0.328776995,0,0,0,0,0,0,0,0,0
7.69801331,-10.6182728,0,0.86,-0.86,3,0.109592332,-1.73518199,0,0,229.427346,0,0.328776995,0,0,0,0,0,0,0,0,0
7.68218946,-10.5195312,0,0.86,-0.86,3,0.109592332,-1.72422294,0,0,229.527347,0,0.328776995,0,0,0,0,0,0,0,0,0
7.66744852,-10.4206238,0,0.86,-0.86,3,0.109592332,-1.7132639,0,0,229.627347,0,0.328776995,0,0,0,0,0,0,0,0,0
7.65379238,-10.321559,0,0.86,-0.86,3,0.109592332,-1.70230486,0,0,229.727348,0,0.328776995,0,0,0,0,0,0,0,0,0
7.64122295,-10.222352,0,0.86,-0.86,3,0.109592332,-1.69134581,0,0,229.827349,0,0.328776995,0,0,0,0,0,0,0,0,0
7.62974119,-10.1230125,0,0.86,-0.86,3,0.109592332,-1.68038677,0,0,229.92735,0,0.328776995,0,0,0,0,0,0,0,0,0
7.61934853,-10.0235529,0,0.86,-0.86,3,0.109592332,-1.66942772,0,0,230.027351,0,0.328776995,0,0,0,0,0,0,0,0,0
7.61004686,-9.92398548,0,0.86,-0.86,3,0.109592332,-1.65846868,0,0,230.127351,0,0.328776995,0,0,0,0,0,0,0,0,0
7.60183668,-9.8243227,0,0.86,-0.86,3,0.109592332,-1.64750964,0,0,230.227352,0,0.328776995,0,0,0,0,0,0,0,0,0
7.59471941,-9.72457504,0,0.86,-0.86,3,0.109592332,-1.63655059,0,0,230.327353,0,0.328776995,0,0,0,0,0,0,0,0,0
7.58869553,-9.62475586,0,0.86,-0.86,3,0.109592332,-1.62559155,0,0,230.427354,0,0.328776995,0,0,0,0,0,0,0,0,0
7.58376598,-9.52487659,0,0.86,-0.86,3,0.109592332,-1.6146325,0,0,230.527354,0,0.328776995,0,0,0,0,0,0,0,0,0
7.57993126,-9.42494965,0,0.86,-0.86,3,0.109592332,-1.60367346,0,0,230.627355,0,0.328776995,0,0,0,0,0,0,0,0,0
7.57719183,-9.32498646,0,0.86,-0.86,3,0.109592332,-1.59271442,0,0,230.727356,0,0.328776995,0,0,0,0,0,0,0,0,0
7.57554817,-9.22499943,0,0.86,-0.86,3,0.109592332,-1.58175537,0,0,230.827357,0,0.328776995,0,0,0,0,0,0,0,0,0
7.57499981,-9.125,0,0.86,-0.86,3,0.109592332,-1.57079633,0,0,230.927358,0,0.328776995,0,0,0,0,0,0,0,0,0
7.57554817,-9.02500057,0,0.86,-0.86,3,0.109592332,-1.55983728,0,0,231.027358,0,0.328776995,0,0,0,0,0,0,0,0,0
7.57719183,-8.92501354,0,0.86,-0.86,3,0.109592332,-1.54887824,0,0,231.127359,0,0.328776995,0,0,0,0,0,0,0,0,0
7.57993126,-8.82505035,0,0.86,-0.86,3,0.109592332,-1.53791919,0,0,231.22736,0,0.328776995,0,0,0,0,0,0,0,0,0
7.58376598,-8.72512341,0,0.86,-0.86,3,0.109592332,-1.52696015,0,0,231.327361,0,0.328776995,0,0,0,0,0,0,0,0,0
7.58869553,-8.62524414,0,0.86,-0.86,3,0.109592332,-1.51600111,0,0,231.427361,0,0.328776995,0,0,0,0,0,0,0,0,0
7.59471941,-8.52542496,0,0.86,-0.86,3,0.109592332,-1.50504206,0,0,231.527362,0,0.328776995,0,0,0,0,0,0,0,0,0
7.60183668,-8.4256773,0,0.86,-0.86,3,0.109592332,-1.49408302,0,0,231.627363,0,0.328776995,0,0,0,0,0,0,0,0,0
7.61004686,-8.32601452,0,0.86,-0.86,3,0.109592332,-1.48312397,0,0,231.727364,0,0.328776995,0,0,0,0,0,0,0,0,0
7.61934853,-8.22644711,0,0.86,-0.86,3,0.109592332,-1.47216493,0,0,231.827365,0,0.328776995,0,0,0,0,0,0,0,0,0
7.62974119,-8.12698746,0,0.86,-0.86,3,0.109592332,-1.46120589,0,0,231.927365,0,0.328776995,0,0,0,0,0,0,0,0,0
7.64122295,-8.02764797,0,0.86,-0.86,3,0.109592332,-1.45024684,0,0,232.027366,0,0.328776995,0,0,0,0,0,0,0,0,0
7.65379238,-7.92844057,0,0.86,-0.86,3,0.109592332,-1.4392878,0,0,232.127367,0,0.328776995,0,0,0,0,0,0,0,0,0
7.66744852,-7.8293767,0,0.86,-0.86,3,0.109592332,-1.42832875,0,0,232.227368,0,0.328776995,0,0,0,0,0,0,0,0,0
7.68218946,-7.73046827,0,0.86,-0.86,3,0.109592332,-1.41736971,0,0,232.327368,0,0.328776995,0,0,0,0,0,0,0,0,0
7.69801331,-7.6317277,0,0.86,-0.86,3,0.109592332,-1.40641066,0,0,232.427369,0,0.328776995,0,0,0,0,0,0,0,0,0
7.71491861,-7.53316593,0,0.86,-0.86,3,0.109592332,-1.39545162,0,0,232.52737,0,0.328776995,0,0,0,0,0,0,0,0,0
7.73290253,-7.43479538,0,0.86,-0.86,3,0.109592332,-1.38449258,0,0,232.627371,0,0.328776995,0,0,0,0,0,0,0,0,0
7.75196362,-7.33662844,0,0.86,-0.86,3,0.109592332,-1.37353353,0,0,232.727371,0,0.328776995,0,0,0,0,0,0,0,0,0
7.77209949,-7.23867559,0,0.86,-0.86,3,0.109592332,-1.36257449,0,0,232.827372,0,0.328776995,0,0,0,0,0,0,0,0,0
7.79330778,-7.14094973,0,0.86,-0.86,3,0.109592332,-1.35161544,0,0,232.927373,0,0.328776995,0,0,0,0,0,0,0,0,0
7.81558514,-7.0434618,0,0.86,-0.86,3,0.109592332,-1.3406564,0,0,233.027374,0,0.328776995,0,0,0,0,0,0,0,0,0
7.83893013,-6.94622421,0,0.86,-0.86,3,0.109592332,-1.32969736,0,0,233.127375,0,0.328776995,0,0,0,0,0,0,0,0,0
7.86333895,-6.84924793,0,0.86,-0.86,3,0.109592332,-1.31873831,0,0,233.227375,0,0.328776995,0,0,0,0,0,0,0,0,0
7.8888092,-6.75254536,0,0.86,-0.86,3,0.109592332,-1.30777927,0,0,233.327376,0,0.328776995,0,0,0,0,0,0,0,0,0
7.91533756,-6.65612745,0,0.86,-0.86,3,0.109592332,-1.29682022,0,0,233.427377,0,0.328776995,0,0,0,0,0,0,0,0,0
7.94292116,-6.56000614,0,0.86,-0.86,3,0.109592332,-1.28586118,0,0,233.527378,0,0.328776995,0,0,0,0,0,0,0,0,0
7.97155619,-6.46419287,0,0.86,-0.86,3,0.109592332,-1.27490214,0,0,233.627378,0,0.328776995,0,0,0,0,0,0,0,0,0
8.00123978,-6.36869907,0,0.86,-0.86,3,0.109592332,-1.26394309,0,0,233.727379,0,0.328776995,0,0,0,0,0,0,0,0,0
8.03196812,-6.27353668,0,0.86,-0.86,3,0.109592332,-1.25298405,0,0,233.82738,0,0.328776995,0,0,0,0,0,0,0,0,0
8.06373692,-6.17871618,0,0.86,-0.86,3,0.109592332,-1.242025,0,0,233.927381,0,0.328776995,0,0,0,0,0,0,0,0,0
8.09654331,-6.08424997,0,0.86,-0.86,3,0.109592332,-1.23106596,0,0,234.027382,0,0.328776995,0,0,0,0,0,0,0,0,0
8.13038349,-5.99014854,0,0.86,-0.86,3,0.109592332,-1.22010691,0,0,234.127382,0,0.328776995,0,0,0,0,0,0,0,0,0
8.16525173,-5.89642429,0,0.86,-0.86,3,0.109592332,-1.20914787,0,0,234.227383,0,0.328776995,0,0,0,0,0,0,0,0,0
8.20114613,-5.80308723,0,0.86,-0.86,3,0.109592332,-1.19818883,0,0,234.327384,0,0.328776995,0,0,0,0,0,0,0,0,0
8.23806095,-5.71014929,0,0.86,-0.86,3,0.109592332,-1.18722978,0,0,234.427385,0,0.328776995,0,0,0,0,0,0,0,0,0
8.27599144,-5.61762142,0,0.86,-0.86,3,0.109592332,-1.17627074,0,0,234.527385,0,0.328776995,0,0,0,0,0,0,0,0,0
8.31493378,-5.5255146,0,0.86,-0.86,3,0.109592332,-1.16531169,0,0,234.627386,0,0.328776995,0,0,0,0,0,0,0,0,0
8.35488415,-5.43384027,0,0.86,-0.86,3,0.109592332,-1.15435265,0,0,234.727387,0,0.328776995,0,0,0,0,0,0,0,0,0
8.39583588,-5.34260941,0,0.86,-0.86,3,0.109592332,-1.14339361,0,0,234.827388,0,0.328776995,0,0,0,0,0,0,0,0,0
8.43778515,-5.25183249,0,0.86,-0.86,3,0.109592332,-1.13243456,0,0,234.927389,0,0.328776995,0,0,0,0,0,0,0,0,0
8.48072624,-5.16152096,0,0.86,-0.86,3,0.109592332,-1.12147552,0,0,235.027389,0,0.328776995,0,0,0,0,0,0,0,0,0
8.52465534,-5.07168531,0,0.86,-0.86,3,0.109592332,-1.11051647,0,0,235.12739,0,0.328776995,0,0,0,0,0,0,0,0,0
8.56956577,-4.98233652,0,0.86,-0.86,3,0.109592332,-1.09955743,0,0,235.227391,0,0.328776995,0,0,0,0,0,0,0,0,0
8.61545277,-4.89348555,0,0.86,-0.86,3,0.109592332,-1.08859838,0,0,235.327392,0,0.328776995,0,0,0,0,0,0,0,0,0
8.6623106,-4.8051424,0,0.86,-0.86,3,0.109592332,-1.07763934,0,0,235.427392,0,0.328776995,0,0,0,0,0,0,0,0,0
8.71013355,-4.71731806,0,0.86,-0.86,3,0.109592332,-1.0666803,0,0,235.527393,0,0.328776995,0,0,0,0,0,0,0,0,0
8.7589159,-4.63002348,0,0.86,-0.86,3,0.109592332,-1.05572125,0,0,235.627394,0,0.328776995,0,0,0,0,0,0,0,0,0
8.80865288,-4.5432682,0,0.86,-0.86,3,0.109592332,-1.04476221,0,0,235.727395,0,0.328776995,0,0,0,0,0,0,0,0,0
8.85933685,-4.45706367,0,0.86,-0.86,3,0.109592332,-1.03380316,0,0,235.827396,0,0.328776995,0,0,0,0,0,0,0,0,0
8.91096306,-4.37141943,0,0.86,-0.86,3,0.109592332,-1.02284412,0,0,235.927396,0,0.328776995,0,0,0,0,0,0,0,0,0
8.96352482,-4.28634596,0,0.86,-0.86,3,0.109592332,-1.01188508,0,0,236.027397,0,0.328776995,0,0,0,0,0,0,0,0,0
9.01701546,-4.20185423,0,0.86,-0.86,3,0.109592332,-1.00092603,0,0,236.127398,0,0.328776995,0,0,0,0,0,0,0,0,0
9.0714283,-4.1179533,0,0.86,-0.86,3,0.109592332,-0.989966987,0,0,236.227399,0,0.328776995,0,0,0,0,0,0,0,0,0
9.12675762,-4.03465366,0,0.86,-0.86,3,0.109592332,-0.979007943,0,0,236.327399,0,0.328776995,0,0,0,0,0,0,0,0,0
9.18299675,-3.95196557,0,0.86,-0.86,3,0.109592332,-0.968048899,0,0,236.4274,0,0.328776995,0,0,0,0,0,0,0,0,0
9.24013805,-3.86989856,0,0.86,-0.86,3,0.109592332,-0.957089855,0,0,236.527401,0,0.328776995,0,0,0,0,0,0,0,0,0
9.29817581,-3.78846288,0,0.86,-0.86,3,0.109592332,-0.946130811,0,0,236.627402,0,0.328776995,0,0,0,0,0,0,0,0,0
9.35710239,-3.70766807,0,0.86,-0.86,3,0.109592332,-0.935171767,0,0,236.727403,0,0.328776995,0,0,0,0,0,0,0,0,0
9.41691113,-3.6275239,0,0.86,-0.86,3,0.109592332,-0.924212723,0,0,236.827403,0,0.328776995,0,0,0,0,0,0,0,0,0
9.47759438,-3.54803991,0,0.86,-0.86,3,0.109592332,-0.913253678,0,0,236.927404,0,0.328776995,0,0,0,0,0,0,0,0,0
9.53914547,-3.46922565,0,0.86,-0.86,3,0.109592332,-0.902294634,0,0,237.027405,0,0.328776995,0,0,0,0,0,0,0,0,0
9.60155582,-3.39109087,0,0.86,-0.86,3,0.109592332,-0.89133559,0,0,237.127406,0,0.328776995,0,0,0,0,0,0,0,0,0
9.66481876,-3.31364441,0,0.86,-0.86,3,0.109592332,-0.880376546,0,0,237.227406,0,0.328776995,0,0,0,0,0,0,0,0,0
9.72892666,-3.23689604,0,0.86,-0.86,3,0.109592332,-0.869417502,0,0,237.327407,0,0.328776995,0,0,0,0,0,0,0,0,0
9.79387283,-3.16085482,0,0.86,-0.86,3,0.109592332,-0.858458458,0,0,237.427408,0,0.328776995,0,0,0,0,0,0,0,0,0
9.8596468,-3.08553004,0,0.86,-0.86,3,0.109592332,-0.847499414,0,0,237.527409,0,0.328776995,0,0,0,0,0,0,0,0,0
9.92624378,-3.01093054,0,0.86,-0.86,3,0.109592332,-0.836540369,0,0,237.62741,0,0.328776995,0,0,0,0,0,0,0,0,0
9.9936533,-2.93706512,0,0.86,-0.86,3,0.109592332,-0.825581325,0,0,237.72741,0,0.328776995,0,0,0,0,0,0,0,0,0
10.0618687,-2.8639431,0,0.86,-0.86,3,0.109592332,-0.814622281,0,0,237.827411,0,0.328776995,0,0,0,0,0,0,0,0,0
10.1308804,-2.79157305,0,0.86,-0.86,3,0.109592332,-0.803663237,0,0,237.927412,0,0.328776995,0,0,0,0,0,0,0,0,0
10.2006826,-2.71996355,0,0.86,-0.86,3,0.109592332,-0.792704193,0,0,238.027413,0,0.328776995,0,0,0,0,0,0,0,0,0
10.2712641,-2.64912319,0,0.86,-0.86,3,0.109592332,-0.781745149,0,0,238.127413,0,0.328776995,0,0,0,0,0,0,0,0,0
10.342618,-2.57906079,0,0.86,-0.86,3,0.109592332,-0.770786105,0,0,238.227414,0,0.328776995,0,0,0,0,0,0,0,0,0
10.4147358,-2.50978422,0,0.86,-0.86,3,0.109592332,-0.75982706,0,0,238.327415,0,0.328776995,0,0,0,0,0,0,0,0,0
10.487608,-2.44130254,0,0.86,-0.86,3,0.109592332,-0.748868016,0,0,238.427416,0,0.328776995,0,0,0,0,0,0,0,0,0
10.5612268,-2.37362337,0,0.86,-0.86,3,0.109592332,-0.737908972,0,0,238.527417,0,0.328776995,0,0,0,0,0,0,0,0,0
10.6355829,-2.30675507,0,0.86,-0.86,3,0.109592332,-0.726949928,0,0,238.627417,0,0.328776995,0,0,0,0,0,0,0,0,0
10.7106667,-2.24070549,0,0.86,-0.86,3,0.109592332,-0.715990884,0,0,238.727418,0,0.328776995,0,0,0,0,0,0,0,0,0
10.7864704,-2.17548299,0,0.86,-0.86,3,0.109592332,-0.70503184,0,0,238.827419,0,0.328776995,0,0,0,0,0,0,0,0,0
10.8629837,-2.11109495,0,0.86,-0.86,3,0.109592332,-0.694072796,0,0,238.92742,0,0.328776995,0,0,0,0,0,0,0,0,0
10.9401979,-2.04754925,0,0.86,-0.86,3,0.109592332,-0.683113751,0,0,239.02742,0,0.328776995,0,0,0,0,0,0,0,0,0
11.0181046,-1.98485351,0,0.86,-0.86,3,0.109592332,-0.672154707,0,0,239.127421,0,0.328776995,0,0,0,0,0,0,0,0,0
11.096694,-1.92301536,0,0.86,-0.86,3,0.109592332,-0.661195663,0,0,239.227422,0,0.328776995,0,0,0,0,0,0,0,0,0
11.1759558,-1.86204219,0,0.86,-0.86,3,0.109592332,-0.650236619,0,0,239.327423,0,0.328776995,0,0,0,0,0,0,0,0,0
11.2558804,-1.80194128,0,0.86,-0.86,3,0.109592332,-0.639277575,0,0,239.427424,0,0.328776995,0,0,0,0,0,0,0,0,0
11.3364592,-1.74271989,0,0.86,-0.86,3,0.127879224,-0.627434644,0,0,239.527424,0,0.383637671,0,0,0,0,0,0,0,0,0
11.4174004,-1.68480814,0,0.86,-0.86,3,0.145117093,-0.613819737,0,0,239.626949,0,0.435351279,0,0,0,0,0,0,0,0,0
11.4991693,-1.62807131,0,0.86,-0.86,3,0.143409658,-0.59946254,0,0,239.726474,0,0.430228975,0,0,0,0,0,0,0,0,0
11.5817394,-1.57250714,0,0.86,-0.86,3,0.14170223,-0.585275251,0,0,239.825999,0,0.42510669,0,0,0,0,0,0,0,0,0
11.6650858,-1.51811302,0,0.86,-0.86,3,0.139994808,-0.571257869,0,0,239.925524,0,0.419984423,0,0,0,0,0,0,0,0,0
11.7491808,-1.46488523,0,0.86,-0.86,3,0.138287391,-0.557410395,0,0,240.025049,0,0.414862174,0,0,0,0,0,0,0,0,0
11.8340015,-1.41281986,0,0.86,-0.86,3,0.136579981,-0.543732828,0,0,240.124575,0,0.409739943,0,0,0,0,0,0,0,0,0
11.9195213,-1.36191225,0,0.86,-0.86,3,0.134872577,-0.53022517,0,0,240.2241,0,0.40461773,0,0,0,0,0,0,0,0,0
12.0057163,-1.31215692,0,0.86,-0.86,3,0.133165178,-0.516887419,0,0,240.323625,0,0.399495534,0,0,0,0,0,0,0,0,0
12.0925636,-1.26354837,0,0.86,-0.86,3,0.131457785,-0.503719575,0,0,240.42315,0,0.394373356,0,0,0,0,0,0,0,0,0
12.1800394,-1.21608019,0,0.86,-0.86,3,0.129750398,-0.490721639,0,0,240.522675,0,0.389251194,0,0,0,0,0,0,0,0,0
12.2681208,-1.16974533,0,0.86,-0.86,3,0.128043017,-0.477893611,0,0,240.6222,0,0.38412905,0,0,0,0,0,0,0,0,0
12.3567858,-1.12453675,0,0.86,-0.86,3,0.126335641,-0.465235491,0,0,240.721725,0,0.379006922,0,0,0,0,0,0,0,0,0
12.4460125,-1.08044648,0,0.86,-0.86,3,0.12462827,-0.452747278,0,0,240.821251,0,0.37388481,0,0,0,0,0,0,0,0,0
12.535778,-1.03746629,0,0.86,-0.86,3,0.122920905,-0.440428973,0,0,240.920776,0,0.368762715,0,0,0,0,0,0,0,0,0
12.6260633,-0.995587409,0,0.86,-0.86,3,0.121213545,-0.428280575,0,0,241.020301,0,0.363640635,0,0,0,0,0,0,0,0,0
12.7168474,-0.954800665,0,0.86,-0.86,3,0.119506191,-0.416302085,0,0,241.119826,0,0.358518572,0,0,0,0,0,0,0,0,0
12.8081102,-0.915096521,0,0.86,-0.86,3,0.117798841,-0.404493503,0,0,241.219352,0,0.353396523,0,0,0,0,0,0,0,0,0
12.8998318,-0.876465023,0,0.86,-0.86,3,0.116091497,-0.392854828,0,0,241.318877,0,0.348274491,0,0,0,0,0,0,0,0,0
12.9919939,-0.838895798,0,0.86,-0.86,3,0.114384158,-0.381386061,0,0,241.418402,0,0.343152473,0,0,0,0,0,0,0,0,0
13.0845776,-0.802378118,0,0.86,-0.86,3,0.112676823,-0.370087202,0,0,241.517928,0,0.33803047,0,0,0,0,0,0,0,0,0
13.1775656,-0.766900957,0,0.86,-0.86,3,0.110969494,-0.35895825,0,0,241.617453,0,0.332908481,0,0,0,0,0,0,0,0,0
13.2709389,-0.732452869,0,0.86,-0.86,3,0.109262169,-0.347999206,0,0,241.716978,0,0.327786507,0,0,0,0,0,0,0,0,0
13.3646812,-0.699022114,0,0.86,-0.86,3,0.107554849,-0.33721007,0,0,241.816504,0,0.322664548,0,0,0,0,0,0,0,0,0
13.4587765,-0.666596711,0,0.86,-0.86,3,0.105847534,-0.326590841,0,0,241.916029,0,0.317542602,0,0,0,0,0,0,0,0,0
13.5532084,-0.63516432,0,0.86,-0.86,3,0.104140223,-0.31614152,0,0,242.015555,0,0.31242067,0,0,0,0,0,0,0,0,0
13.6479607,-0.604712307,0,0.86,-0.86,3,0.102432917,-0.305862107,0,0,242.11508,0,0.307298751,0,0,0,0,0,0,0,0,0
13.7430182,-0.575227857,0,0.86,-0.86,3,0.100725615,-0.295752601,0,0,242.214605,0,0.302176846,0,0,0,0,0,0,0,0,0
13.8383665,-0.546697736,0,0.86,-0.86,3,0.0990183179,-0.285813003,0,0,242.314131,0,0.297054954,0,0,0,0,0,0,0,0,0
13.9339914,-0.519108593,0,0.86,-0.86,3,0.0973110248,-0.276043312,0,0,242.413656,0,0.291933074,0,0,0,0,0,0,0,0,0
14.0298796,-0.49244684,0,0.86,-0.86,3,0.0956037359,-0.26644353,0,0,242.513182,0,0.286811208,0,0,0,0,0,0,0,0,0
14.1260166,-0.466698647,0,0.86,-0.86,3,0.0938964511,-0.257013655,0,0,242.612707,0,0.281689353,0,0,0,0,0,0,0,0,0
14.2223902,-0.441849947,0,0.86,-0.86,3,0.0921891704,-0.247753687,0,0,242.712233,0,0.276567511,0,0,0,0,0,0,0,0,0
14.3189878,-0.417886496,0,0.86,-0.86,3,0.0904818937,-0.238663627,0,0,242.811758,0,0.271445681,0,0,0,0,0,0,0,0,0
14.4157972,-0.394793868,0,0.86,-0.86,3,0.0887746209,-0.229743475,0,0,242.911284,0,0.266323863,0,0,0,0,0,0,0,0,0
14.5128069,-0.372557491,0,0.86,-0.86,3,0.087067352,-0.220993231,0,0,243.010809,0,0.261202056,0,0,0,0,0,0,0,0,0
14.6100054,-0.351162523,0,0.86,-0.86,3,0.0853600868,-0.212412894,0,0,243.110335,0,0.25608026,0,0,0,0,0,0,0,0,0
14.7073832,-0.330594063,0,0.86,-0.86,3,0.0836528253,-0.204002465,0,0,243.209861,0,0.250958476,0,0,0,0,0,0,0,0,0
14.8049278,-0.31083703,0,0.86,-0.86,3,0.0819455674,-0.195761943,0,0,243.309386,0,0.245836702,0,0,0,0,0,0,0,0,0
14.9026308,-0.291876137,0,0.86,-0.86,3,0.0802383131,-0.187691329,0,0,243.408912,0,0.240714939,0,0,0,0,0,0,0,0,0
15.0004816,-0.273696095,0,0.86,-0.86,3,0.0785310622,-0.179790623,0,0,243.508437,0,0.235593187,0,0,0,0,0,0,0,0,0
15.0984716,-0.256281376,0,0.86,-0.86,3,0.0768238148,-0.172059824,0,0,243.607963,0,0.230471444,0,0,0,0,0,0,0,0,0
15.1965923,-0.239616364,0,0.86,-0.86,3,0.0751165707,-0.164498934,0,0,243.707489,0,0.225349712,0,0,0,0,0,0,0,0,0
15.2948341,-0.223685354,0,0.86,-0.86,3,0.0734093298,-0.15710795,0,0,243.807014,0,0.220227989,0,0,0,0,0,0,0,0,0
15.3931904,-0.20847252,0,0.86,-0.86,3,0.0717020921,-0.149886875,0,0,243.90654,0,0.215106276,0,0,0,0,0,0,0,0,0
15.4916525,-0.193961948,0,0.86,-0.86,3,0.0699948575,-0.142835707,0,0,244.006066,0,0.209984573,0,0,0,0,0,0,0,0,0
15.5902138,-0.180137634,0,0.86,-0.86,3,0.068287626,-0.135954447,0,0,244.105591,0,0.204862878,0,0,0,0,0,0,0,0,0
15.6888666,-0.166983485,0,0.86,-0.86,3,0.0665803974,-0.129243094,0,0,244.205117,0,0.199741192,0,0,0,0,0,0,0,0,0
15.7876034,-0.154483318,0,0.86,-0.86,3,0.0648731716,-0.122701649,0,0,244.304643,0,0.194619515,0,0,0,0,0,0,0,0,0
15.8864202,-0.142620921,0,0.86,-0.86,3,0.0631659487,-0.116330112,0,0,244.404168,0,0.189497846,0,0,0,0,0,0,0,0,0
15.9853086,-0.131379962,0,0.86,-0.86,3,0.0614587286,-0.110128482,0,0,244.503694,0,0.184376186,0,0,0,0,0,0,0,0,0
16.0842648,-0.120744072,0,0.86,-0.86,3,0.059751511,-0.10409676,0,0,244.60322,0,0.179254533,0,0,0,0,0,0,0,0,0
16.1832809,-0.110696837,0,0.86,-0.86,3,0.0580442961,-0.0982349459,0,0,244.702745,0,0.174132888,0,0,0,0,0,0,0,0,0
16.2823563,-0.101221777,0,0.86,-0.86,3,0.0563370837,-0.0925430393,0,0,244.802271,0,0.169011251,0,0,0,0,0,0,0,0,0
16.3814812,-0.0923023671,0,0.86,-0.86,3,0.0546298737,-0.0870210403,0,0,244.901797,0,0.163889621,0,0,0,0,0,0,0,0,0
16.4806538,-0.0839220285,0,0.86,-0.86,3,0.0529226661,-0.081668949,0,0,245.001323,0,0.158767998,0,0,0,0,0,0,0,0,0
16.5798683,-0.076064162,0,0.86,-0.86,3,0.0512154608,-0.0764867653,0,0,245.100848,0,0.153646382,0,0,0,0,0,0,0,0,0
16.6791229,-0.0687121153,0,0.86,-0.86,3,0.0495082577,-0.0714744893,0,0,245.200374,0,0.148524773,0,0,0,0,0,0,0,0,0
16.77841,-0.0618492067,0,0.86,-0.86,3,0.0478010567,-0.066632121,0,0,245.2999,0,0.14340317,0,0,0,0,0,0,0,0,0
16.8777313,-0.0554587357,0,0.86,-0.86,3,0.0460938578,-0.0619596603,0,0,245.399426,0,0.138281573,0,0,0,0,0,0,0,0,0
16.9770794,-0.0495239645,0,0.86,-0.86,3,0.0443866609,-0.0574571073,0,0,245.498951,0,0.133159983,0,0,0,0,0,0,0,0,0
17.0764542,-0.0440281294,0,0.86,-0.86,3,0.0426794659,-0.053124462,0,0,245.598477,0,0.128038398,0,0,0,0,0,0,0,0,0
17.1758499,-0.0389544517,0,0.86,-0.86,3,0.0409722728,-0.0489617243,0,0,245.698003,0,0.122916818,0,0,0,0,0,0,0,0,0
17.2752666,-0.0342861339,0,0.86,-0.86,3,0.0392650815,-0.0449688942,0,0,245.797529,0,0.117795244,0,0,0,0,0,0,0,0,0
17.3747005,-0.0300063565,0,0.86,-0.86,3,0.0375578918,-0.0411459719,0,0,245.897055,0,0.112673675,0,0,0,0,0,0,0,0,0
17.4741497,-0.0260982867,0,0.86,-0.86,3,0.0358507038,-0.0374929572,0,0,245.99658,0,0.107552111,0,0,0,0,0,0,0,0,0
17.5736122,-0.0225450825,0,0.86,-0.86,3,0.0341435173,-0.0340098501,0,0,246.096106,0,0.102430552,0,0,0,0,0,0,0,0,0
17.6730862,-0.019329885,0,0.86,-0.86,3,0.0324363323,-0.0306966507,0,0,246.195632,0,0.097308997,0,0,0,0,0,0,0,0,0
17.7725697,-0.0164358318,0,0.86,-0.86,3,0.0307291487,-0.027553359,0,0,246.295158,0,0.0921874462,0,0,0,0,0,0,0,0,0
17.8720608,-0.0138460444,0,0.86,-0.86,3,0.0290219665,-0.0245799749,0,0,246.394684,0,0.0870658994,0,0,0,0,0,0,0,0,0
17.9715614,-0.0115436446,0,0.86,-0.86,3,0.0273147855,-0.0217764985,0,0,246.49421,0,0.0819443564,0,0,0,0,0,0,0,0,0
18.0710659,-0.00951174274,0,0.86,-0.86,3,0.0256076056,-0.0191429298,0,0,246.593735,0,0.0768228169,0,0,0,0,0,0,0,0,0
18.1705761,-0.00773344794,0,0.86,-0.86,3,0.0239004269,-0.0166792687,0,0,246.693261,0,0.0717012808,0,0,0,0,0,0,0,0,0
18.2700901,-0.00619186275,0,0.86,-0.86,3,0.0221932493,-0.0143855153,0,0,246.792787,0,0.0665797478,0,0,0,0,0,0,0,0,0
18.369606,-0.00487008737,0,0.86,-0.86,3,0.0204860725,-0.0122616695,0,0,246.892313,0,0.0614582176,0,0,0,0,0,0,0,0,0
18.4691257,-0.00375121925,0,0.86,-0.86,3,0.0187788967,-0.0103077314,0,0,246.991839,0,0.0563366901,0,0,0,0,0,0,0,0,0
18.5686474,-0.00281835324,0,0.86,-0.86,3,0.0170717217,-0.00852370099,0,0,247.091365,0,0.0512151651,0,0,0,0,0,0,0,0,0
18.6681709,-0.00205458305,0,0.86,-0.86,3,0.0153645474,-0.00690957821,0,0,247.19089,0,0.0460936423,0,0,0,0,0,0,0,0,0
18.7676945,-0.00144300121,0,0.86,-0.86,3,0.0136573738,-0.00546536309,0,0,247.290416,0,0.0409721214,0,0,0,0,0,0,0,0,0
18.8672199,-0.000966698921,0,0.86,-0.86,3,0.0119502008,-0.00419105563,0,0,247.389942,0,0.0358506024,0,0,0,0,0,0,0,0,0
18.9667454,-0.000608767034,0,0.86,-0.86,3,0.0102430283,-0.00308665584,0,0,247.489468,0,0.0307290849,0,0,0,0,0,0,0,0,0
19.0662708,-0.000352295872,0,0.86,-0.86,3,0.00853585623,-0.0021521637,0,0,247.588994,0,0.0256075687,0,0,0,0,0,0,0,0,0
19.1657963,-0.000180375515,0,0.86,-0.86,3,0.00682868454,-0.00138757923,0,0,247.68852,0,0.0204860536,0,0,0,0,0,0,0,0,0
19.2653217,-7.60959301e-05,0,0.86,-0.86,3,0.00512151314,-0.000792902417,0,0,247.788046,0,0.0153645394,0,0,0,0,0,0,0,0,0
19.3648472,-2.25469412e-05,0,0.86,-0.86,3,0.00341434197,-0.000368133265,0,0,247.887571,0,0.0102430259,0,0,0,0,0,0,0,0,0
19.4643726,-2.81836788e-06,0,0.86,-0.86,3,0.00170717095,-0.000113271774,0,0,247.987097,0,0.00512151285,0,0,0,0,0,0,0,0,0
19.5639,-0.0,0,0.86,-0.86,3,0.000284285149,-1.41468727e-05,0,0,248.086623,0,0.000852855447,0,0,0,0,0,0,0,0,0
19.6635952,0.0,0,0.86,-0.86,2.9765625,0,0,0,0,248.186319,0,0,0,0,0,0,0,0,0,0,0
19.7632904,0.0,0,0.86,-0.86,2.953125,0,0,0,0,248.286015,0,0,0,0,0,0,0,0,0,0,0
19.8629875,0.0,0,0.86,-0.86,2.9296875,0,0,0,0,248.385711,0,0,0,0,0,0,0,0,0,0,0
19.9626827,0.0,0,0.86,-0.86,2.90625,0,0,0,0,248.485408,0,0,0,0,0,0,0,0,0,0,0
20.0623798,0.0,0,0.86,-0.86,2.8828125,0,0,0,0,248.585104,0,0,0,0,0,0,0,0,0,0,0
20.162075,0.0,0,0.86,-0.86,2.859375,0,0,0,0,248.6848,0,0,0,0,0,0,0,0,0,0,0
20.2617722,0.0,0,0.86,-0.86,2.8359375,0,0,0,0,248.784496,0,0,0,0,0,0,0,0,0,0,0
20.3614674,0.0,0,0.86,-0.86,2.8125,0,0,0,0,248.884192,0,0,0,0,0,0,0,0,0,0,0
20.4611645,0.0,0,0.86,-0.86,2.7890625,-0,0,0,0,248.983888,0,-0,0,0,0,0,0,0,0,0,0
20.5608597,0.0,0,0.86,-0.86,2.765625,0,0,0,0,249.083584,0,0,0,0,0,0,0,0,0,0,0
20.6605568,0.0,0,0.86,-0.86,2.7421875,0,0,0,0,249.18328,0,0,0,0,0,0,0,0,0,0,0
20.760252,0.0,0,0.86,-0.86,2.71875,0,0,0,0,249.282976,0,0,0,0,0,0,0,0,0,0,0
20.8599491,0.0,0,0.86,-0.86,2.6953125,0,0,0,0,249.382673,0,0,0,0,0,0,0,0,0,0,0
20.9596443,0.0,0,0.86,-0.86,2.671875,0,0,0,0,249.482369,0,0,0,0,0,0,0,0,0,0,0
21.0593414,0.0,0,0.86,-0.86,2.6484375,0,0,0,0,249.582065,0,0,0,0,0,0,0,0,0,0,0
21.1590366,0.0,0,0.86,-0.86,2.625,0,0,0,0,249.681761,0,0,0,0,0,0,0,0,0,0,0
21.2587337,0.0,0,0.86,-0.86,2.6015625,0,0,0,0,249.781457,0,0,0,0,0,0,0,0,0,0,0
21.358429,0.0,0,0.86,-0.86,2.578125,0,0,0,0,249.881153,0,0,0,0,0,0,0,0,0,0,0
21.4581242,0.0,0,0.86,-0.86,2.5546875,0,0,0,0,249.980849,0,0,0,0,0,0,0,0,0,0,0
21.5578213,0.0,0,0.86,-0.86,2.53125,0,0,0,0,250.080545,0,0,0,0,0,0,0,0,0,0,0
21.6575165,0.0,0,0.86,-0.86,2.5078125,0,0,0,0,250.180241,0,0,0,0,0,0,0,0,0,0,0
21.7572136,0.0,0,0.86,-0.86,2.484375,0,0,0,0,250.279937,0,0,0,0,0,0,0,0,0,0,0
21.8569088,0.0,0,0.86,-0.86,2.4609375,0,0,0,0,250.379634,0,0,0,0,0,0,0,0,0,0,0
21.9566059,0.0,0,0.86,-0.86,2.4375,-0,0,0,0,250.47933,0,-0,0,0,0,0,0,0,0,0,0
22.0563011,0.0,0,0.86,-0.86,2.4140625,0,0,0,0,250.579026,0,0,0,0,0,0,0,0,0,0,0
22.1559982,0.0,0,0.86,-0.86,2.390625,-0,0,0,0,250.678722,0,-0,0,0,0,0,0,0,0,0,0
22.2556934,0.0,0,0.86,-0.86,2.3671875,0,0,0,0,250.778418,0,0,0,0,0,0,0,0,0,0,0
22.3553905,0.0,0,0.86,-0.86,2.34375,0,0,0,0,250.878114,0,0,0,0,0,0,0,0,0,0,0
22.4550858,0.0,0,0.86,-0.86,2.3203125,0,0,0,0,250.97781,0,0,0,0,0,0,0,0,0,0,0
22.5547829,0.0,0,0.86,-0.86,2.296875,0,0,0,0,251.077506,0,0,0,0,0,0,0,0,0,0,0
22.6544781,0.0,0,0.86,-0.86,2.2734375,0,0,0,0,251.177202,0,0,0,0,0,0,0,0,0,0,0
22.7541752,0.0,0,0.86,-0.86,2.25,0,0,0,0,251.276898,0,0,0,0,0,0,0,0,0,0,0
22.8538704,0.0,0,0.86,-0.86,2.2265625,0,0,0,0,251.376595,0,0,0,0,0,0,0,0,0,0,0
22.9535656,0.0,0,0.86,-0.86,2.203125,0,0,0,0,251.476291,0,0,0,0,0,0,0,0,0,0,0
23.0532627,0.0,0,0.86,-0.86,2.1796875,0,0,0,0,251.575987,0,0,0,0,0,0,0,0,0,0,0
23.1529579,0.0,0,0.86,-0.86,2.15625,0,0,0,0,251.675683,0,0,0,0,0,0,0,0,0,0,0
23.252655,0.0,0,0.86,-0.86,2.1328125,0,0,0,0,251.775379,0,0,0,0,0,0,0,0,0,0,0
23.3523502,0.0,0,0.86,-0.86,2.109375,0,0,0,0,251.875075,0,0,0,0,0,0,0,0,0,0,0
23.4520473,0.0,0,0.86,-0.86,2.0859375,-0,0,0,0,251.974771,0,-0,0,0,0,0,0,0,0,0,0
23.5517426,0.0,0,0.86,-0.86,2.0625,0,0,0,0,252.074467,0,0,0,0,0,0,0,0,0,0,0
23.6514397,0.0,0,0.86,-0.86,2.0390625,-0,0,0,0,252.174163,0,-0,0,0,0,0,0,0,0,0,0
23.7511349,0.0,0,0.86,-0.86,2.015625,0,0,0,0,252.273859,0,0,0,0,0,0,0,0,0,0,0
23.850832,0.0,0,0.86,-0.86,1.9921875,-0,0,0,0,252.373556,0,-0,0,0,0,0,0,0,0,0,0
23.9505272,0.0,0,0.86,-0.86,1.96875,0,0,0,0,252.473252,0,0,0,0,0,0,0,0,0,0,0
24.0502243,0.0,0,0.86,-0.86,1.9453125,0,0,0,0,252.572948,0,0,0,0,0,0,0,0,0,0,0
24.1499195,0.0,0,0.86,-0.86,1.921875,0,0,0,0,252.672644,0,0,0,0,0,0,0,0,0,0,0
24.2496166,0.0,0,0.86,-0.86,1.8984375,0,0,0,0,252.77234,0,0,0,0,0,0,0,0,0,0,0
24.3493118,0.0,0,0.86,-0.86,1.875,0,0,0,0,252.872036,0,0,0,0,0,0,0,0,0,0,0
24.4490089,0.0,0,0.86,-0.86,1.8515625,0,0,0,0,252.971732,0,0,0,0,0,0,0,0,0,0,0
24.5487041,0.0,0,0.86,-0.86,1.828125,0,0,0,0,253.071428,0,0,0,0,0,0,0,0,0,0,0
24.6483994,0.0,0,0.86,-0.86,1.8046875,0,0,0,0,253.171124,0,0,0,0,0,0,0,0,0,0,0
24.7480965,0.0,0,0.86,-0.86,1.78125,0,0,0,0,253.27082,0,0,0,0,0,0,0,0,0,0,0
24.8477917,0.0,0,0.86,-0.86,1.7578125,0,0,0,0,253.370517,0,0,0,0,0,0,0,0,0,0,0
24.9474888,0.0,0,0.86,-0.86,1.734375,-0,0,0,0,253.470213,0,-0,0,0,0,0,0,0,0,0,0
25.047184,0.0,0,0.86,-0.86,1.7109375,0,0,0,0,253.569909,0,0,0,0,0,0,0,0,0,0,0
25.1468811,0.0,0,0.86,-0.86,1.6875,-0,0,0,0,253.669605,0,-0,0,0,0,0,0,0,0,0,0
25.2465763,0.0,0,0.86,-0.86,1.6640625,0,0,0,0,253.769301,0,0,0,0,0,0,0,0,0,0,0
25.3462734,0.0,0,0.86,-0.86,1.640625,-0,0,0,0,253.868997,0,-0,0,0,0,0,0,0,0,0,0
25.4459686,0.0,0,0.86,-0.86,1.6171875,0,0,0,0,253.968693,0,0,0,0,0,0,0,0,0,0,0
25.5456657,0.0,0,0.86,-0.86,1.59375,0,0,0,0,254.068389,0,0,0,0,0,0,0,0,0,0,0
25.6453609,0.0,0,0.86,-0.86,1.5703125,0,0,0,0,254.168085,0,0,0,0,0,0,0,0,0,0,0
25.7450581,0.0,0,0.86,-0.86,1.546875,0,0,0,0,254.267781,0,0,0,0,0,0,0,0,0,0,0
25.8447533,0.0,0,0.86,-0.86,1.5234375,0,0,0,0,254.367478,0,0,0,0,0,0,0,0,0,0,0
25.9444504,0.0,0,0.86,-0.86,1.5,0,0,0,0,254.467174,0,0,0,0,0,0,0,0,0,0,0
26.0441456,0.0,0,0.86,-0.86,1.4765625,0,0,0,0,254.56687,0,0,0,0,0,0,0,0,0,0,0
26.1438427,0.0,0,0.86,-0.86,1.453125,0,0,0,0,254.666566,0,0,0,0,0,0,0,0,0,0,0
26.2435379,0.0,0,0.86,-0.86,1.4296875,0,0,0,0,254.766262,0,0,0,0,0,0,0,0,0,0,0
26.3432331,0.0,0,0.86,-0.86,1.40625,0,0,0,0,254.865958,0,0,0,0,0,0,0,0,0,0,0
26.4429302,0.0,0,0.86,-0.86,1.3828125,0,0,0,0,254.965654,0,0,0,0,0,0,0,0,0,0,0
26.5426254,0.0,0,0.86,-0.86,1.359375,0,0,0,0,255.06535,0,0,0,0,0,0,0,0,0,0,0
26.6423225,0.0,0,0.86,-0.86,1.3359375,-0,0,0,0,255.165046,0,-0,0,0,0,0,0,0,0,0,0
26.7420177,0.0,0,0.86,-0.86,1.3125,0,0,0,0,255.264742,0,0,0,0,0,0,0,0,0,0,0
26.8417149,0.0,0,0.86,-0.86,1.2890625,-0,0,0,0,255.364439,0,-0,0,0,0,0,0,0,0,0,0
26.9414101,0.0,0,0.86,-0.86,1.265625,0,0,0,0,255.464135,0,0,0,0,0,0,0,0,0,0,0
27.0411072,0.0,0,0.86,-0.86,1.2421875,-0,0,0,0,255.563831,0,-0,0,0,0,0,0,0,0,0,0
27.1408024,0.0,0,0.86,-0.86,1.21875,0,0,0,0,255.663527,0,0,0,0,0,0,0,0,0,0,0
27.2404995,0.0,0,0.86,-0.86,1.1953125,0,0,0,0,255.763223,0,0,0,0,0,0,0,0,0,0,0
27.3401947,0.0,0,0.86,-0.86,1.171875,0,0,0,0,255.862919,0,0,0,0,0,0,0,0,0,0,0
27.4398918,0.0,0,0.86,-0.86,1.1484375,0,0,0,0,255.962615,0,0,0,0,0,0,0,0,0,0,0
27.539587,0.0,0,0.86,-0.86,1.125,0,0,0,0,256.062311,0,0,0,0,0,0,0,0,0,0,0
27.6392841,0.0,0,0.86,-0.86,1.1015625,0,0,0,0,256.162007,0,0,0,0,0,0,0,0,0,0,0
27.7389793,0.0,0,0.86,-0.86,1.078125,0,0,0,0,256.261703,0,0,0,0,0,0,0,0,0,0,0
27.8386745,0.0,0,0.86,-0.86,1.0546875,0,0,0,0,256.3614,0,0,0,0,0,0,0,0,0,0,0
27.9383717,0.0,0,0.86,-0.86,1.03125,0,0,0,0,256.461096,0,0,0,0,0,0,0,0,0,0,0
28.0380669,0.0,0,0.86,-0.86,1.0078125,0,0,0,0,256.560792,0,0,0,0,0,0,0,0,0,0,0
28.137764,0.0,0,0.86,-0.86,0.984375,-0,0,0,0,256.660488,0,-0,0,0,0,0,0,0,0,0,0
28.2374592,0.0,0,0.86,-0.86,0.9609375,0,0,0,0,256.760184,0,0,0,0,0,0,0,0,0,0,0
28.3371563,0.0,0,0.86,-0.86,0.9375,-0,0,0,0,256.85988,0,-0,0,0,0,0,0,0,0,0,0
28.4368515,0.0,0,0.86,-0.86,0.9140625,0,0,0,0,256.959576,0,0,0,0,0,0,0,0,0,0,0
28.5365486,0.0,0,0.86,-0.86,0.890625,-0,0,0,0,257.059272,0,-0,0,0,0,0,0,0,0,0,0
28.6362438,0.0,0,0.86,-0.86,0.8671875,0,0,0,0,257.158968,0,0,0,0,0,0,0,0,0,0,0
28.7359409,0.0,0,0.86,-0.86,0.84375,-0,0,0,0,257.258664,0,-0,0,0,0,0,0,0,0,0,0
28.8356361,0.0,0,0.86,-0.86,0.8203125,0,0,0,0,257.358361,0,0,0,0,0,0,0,0,0,0,0
28.9353333,0.0,0,0.86,-0.86,0.796875,0,0,0,0,257.458057,0,0,0,0,0,0,0,0,0,0,0
29.0350285,0.0,0,0.86,-0.86,0.7734375,0,0,0,0,257.557753,0,0,0,0,0,0,0,0,0,0,0
29.1347256,0.0,0,0.86,-0.86,0.75,0,0,0,0,257.657449,0,0,0,0,0,0,0,0,0,0,0
29.2344208,0.0,0,0.86,-0.86,0.7265625,0,0,0,0,257.757145,0,0,0,0,0,0,0,0,0,0,0
29.3341179,0.0,0,0.86,-0.86,0.703125,0,0,0,0,257.856841,0,0,0,0,0,0,0,0,0,0,0
29.4338131,0.0,0,0.86,-0.86,0.6796875,0,0,0,0,257.956537,0,0,0,0,0,0,0,0,0,0,0
29.5335083,0.0,0,0.86,-0.86,0.65625,0,0,0,0,258.056233,0,0,0,0,0,0,0,0,0,0,0
29.6332054,0.0,0,0.86,-0.86,0.6328125,-0,0,0,0,258.155929,0,-0,0,0,0,0,0,0,0,0,0
29.7329006,0.0,0,0.86,-0.86,0.609375,0,0,0,0,258.255625,0,0,0,0,0,0,0,0,0,0,0
29.8325977,0.0,0,0.86,-0.86,0.5859375,-0,0,0,0,258.355322,0,-0,0,0,0,0,0,0,0,0,0
29.9322929,0.0,0,0.86,-0.86,0.5625,0,0,0,0,258.455018,0,0,0,0,0,0,0,0,0,0,0
30.0319901,0.0,0,0.86,-0.86,0.5390625,-0,0,0,0,258.554714,0,-0,0,0,0,0,0,0,0,0,0
30.1316853,0.0,0,0.86,-0.86,0.515625,0,0,0,0,258.65441,0,0,0,0,0,0,0,0,0,0,0
30.2313824,0.0,0,0.86,-0.86,0.4921875,-0,0,0,0,258.754106,0,-0,0,0,0,0,0,0,0,0,0
30.3310776,0.0,0,0.86,-0.86,0.46875,0,0,0,0,258.853802,0,0,0,0,0,0,0,0,0,0,0
30.4307747,0.0,0,0.86,-0.86,0.4453125,0,0,0,0,258.953498,0,0,0,0,0,0,0,0,0,0,0
30.5304699,0.0,0,0.86,-0.86,0.421875,0,0,0,0,259.053194,0,0,0,0,0,0,0,0,0,0,0
30.630167,0.0,0,0.86,-0.86,0.3984375,0,0,0,0,259.15289,0,0,0,0,0,0,0,0,0,0,0
30.7298622,0.0,0,0.86,-0.86,0.375,0,0,0,0,259.252586,0,0,0,0,0,0,0,0,0,0,0
30.8295593,0.0,0,0.86,-0.86,0.3515625,0,0,0,0,259.352283,0,0,0,0,0,0,0,0,0,0,0
30.9292545,0.0,0,0.86,-0.86,0.328125,0,0,0,0,259.451979,0,0,0,0,0,0,0,0,0,0,0
31.0289497,0.0,0,0.86,-0.86,0.3046875,0,0,0,0,259.551675,0,0,0,0,0,0,0,0,0,0,0
31.1286469,0.0,0,0.86,-0.86,0.28125,0,0,0,0,259.651371,0,0,0,0,0,0,0,0,0,0,0
31.2283421,0.0,0,0.86,-0.86,0.2578125,0,0,0,0,259.751067,0,0,0,0,0,0,0,0,0,0,0
31.3280392,0.0,0,0.86,-0.86,0.234375,-0,0,0,0,259.850763,0,-0,0,0,0,0,0,0,0,0,0
31.4277344,0.0,0,0.86,-0.86,0.2109375,0,0,0,0,259.950459,0,0,0,0,0,0,0,0,0,0,0
31.5274315,0.0,0,0.86,-0.86,0.1875,-0,0,0,0,260.050155,0,-0,0,0,0,0,0,0,0,0,0
31.6271267,0.0,0,0.86,-0.86,0.1640625,0,0,0,0,260.149851,0,0,0,0,0,0,0,0,0,0,0
31.7268238,0.0,0,0.86,-0.86,0.140625,-0,0,0,0,260.249547,0,-0,0,0,0,0,0,0,0,0,0
31.826519,0.0,0,0.86,-0.86,0.1171875,0,0,0,0,260.349244,0,0,0,0,0,0,0,0,0,0,0
31.9262161,0.0,0,0.86,-0.86,0.09375,0,0,0,0,260.44894,0,0,0,0,0,0,0,0,0,0,0
32.0259132,0.0,0,0.86,-0.86,0.0703125,-0,0,0,0,260.548636,0,-0,0,0,0,0,0,0,0,0,0
32.1256065,0.0,0,0.86,-0.86,0.046875,0,0,0,0,260.648332,0,0,0,0,0,0,0,0,0,0,0
32.2253036,0.0,0,0.86,-0.86,0.0234375,0,0,0,0,260.748028,0,0,0,0,0,0,0,0,0,0,0
32.3250008,0.0,0,0.86,-0.86,0,0,0,0,0,260.847724,0,0,0,0,0,0,0,0,0,0,0
